call_id,dealer_id,outcome,duration_seconds,call_at
1,42,voicemail,213,2025-11-29 10:10:00
2,58,missed,814,2025-06-20 11:21:00
3,2,missed,201,2025-04-05 15:59:00
4,29,voicemail,670,2025-05-14 17:00:00
5,13,connected,518,2025-04-28 09:14:00
6,60,missed,362,2025-09-02 16:56:00
7,32,voicemail,760,2025-12-18 13:08:00
8,11,voicemail,884,2025-04-04 18:56:00
9,41,connected,755,2025-12-08 08:02:00
10,47,connected,168,2025-06-06 11:42:00
11,18,missed,63,2025-03-10 11:14:00
12,44,connected,230,2025-10-07 16:19:00
13,24,connected,48,2025-04-18 08:08:00
14,7,voicemail,436,2025-06-10 11:34:00
15,13,connected,594,2025-07-26 12:40:00
16,49,connected,361,2025-04-07 16:24:00
17,47,missed,646,2025-11-15 09:38:00
18,37,connected,343,2025-09-03 19:07:00
19,54,voicemail,332,2025-04-23 12:51:00
20,21,connected,180,2025-06-14 17:24:00
21,32,connected,888,2025-09-12 13:37:00
22,20,connected,105,2025-03-21 16:41:00
23,35,voicemail,126,2025-09-26 14:26:00
24,26,connected,321,2025-04-28 10:50:00
25,33,voicemail,114,2025-01-18 13:16:00
26,47,connected,191,2025-02-27 12:38:00
27,51,connected,789,2025-08-26 13:43:00
28,17,voicemail,87,2025-12-08 18:59:00
29,44,missed,453,2025-05-14 13:41:00
30,18,connected,112,2025-09-10 10:59:00
31,28,voicemail,837,2025-09-05 18:46:00
32,18,missed,484,2025-11-02 13:51:00
33,15,connected,540,2025-06-28 11:16:00
34,60,connected,856,2025-07-07 17:13:00
35,15,voicemail,348,2025-06-04 14:54:00
36,22,connected,559,2025-02-25 10:09:00
37,46,missed,623,2025-04-20 12:31:00
38,26,connected,452,2025-01-19 15:26:00
39,48,voicemail,458,2025-07-06 09:10:00
40,18,missed,714,2025-10-17 11:14:00
41,50,connected,334,2025-06-02 14:31:00
42,52,missed,610,2025-10-24 19:47:00
43,50,connected,168,2025-04-15 13:43:00
44,11,connected,308,2025-11-11 18:38:00
45,15,missed,786,2025-08-31 13:40:00
46,42,connected,63,2025-12-03 16:59:00
47,15,voicemail,97,2025-02-13 19:25:00
48,45,connected,473,2025-12-04 19:16:00
49,57,voicemail,473,2025-05-15 16:27:00
50,54,missed,219,2025-09-27 10:00:00
51,30,connected,114,2025-02-02 14:39:00
52,17,missed,694,2025-05-09 16:09:00
53,26,connected,700,2025-11-05 09:32:00
54,46,voicemail,745,2025-08-28 09:21:00
55,15,voicemail,488,2025-10-20 12:52:00
56,2,voicemail,94,2025-06-29 17:04:00
57,38,voicemail,750,2025-10-27 19:38:00
58,35,connected,822,2025-11-21 09:54:00
59,8,connected,414,2025-09-04 09:19:00
60,9,missed,332,2025-03-14 08:18:00
61,23,missed,869,2025-02-11 10:33:00
62,44,missed,881,2025-06-18 16:36:00
63,42,voicemail,45,2025-04-22 16:07:00
64,4,connected,714,2025-05-01 12:14:00
65,59,voicemail,134,2025-02-14 08:01:00
66,20,missed,198,2025-11-27 12:25:00
67,3,missed,169,2025-03-03 16:40:00
68,23,voicemail,598,2025-05-13 17:46:00
69,52,connected,197,2025-11-24 14:49:00
70,56,connected,357,2025-04-27 08:32:00
71,5,voicemail,462,2025-01-05 15:53:00
72,4,missed,807,2025-05-18 10:47:00
73,38,missed,474,2025-07-03 17:01:00
74,14,connected,62,2025-06-14 14:17:00
75,10,connected,242,2025-12-01 13:36:00
76,55,connected,560,2025-09-14 16:58:00
77,32,missed,693,2025-07-23 09:34:00
78,46,connected,798,2025-08-03 16:44:00
79,60,connected,194,2025-05-25 09:09:00
80,16,voicemail,50,2025-05-25 13:38:00
81,58,connected,526,2025-11-26 08:45:00
82,26,connected,246,2025-03-16 13:08:00
83,26,voicemail,824,2025-05-19 11:24:00
84,6,connected,545,2025-02-26 16:30:00
85,4,connected,879,2025-06-14 14:10:00
86,54,connected,524,2025-11-14 19:23:00
87,59,connected,60,2025-06-04 19:51:00
88,4,connected,436,2025-10-19 09:17:00
89,25,voicemail,541,2025-10-21 11:51:00
90,51,missed,660,2025-09-20 13:25:00
91,47,connected,840,2025-01-23 14:32:00
92,22,missed,438,2025-10-11 15:50:00
93,29,voicemail,251,2025-09-27 19:08:00
94,20,connected,359,2025-11-13 11:39:00
95,14,connected,415,2025-01-22 09:55:00
96,40,voicemail,143,2025-10-20 14:46:00
97,2,voicemail,719,2025-05-07 19:25:00
98,8,connected,463,2025-11-20 18:50:00
99,19,missed,874,2025-03-09 19:12:00
100,56,connected,475,2025-07-21 19:33:00
101,1,connected,96,2025-12-12 15:04:00
102,36,connected,572,2025-08-10 08:29:00
103,19,voicemail,721,2025-07-26 10:02:00
104,17,connected,349,2025-07-31 14:20:00
105,28,connected,409,2025-07-19 19:48:00
106,14,connected,737,2025-07-20 16:42:00
107,49,connected,648,2025-02-28 10:50:00
108,43,missed,230,2025-03-13 08:57:00
109,19,connected,251,2025-04-04 15:38:00
110,48,connected,205,2025-10-20 08:19:00
111,42,connected,748,2025-10-03 19:13:00
112,32,missed,109,2025-01-24 10:14:00
113,13,voicemail,868,2025-06-21 19:36:00
114,52,voicemail,659,2025-04-22 15:45:00
115,48,voicemail,97,2025-06-27 10:38:00
116,9,missed,650,2025-10-29 10:39:00
117,10,connected,229,2025-01-13 15:00:00
118,48,connected,500,2025-05-27 12:45:00
119,1,voicemail,344,2025-12-05 08:59:00
120,47,voicemail,631,2025-08-30 18:05:00
121,60,missed,633,2025-02-11 10:34:00
122,9,missed,436,2025-04-11 17:27:00
123,48,voicemail,574,2025-06-09 10:49:00
124,28,connected,259,2025-10-15 16:00:00
125,45,voicemail,238,2025-01-10 11:35:00
126,13,missed,782,2025-05-01 15:47:00
127,50,missed,429,2025-04-12 09:19:00
128,47,connected,704,2025-02-01 14:04:00
129,39,missed,445,2025-05-28 09:57:00
130,43,connected,532,2025-06-13 09:41:00
131,5,connected,639,2025-01-06 17:18:00
132,43,voicemail,827,2025-03-19 17:11:00
133,11,connected,650,2025-05-01 15:47:00
134,33,voicemail,366,2025-10-24 19:43:00
135,34,connected,680,2025-10-25 10:02:00
136,5,missed,587,2025-01-20 17:50:00
137,34,connected,22,2025-12-19 15:10:00
138,15,voicemail,160,2025-03-17 18:57:00
139,57,missed,524,2025-12-11 12:47:00
140,29,connected,50,2025-09-23 09:39:00
141,57,connected,21,2025-06-08 16:34:00
142,14,voicemail,290,2025-06-07 12:09:00
143,22,connected,156,2025-05-08 12:38:00
144,49,connected,522,2025-06-03 16:21:00
145,36,connected,526,2025-05-15 08:09:00
146,14,connected,701,2025-10-26 18:12:00
147,6,voicemail,398,2025-01-29 15:58:00
148,5,missed,25,2025-11-02 12:41:00
149,16,connected,606,2025-10-31 19:51:00
150,12,missed,107,2025-05-03 08:42:00
151,48,missed,323,2025-03-20 10:22:00
152,3,voicemail,414,2025-06-14 11:06:00
153,4,voicemail,448,2025-07-12 16:18:00
154,19,missed,494,2025-02-03 15:50:00
155,28,missed,640,2025-12-11 14:05:00
156,45,missed,663,2025-08-29 16:28:00
157,45,voicemail,442,2025-04-06 10:46:00
158,56,connected,801,2025-01-11 17:31:00
159,24,voicemail,74,2025-10-07 09:44:00
160,58,connected,754,2025-06-08 08:33:00
161,47,connected,621,2025-03-18 18:11:00
162,14,connected,114,2025-01-25 09:30:00
163,27,connected,874,2025-10-13 13:57:00
164,8,missed,828,2025-06-13 16:32:00
165,2,connected,441,2025-01-22 08:52:00
166,24,connected,39,2025-05-21 13:53:00
167,3,connected,674,2025-09-17 17:47:00
168,22,missed,501,2025-12-03 19:58:00
169,1,connected,65,2025-05-13 12:30:00
170,14,missed,863,2025-01-12 15:35:00
171,35,connected,144,2025-08-14 14:14:00
172,11,missed,549,2025-03-26 12:18:00
173,8,connected,211,2025-04-30 13:35:00
174,42,missed,714,2025-01-28 09:03:00
175,14,voicemail,30,2025-09-03 08:09:00
176,16,connected,157,2025-04-20 11:21:00
177,52,connected,494,2025-01-13 12:42:00
178,6,connected,69,2025-07-09 16:54:00
179,56,connected,534,2025-09-29 14:54:00
180,3,connected,117,2025-05-16 12:14:00
181,22,connected,745,2025-05-24 12:37:00
182,59,voicemail,678,2025-02-27 19:32:00
183,37,missed,859,2025-03-19 13:42:00
184,21,voicemail,681,2025-08-20 14:40:00
185,19,connected,251,2025-04-30 08:17:00
186,53,connected,60,2025-01-09 18:42:00
187,54,connected,98,2025-06-23 16:07:00
188,24,connected,373,2025-12-06 11:21:00
189,1,connected,170,2025-08-09 13:53:00
190,35,connected,782,2025-12-06 17:51:00
191,39,voicemail,598,2025-05-22 18:54:00
192,50,voicemail,468,2025-05-09 11:15:00
193,14,connected,869,2025-02-04 17:55:00
194,14,connected,895,2025-09-29 13:21:00
195,26,connected,688,2025-10-10 08:54:00
196,11,connected,559,2025-03-12 08:23:00
197,13,voicemail,788,2025-10-06 15:52:00
198,44,voicemail,727,2025-12-12 10:28:00
199,39,connected,894,2025-07-09 10:49:00
200,48,connected,92,2025-05-24 16:12:00
201,44,missed,623,2025-07-09 09:16:00
202,28,voicemail,60,2025-02-28 09:46:00
203,17,voicemail,618,2025-01-21 16:59:00
204,15,connected,475,2025-05-21 15:50:00
205,5,voicemail,661,2025-12-18 08:06:00
206,48,voicemail,838,2025-01-16 19:14:00
207,50,missed,466,2025-02-26 11:19:00
208,54,voicemail,455,2025-11-07 11:11:00
209,7,connected,681,2025-07-08 11:54:00
210,40,missed,343,2025-08-26 11:06:00
211,32,connected,859,2025-06-17 16:24:00
212,7,missed,177,2025-04-05 12:01:00
213,58,voicemail,48,2025-11-25 10:20:00
214,37,connected,740,2025-04-12 13:54:00
215,35,connected,366,2025-02-12 08:40:00
216,3,connected,499,2025-04-05 19:17:00
217,1,connected,517,2025-12-10 13:41:00
218,32,voicemail,154,2025-09-22 11:22:00
219,6,voicemail,704,2025-11-18 08:45:00
220,54,missed,333,2025-03-23 10:07:00
221,41,voicemail,560,2025-06-04 19:32:00
222,20,connected,253,2025-02-07 19:17:00
223,57,connected,680,2025-05-27 17:59:00
224,12,voicemail,441,2025-09-06 17:50:00
225,54,voicemail,894,2025-04-12 10:00:00
226,23,missed,870,2025-07-08 13:47:00
227,42,connected,272,2025-08-27 13:55:00
228,46,voicemail,251,2025-04-07 08:18:00
229,15,voicemail,583,2025-05-09 09:23:00
230,58,voicemail,538,2025-10-18 10:44:00
231,25,connected,313,2025-09-22 11:15:00
232,44,missed,226,2025-09-10 09:16:00
233,41,connected,36,2025-01-06 11:01:00
234,4,connected,718,2025-10-07 08:14:00
235,39,connected,673,2025-02-16 12:00:00
236,32,connected,599,2025-06-26 15:34:00
237,51,connected,887,2025-08-12 14:58:00
238,14,connected,772,2025-05-10 19:18:00
239,15,connected,323,2025-01-31 12:59:00
240,49,missed,359,2025-11-21 13:01:00
241,51,connected,249,2025-09-21 16:09:00
242,34,connected,114,2025-11-22 14:05:00
243,15,voicemail,610,2025-08-23 13:43:00
244,33,missed,44,2025-10-02 15:14:00
245,51,missed,139,2025-03-15 12:24:00
246,15,connected,160,2025-06-28 16:19:00
247,28,missed,234,2025-09-24 18:45:00
248,59,connected,68,2025-10-06 11:55:00
249,11,connected,797,2025-04-13 10:48:00
250,9,connected,639,2025-09-04 12:15:00
251,57,connected,726,2025-03-13 12:01:00
252,11,connected,577,2025-07-14 13:39:00
253,12,connected,66,2025-05-15 10:15:00
254,47,connected,534,2025-05-07 09:32:00
255,23,connected,564,2025-11-28 19:01:00
256,53,voicemail,820,2025-06-16 09:16:00
257,16,connected,742,2025-12-04 10:30:00
258,15,voicemail,871,2025-09-07 12:57:00
259,38,voicemail,280,2025-01-24 18:17:00
260,32,connected,671,2025-02-16 09:46:00
261,13,connected,54,2025-03-15 14:09:00
262,57,voicemail,433,2025-02-06 09:14:00
263,14,connected,208,2025-06-29 19:15:00
264,31,connected,801,2025-01-31 13:20:00
265,23,connected,312,2025-12-20 18:35:00
266,8,connected,677,2025-05-16 13:29:00
267,30,connected,586,2025-12-07 08:47:00
268,29,voicemail,162,2025-05-09 18:41:00
269,60,voicemail,454,2025-04-07 14:23:00
270,9,voicemail,734,2025-09-30 09:40:00
271,17,voicemail,539,2025-02-24 10:49:00
272,29,connected,478,2025-05-23 12:23:00
273,27,missed,610,2025-06-28 18:48:00
274,39,missed,33,2025-03-18 15:27:00
275,56,missed,501,2025-04-08 19:51:00
276,15,connected,807,2025-08-01 11:23:00
277,49,connected,200,2025-04-29 09:18:00
278,26,connected,76,2025-05-05 18:55:00
279,4,missed,558,2025-11-08 11:51:00
280,2,connected,784,2025-05-12 16:59:00
281,57,connected,260,2025-07-20 09:03:00
282,12,connected,342,2025-07-26 15:18:00
283,31,voicemail,632,2025-05-16 11:25:00
284,26,connected,162,2025-09-09 09:25:00
285,2,connected,62,2025-09-24 10:58:00
286,54,voicemail,839,2025-09-17 12:49:00
287,1,connected,873,2025-11-13 18:37:00
288,14,missed,642,2025-05-17 19:56:00
289,45,connected,839,2025-07-20 17:59:00
290,13,connected,742,2025-07-06 13:55:00
291,25,missed,774,2025-03-25 13:18:00
292,10,connected,438,2025-08-02 15:54:00
293,6,connected,862,2025-09-27 18:57:00
294,11,voicemail,77,2025-07-29 09:13:00
295,28,voicemail,437,2025-02-03 14:28:00
296,15,voicemail,138,2025-04-06 19:47:00
297,42,voicemail,473,2025-08-23 13:37:00
298,18,connected,513,2025-02-04 15:47:00
299,12,voicemail,364,2025-01-13 11:57:00
300,15,voicemail,411,2025-08-15 17:50:00
301,30,connected,460,2025-11-03 10:29:00
302,26,voicemail,294,2025-03-18 11:36:00
303,27,missed,786,2025-12-04 14:14:00
304,3,missed,618,2025-01-20 16:11:00
305,14,voicemail,858,2025-04-21 19:35:00
306,38,connected,517,2025-02-09 11:42:00
307,41,missed,241,2025-07-06 17:11:00
308,5,connected,479,2025-02-25 16:57:00
309,49,voicemail,160,2025-02-22 14:41:00
310,56,connected,463,2025-10-21 11:21:00
311,48,connected,64,2025-12-11 13:54:00
312,44,voicemail,232,2025-11-23 12:19:00
313,50,connected,839,2025-07-30 08:02:00
314,40,connected,707,2025-05-31 12:29:00
315,49,voicemail,621,2025-12-07 10:37:00
316,15,connected,883,2025-11-28 18:06:00
317,25,missed,763,2025-07-30 19:39:00
318,3,connected,150,2025-10-06 17:25:00
319,35,connected,840,2025-07-16 14:46:00
320,48,connected,452,2025-09-08 11:39:00
321,25,connected,396,2025-07-17 10:30:00
322,16,connected,824,2025-07-26 15:23:00
323,24,connected,681,2025-01-06 16:17:00
324,8,missed,251,2025-04-11 16:36:00
325,4,connected,339,2025-02-20 10:50:00
326,35,connected,845,2025-11-27 18:30:00
327,39,missed,509,2025-01-07 18:58:00
328,38,connected,758,2025-12-03 16:43:00
329,26,missed,193,2025-03-05 13:26:00
330,46,connected,282,2025-02-05 08:56:00
331,11,voicemail,149,2025-10-10 16:01:00
332,10,missed,198,2025-03-29 18:19:00
333,19,connected,728,2025-07-18 14:20:00
334,6,voicemail,383,2025-08-31 16:27:00
335,26,missed,884,2025-07-29 14:22:00
336,32,connected,238,2025-01-27 16:51:00
337,34,connected,599,2025-04-13 10:12:00
338,44,connected,652,2025-09-25 17:45:00
339,8,voicemail,628,2025-04-06 09:29:00
340,26,voicemail,389,2025-05-11 15:28:00
341,57,connected,229,2025-06-01 13:36:00
342,36,missed,710,2025-05-15 18:43:00
343,57,connected,847,2025-08-22 13:19:00
344,30,connected,650,2025-03-21 10:27:00
345,18,voicemail,840,2025-07-18 10:37:00
346,27,voicemail,857,2025-08-24 12:57:00
347,31,connected,876,2025-02-26 09:44:00
348,28,connected,516,2025-07-29 11:56:00
349,46,voicemail,62,2025-02-28 08:59:00
350,6,voicemail,496,2025-08-18 14:24:00
351,43,connected,178,2025-01-24 08:01:00
352,42,voicemail,455,2025-05-08 12:49:00
353,9,connected,154,2025-04-22 11:21:00
354,21,connected,631,2025-04-03 12:06:00
355,11,missed,685,2025-05-14 19:25:00
356,12,voicemail,166,2025-11-21 19:56:00
357,58,connected,279,2025-01-12 18:52:00
358,2,connected,96,2025-10-23 11:36:00
359,51,connected,371,2025-07-26 10:21:00
360,45,connected,810,2025-06-10 14:20:00
361,27,voicemail,446,2025-11-11 12:54:00
362,39,connected,628,2025-06-15 18:56:00
363,12,connected,645,2025-07-28 15:23:00
364,44,connected,761,2025-09-09 18:46:00
365,13,connected,216,2025-02-20 08:25:00
366,7,connected,196,2025-06-03 16:32:00
367,24,voicemail,311,2025-09-28 15:02:00
368,39,voicemail,36,2025-12-04 14:38:00
369,37,connected,594,2025-10-08 10:14:00
370,51,connected,279,2025-08-30 12:37:00
371,4,connected,122,2025-09-11 11:42:00
372,28,connected,644,2025-05-10 08:56:00
373,25,missed,493,2025-09-30 16:20:00
374,35,connected,117,2025-01-14 10:41:00
375,52,voicemail,510,2025-08-24 17:50:00
376,3,connected,702,2025-06-22 16:47:00
377,32,connected,724,2025-06-20 16:44:00
378,54,connected,762,2025-11-16 12:11:00
379,54,connected,70,2025-10-23 11:36:00
380,48,voicemail,819,2025-08-25 15:12:00
381,15,connected,46,2025-09-21 12:57:00
382,6,voicemail,847,2025-05-12 11:10:00
383,42,voicemail,675,2025-08-02 17:56:00
384,20,connected,818,2025-11-22 08:52:00
385,17,missed,848,2025-03-10 10:59:00
386,1,missed,728,2025-01-18 18:35:00
387,25,connected,193,2025-07-06 19:58:00
388,45,missed,280,2025-04-08 16:31:00
389,34,voicemail,320,2025-02-04 10:57:00
390,6,missed,463,2025-02-02 18:18:00
391,26,connected,513,2025-08-28 11:10:00
392,45,connected,658,2025-06-12 12:06:00
393,22,connected,209,2025-08-03 09:11:00
394,18,connected,761,2025-04-26 17:29:00
395,37,connected,500,2025-03-20 19:44:00
396,26,connected,64,2025-02-28 11:20:00
397,41,voicemail,55,2025-04-15 13:58:00
398,25,missed,141,2025-09-24 15:09:00
399,32,connected,415,2025-04-18 17:53:00
400,58,missed,284,2025-09-09 09:14:00
401,50,connected,750,2025-04-04 19:00:00
402,59,missed,838,2025-12-09 13:59:00
403,4,missed,786,2025-10-10 17:08:00
404,9,connected,60,2025-11-11 17:09:00
405,10,voicemail,226,2025-02-08 15:01:00
406,17,connected,731,2025-12-08 08:13:00
407,42,connected,31,2025-09-21 15:10:00
408,40,connected,435,2025-06-02 10:32:00
409,30,voicemail,358,2025-04-07 09:08:00
410,37,missed,644,2025-07-09 15:43:00
411,44,connected,358,2025-03-16 13:34:00
412,25,voicemail,262,2025-09-13 09:24:00
413,58,voicemail,173,2025-01-21 15:32:00
414,28,missed,749,2025-04-11 12:34:00
415,60,missed,811,2025-08-14 13:46:00
416,26,connected,875,2025-02-18 08:59:00
417,27,missed,371,2025-11-07 13:50:00
418,50,missed,122,2025-03-22 08:44:00
419,53,voicemail,232,2025-11-02 09:25:00
420,55,connected,843,2025-02-26 14:30:00
421,46,voicemail,643,2025-10-11 15:48:00
422,7,connected,131,2025-04-19 10:38:00
423,10,connected,877,2025-11-20 16:04:00
424,1,connected,232,2025-05-19 16:40:00
425,43,voicemail,274,2025-06-16 15:39:00
426,26,voicemail,381,2025-06-13 12:22:00
427,3,connected,282,2025-09-14 16:33:00
428,57,voicemail,891,2025-06-21 18:49:00
429,45,connected,66,2025-01-23 12:15:00
430,38,connected,555,2025-10-08 16:38:00
431,38,connected,670,2025-10-23 16:55:00
432,57,voicemail,880,2025-06-05 08:25:00
433,3,voicemail,608,2025-03-16 08:36:00
434,41,voicemail,64,2025-07-07 13:43:00
435,42,connected,594,2025-03-09 16:36:00
436,40,connected,15,2025-01-10 15:29:00
437,32,connected,530,2025-04-10 09:21:00
438,15,connected,608,2025-01-11 11:13:00
439,13,voicemail,491,2025-07-18 15:03:00
440,23,voicemail,607,2025-03-14 10:22:00
441,15,connected,737,2025-10-04 10:59:00
442,54,voicemail,121,2025-08-18 11:09:00
443,24,missed,158,2025-04-23 19:22:00
444,34,connected,281,2025-10-15 18:49:00
445,45,connected,95,2025-01-09 14:11:00
446,32,connected,114,2025-05-21 10:42:00
447,53,connected,875,2025-02-27 13:19:00
448,42,connected,541,2025-05-20 13:00:00
449,10,connected,432,2025-12-13 19:04:00
450,2,voicemail,413,2025-12-14 16:05:00
451,57,connected,267,2025-01-02 15:31:00
452,44,missed,516,2025-10-25 11:00:00
453,40,voicemail,112,2025-11-21 19:19:00
454,41,connected,209,2025-07-21 15:11:00
455,4,connected,665,2025-06-07 10:43:00
456,51,connected,325,2025-06-02 08:06:00
457,11,connected,365,2025-02-08 14:45:00
458,41,missed,789,2025-04-16 12:12:00
459,26,connected,388,2025-02-05 08:05:00
460,11,connected,259,2025-11-04 09:58:00
461,11,missed,564,2025-09-28 14:27:00
462,30,connected,315,2025-08-13 14:57:00
463,40,voicemail,221,2025-09-14 14:15:00
464,14,connected,304,2025-03-19 16:47:00
465,7,connected,378,2025-07-28 11:05:00
466,57,missed,690,2025-10-26 17:00:00
467,45,connected,847,2025-09-26 08:04:00
468,49,connected,542,2025-06-05 15:56:00
469,4,voicemail,502,2025-11-18 19:52:00
470,15,connected,833,2025-11-15 14:29:00
471,35,connected,721,2025-04-29 14:17:00
472,11,voicemail,535,2025-06-20 16:46:00
473,12,connected,286,2025-05-02 18:12:00
474,40,missed,457,2025-07-30 18:46:00
475,20,connected,856,2025-12-10 15:13:00
476,10,connected,276,2025-05-08 17:45:00
477,46,voicemail,679,2025-03-26 09:15:00
478,15,connected,20,2025-03-12 14:04:00
479,34,voicemail,676,2025-07-26 12:25:00
480,2,connected,847,2025-07-03 10:58:00
481,29,missed,42,2025-05-10 13:46:00
482,45,voicemail,697,2025-07-28 16:10:00
483,25,missed,454,2025-02-12 19:37:00
484,7,connected,242,2025-04-13 18:48:00
485,34,voicemail,174,2025-12-12 13:35:00
486,60,connected,900,2025-01-25 14:10:00
487,6,connected,501,2025-11-03 14:03:00
488,20,connected,165,2025-06-02 12:06:00
489,19,voicemail,441,2025-03-16 13:24:00
490,10,connected,419,2025-08-05 08:16:00
491,26,connected,751,2025-06-02 08:28:00
492,11,connected,417,2025-06-06 14:44:00
493,1,voicemail,238,2025-07-02 09:53:00
494,14,voicemail,789,2025-11-12 16:13:00
495,30,connected,403,2025-05-26 19:38:00
496,51,connected,760,2025-04-25 15:58:00
497,51,connected,778,2025-04-05 10:57:00
498,17,connected,334,2025-03-28 19:04:00
499,12,voicemail,670,2025-10-03 14:49:00
500,59,connected,768,2025-02-24 16:09:00
501,28,connected,869,2025-02-24 19:37:00
502,40,connected,638,2025-10-11 17:38:00
503,55,voicemail,866,2025-05-27 16:04:00
504,38,voicemail,53,2025-06-09 14:45:00
505,36,connected,484,2025-03-04 13:25:00
506,6,connected,52,2025-01-06 16:27:00
507,31,connected,825,2025-04-07 16:59:00
508,26,missed,548,2025-09-15 09:01:00
509,25,connected,91,2025-03-23 14:22:00
510,59,voicemail,659,2025-07-20 19:50:00
511,51,voicemail,339,2025-10-02 09:59:00
512,12,connected,128,2025-01-14 13:50:00
513,9,connected,510,2025-09-15 16:26:00
514,57,connected,510,2025-06-03 08:07:00
515,27,connected,156,2025-10-25 08:56:00
516,48,voicemail,212,2025-03-19 14:08:00
517,32,connected,801,2025-01-16 11:43:00
518,36,connected,498,2025-02-06 16:37:00
519,22,voicemail,221,2025-07-18 13:18:00
520,56,connected,84,2025-04-26 10:37:00
521,2,connected,833,2025-06-09 17:51:00
522,27,voicemail,377,2025-04-23 17:59:00
523,24,connected,894,2025-03-12 08:21:00
524,55,connected,862,2025-01-21 13:50:00
525,6,voicemail,673,2025-01-12 14:48:00
526,27,connected,540,2025-01-07 08:37:00
527,21,connected,282,2025-10-19 11:37:00
528,41,connected,359,2025-12-01 16:40:00
529,33,connected,398,2025-05-07 15:03:00
530,11,connected,570,2025-02-26 19:24:00
531,26,missed,179,2025-12-07 16:38:00
532,43,connected,887,2025-04-04 09:16:00
533,40,voicemail,373,2025-09-17 14:55:00
534,43,voicemail,111,2025-10-29 19:30:00
535,36,missed,389,2025-02-26 12:43:00
536,49,voicemail,408,2025-10-10 09:47:00
537,50,connected,586,2025-02-05 11:14:00
538,25,voicemail,883,2025-07-18 12:18:00
539,38,connected,732,2025-04-11 12:14:00
540,4,connected,160,2025-04-30 14:29:00
541,36,missed,835,2025-05-18 14:27:00
542,47,connected,351,2025-02-03 13:25:00
543,36,connected,433,2025-11-27 08:38:00
544,25,voicemail,393,2025-06-07 15:32:00
545,32,connected,795,2025-08-08 19:04:00
546,31,connected,652,2025-10-06 14:54:00
547,7,voicemail,497,2025-05-26 11:01:00
548,29,missed,751,2025-05-30 08:09:00
549,30,connected,744,2025-11-03 19:08:00
550,58,connected,129,2025-09-12 17:57:00
551,40,voicemail,613,2025-08-07 12:25:00
552,54,voicemail,839,2025-07-10 10:06:00
553,31,missed,683,2025-05-30 14:20:00
554,36,missed,574,2025-10-25 16:17:00
555,13,connected,317,2025-10-11 12:53:00
556,15,voicemail,698,2025-12-19 14:56:00
557,34,connected,325,2025-05-21 13:29:00
558,58,connected,370,2025-10-22 19:51:00
559,56,connected,900,2025-08-21 09:21:00
560,41,voicemail,606,2025-08-06 17:30:00
561,42,connected,367,2025-03-09 14:05:00
562,13,connected,823,2025-11-29 18:14:00
563,55,voicemail,427,2025-03-24 11:38:00
564,58,connected,661,2025-02-16 17:18:00
565,50,connected,804,2025-11-05 17:28:00
566,26,connected,726,2025-09-25 14:23:00
567,38,connected,894,2025-07-29 15:06:00
568,35,voicemail,508,2025-02-11 13:14:00
569,18,voicemail,125,2025-01-20 18:36:00
570,58,voicemail,805,2025-11-24 18:53:00
571,23,connected,512,2025-02-28 13:26:00
572,14,missed,74,2025-05-25 14:03:00
573,10,connected,118,2025-03-02 14:52:00
574,51,connected,440,2025-04-04 17:26:00
575,60,connected,809,2025-09-03 15:50:00
576,33,connected,844,2025-05-03 10:24:00
577,60,missed,219,2025-04-17 09:36:00
578,27,connected,213,2025-09-22 14:37:00
579,33,voicemail,62,2025-02-06 08:27:00
580,31,voicemail,474,2025-10-12 10:27:00
581,30,missed,447,2025-03-03 17:05:00
582,41,voicemail,494,2025-06-04 08:04:00
583,11,missed,571,2025-11-13 11:43:00
584,50,voicemail,276,2025-10-28 18:22:00
585,19,missed,406,2025-02-10 12:24:00
586,2,voicemail,374,2025-09-07 08:00:00
587,28,voicemail,417,2025-11-24 13:58:00
588,11,connected,220,2025-10-08 08:02:00
589,17,connected,726,2025-06-17 18:32:00
590,57,connected,834,2025-07-24 13:39:00
591,12,connected,144,2025-03-18 19:03:00
592,2,missed,369,2025-07-17 19:43:00
593,40,voicemail,328,2025-09-02 18:07:00
594,20,connected,72,2025-05-20 09:32:00
595,43,connected,307,2025-01-02 10:00:00
596,46,missed,577,2025-07-13 15:54:00
597,60,connected,526,2025-03-30 08:17:00
598,54,connected,498,2025-08-08 18:50:00
599,2,missed,701,2025-12-05 16:07:00
600,52,voicemail,160,2025-09-08 09:05:00
601,28,connected,255,2025-09-05 08:16:00
602,25,connected,421,2025-06-25 13:38:00
603,39,connected,775,2025-10-04 18:40:00
604,47,connected,440,2025-02-19 13:34:00
605,53,connected,245,2025-12-17 14:51:00
606,27,connected,171,2025-03-25 08:34:00
607,25,voicemail,157,2025-02-02 09:15:00
608,55,voicemail,387,2025-01-11 08:55:00
609,37,missed,631,2025-07-15 17:16:00
610,32,connected,316,2025-10-09 16:35:00
611,5,connected,790,2025-05-17 18:48:00
612,36,connected,469,2025-03-16 12:00:00
613,48,voicemail,892,2025-08-28 12:59:00
614,14,connected,832,2025-06-09 09:42:00
615,30,connected,883,2025-07-08 14:05:00
616,54,connected,104,2025-11-04 11:10:00
617,16,missed,650,2025-10-26 13:00:00
618,8,missed,616,2025-12-12 15:51:00
619,25,connected,213,2025-02-12 10:51:00
620,7,connected,839,2025-07-20 16:45:00
621,1,connected,402,2025-10-12 18:30:00
622,44,missed,354,2025-01-18 18:04:00
623,47,voicemail,880,2025-02-28 16:34:00
624,14,connected,33,2025-12-14 12:21:00
625,41,connected,696,2025-09-19 15:53:00
626,12,missed,630,2025-11-04 11:00:00
627,18,voicemail,48,2025-03-08 09:35:00
628,24,connected,373,2025-10-27 10:30:00
629,15,connected,578,2025-02-26 15:56:00
630,26,missed,518,2025-06-29 10:11:00
631,18,connected,413,2025-02-25 13:46:00
632,2,missed,543,2025-05-08 12:07:00
633,4,missed,595,2025-02-19 13:51:00
634,57,missed,658,2025-10-25 19:11:00
635,11,connected,197,2025-04-03 19:56:00
636,18,voicemail,284,2025-05-11 08:45:00
637,48,connected,102,2025-07-24 13:36:00
638,41,voicemail,152,2025-04-01 08:56:00
639,38,missed,732,2025-09-09 18:17:00
640,53,connected,579,2025-10-04 11:47:00
641,36,connected,360,2025-03-28 19:37:00
642,8,connected,839,2025-05-31 09:50:00
643,8,connected,373,2025-09-05 14:47:00
644,4,connected,194,2025-06-26 08:33:00
645,41,voicemail,131,2025-01-20 15:32:00
646,1,connected,128,2025-09-27 11:21:00
647,15,voicemail,467,2025-09-23 11:09:00
648,17,missed,722,2025-03-21 13:29:00
649,4,connected,597,2025-04-25 13:37:00
650,12,connected,519,2025-06-11 19:11:00
651,51,missed,775,2025-09-03 17:10:00
652,39,voicemail,740,2025-01-01 14:47:00
653,37,connected,843,2025-11-12 09:57:00
654,57,voicemail,161,2025-02-05 09:41:00
655,15,connected,734,2025-09-03 14:46:00
656,5,connected,410,2025-07-16 19:30:00
657,12,connected,163,2025-09-12 19:18:00
658,6,voicemail,442,2025-01-20 10:06:00
659,2,connected,577,2025-10-01 11:53:00
660,12,voicemail,607,2025-01-10 09:19:00
661,46,voicemail,872,2025-04-26 17:15:00
662,35,missed,815,2025-05-11 13:51:00
663,54,missed,708,2025-05-07 09:45:00
664,57,voicemail,250,2025-09-22 08:30:00
665,53,connected,617,2025-04-29 15:09:00
666,37,connected,851,2025-10-04 10:33:00
667,29,connected,781,2025-08-25 08:19:00
668,10,connected,701,2025-04-29 14:32:00
669,58,voicemail,22,2025-01-12 08:47:00
670,31,voicemail,646,2025-12-12 14:18:00
671,11,missed,769,2025-08-24 08:38:00
672,57,connected,392,2025-08-25 10:23:00
673,16,voicemail,82,2025-10-28 11:58:00
674,34,missed,84,2025-06-15 11:07:00
675,56,voicemail,282,2025-08-24 12:34:00
676,44,connected,730,2025-11-26 09:50:00
677,38,connected,189,2025-07-03 18:14:00
678,14,connected,194,2025-05-14 13:45:00
679,36,connected,386,2025-12-01 13:58:00
680,5,connected,635,2025-01-05 10:40:00
681,53,connected,16,2025-02-22 16:42:00
682,29,connected,264,2025-05-21 09:21:00
683,39,voicemail,781,2025-11-20 17:27:00
684,19,missed,729,2025-12-12 08:35:00
685,48,voicemail,859,2025-08-18 13:16:00
686,32,missed,353,2025-09-11 11:32:00
687,49,connected,475,2025-10-08 14:34:00
688,15,connected,296,2025-07-08 15:33:00
689,6,connected,694,2025-02-27 09:50:00
690,28,connected,637,2025-03-19 16:36:00
691,56,connected,306,2025-09-03 14:37:00
692,50,connected,588,2025-04-14 19:05:00
693,52,voicemail,90,2025-06-26 14:18:00
694,40,voicemail,34,2025-02-28 15:03:00
695,41,missed,364,2025-05-19 09:38:00
696,45,connected,604,2025-07-12 10:15:00
697,48,connected,450,2025-01-13 09:54:00
698,52,connected,505,2025-11-12 18:17:00
699,51,missed,315,2025-09-23 10:20:00
700,11,missed,878,2025-05-18 15:07:00
701,39,connected,746,2025-04-22 18:51:00
702,19,missed,719,2025-09-07 17:01:00
703,50,connected,212,2025-09-28 13:34:00
704,42,voicemail,180,2025-10-16 19:17:00
705,14,voicemail,755,2025-06-18 13:58:00
706,60,connected,246,2025-02-28 09:57:00
707,46,voicemail,396,2025-07-29 12:12:00
708,9,connected,440,2025-05-06 17:14:00
709,23,connected,646,2025-07-02 15:35:00
710,34,voicemail,523,2025-04-10 15:30:00
711,51,voicemail,330,2025-03-22 11:59:00
712,37,missed,529,2025-09-12 16:35:00
713,44,connected,881,2025-05-20 09:47:00
714,25,connected,441,2025-11-16 12:59:00
715,23,voicemail,823,2025-07-04 17:54:00
716,11,connected,223,2025-09-24 12:31:00
717,28,connected,773,2025-11-03 13:44:00
718,18,connected,417,2025-06-06 16:38:00
719,38,connected,236,2025-06-03 10:32:00
720,13,voicemail,20,2025-07-23 18:35:00
721,2,connected,699,2025-02-07 16:31:00
722,12,voicemail,596,2025-02-28 16:46:00
723,13,missed,51,2025-01-09 19:01:00
724,52,missed,657,2025-07-01 18:21:00
725,29,voicemail,564,2025-03-26 14:42:00
726,8,voicemail,93,2025-07-28 16:52:00
727,28,voicemail,887,2025-02-05 11:52:00
728,50,voicemail,75,2025-08-09 19:26:00
729,38,missed,47,2025-06-20 13:47:00
730,59,connected,332,2025-02-08 08:18:00
731,42,missed,262,2025-09-10 13:02:00
732,16,connected,556,2025-03-03 12:37:00
733,30,connected,244,2025-05-31 10:10:00
734,34,connected,892,2025-06-10 11:52:00
735,15,connected,883,2025-08-05 18:00:00
736,53,connected,165,2025-04-05 19:50:00
737,6,voicemail,688,2025-09-12 10:56:00
738,7,missed,193,2025-03-02 16:36:00
739,5,connected,732,2025-05-07 13:04:00
740,2,connected,640,2025-03-21 08:22:00
741,58,connected,286,2025-11-25 15:55:00
742,41,connected,67,2025-10-22 19:21:00
743,25,connected,237,2025-03-13 08:37:00
744,17,voicemail,739,2025-08-23 15:25:00
745,33,connected,287,2025-09-27 11:16:00
746,51,connected,895,2025-11-26 12:20:00
747,33,voicemail,279,2025-03-21 14:53:00
748,14,connected,239,2025-09-02 08:02:00
749,15,connected,116,2025-01-04 14:42:00
750,26,connected,682,2025-03-19 10:23:00
751,16,missed,138,2025-11-27 10:40:00
752,34,missed,622,2025-11-19 12:00:00
753,49,connected,154,2025-01-02 17:22:00
754,9,connected,754,2025-01-27 16:06:00
755,35,voicemail,314,2025-09-11 09:19:00
756,25,connected,442,2025-06-28 18:15:00
757,29,connected,661,2025-01-23 12:49:00
758,45,voicemail,501,2025-05-01 11:48:00
759,60,voicemail,98,2025-08-22 12:15:00
760,24,missed,374,2025-05-03 19:16:00
761,28,connected,712,2025-03-26 16:56:00
762,46,connected,429,2025-06-03 14:02:00
763,4,connected,816,2025-11-09 17:00:00
764,37,voicemail,404,2025-02-16 09:38:00
765,15,voicemail,392,2025-07-11 09:19:00
766,7,voicemail,394,2025-10-06 17:52:00
767,59,connected,333,2025-06-02 16:38:00
768,52,connected,22,2025-07-25 16:16:00
769,25,connected,701,2025-10-16 12:38:00
770,55,missed,777,2025-06-10 19:57:00
771,37,missed,384,2025-08-28 13:27:00
772,59,connected,313,2025-02-04 08:02:00
773,6,connected,642,2025-06-17 08:56:00
774,19,voicemail,380,2025-01-13 08:30:00
775,28,voicemail,844,2025-03-26 12:10:00
776,2,connected,126,2025-02-20 15:08:00
777,50,connected,322,2025-04-05 11:16:00
778,12,connected,155,2025-04-06 12:55:00
779,6,voicemail,684,2025-12-11 13:29:00
780,30,connected,310,2025-09-20 09:42:00
781,46,missed,167,2025-05-03 11:02:00
782,46,connected,519,2025-08-22 09:40:00
783,14,voicemail,528,2025-07-19 15:29:00
784,17,connected,881,2025-10-23 17:23:00
785,14,connected,181,2025-12-16 13:34:00
786,21,missed,346,2025-05-07 18:47:00
787,40,connected,337,2025-10-20 12:06:00
788,19,connected,70,2025-05-08 12:15:00
789,36,connected,308,2025-09-10 11:00:00
790,35,connected,789,2025-09-20 14:46:00
791,3,missed,680,2025-08-07 09:59:00
792,20,voicemail,386,2025-06-03 19:51:00
793,57,connected,708,2025-12-20 14:37:00
794,13,voicemail,354,2025-05-08 19:31:00
795,37,connected,349,2025-12-16 13:01:00
796,34,connected,453,2025-10-07 11:36:00
797,22,connected,293,2025-09-24 13:00:00
798,41,missed,691,2025-06-14 18:11:00
799,59,connected,259,2025-11-05 15:02:00
800,55,connected,757,2025-05-11 16:56:00
801,4,voicemail,895,2025-11-08 14:35:00
802,16,connected,115,2025-06-10 16:15:00
803,18,missed,201,2025-06-07 15:23:00
804,24,voicemail,707,2025-05-15 08:07:00
805,59,connected,618,2025-05-22 13:01:00
806,16,connected,604,2025-11-19 11:24:00
807,35,connected,173,2025-04-26 09:07:00
808,2,connected,785,2025-05-18 17:33:00
809,3,voicemail,812,2025-11-18 18:18:00
810,25,connected,207,2025-01-14 12:40:00
811,38,connected,448,2025-04-20 14:55:00
812,28,connected,142,2025-04-12 14:24:00
813,56,connected,345,2025-01-28 15:28:00
814,13,connected,382,2025-10-22 13:40:00
815,19,connected,205,2025-04-09 11:12:00
816,6,missed,817,2025-11-04 11:04:00
817,45,voicemail,750,2025-03-21 08:35:00
818,8,voicemail,56,2025-03-02 11:34:00
819,32,connected,759,2025-08-30 16:01:00
820,57,missed,773,2025-01-18 15:50:00
821,36,voicemail,543,2025-11-04 09:54:00
822,37,connected,808,2025-12-20 15:58:00
823,1,missed,455,2025-08-02 16:42:00
824,33,missed,857,2025-06-02 11:05:00
825,28,connected,570,2025-06-14 11:14:00
826,58,connected,199,2025-09-30 15:08:00
827,51,voicemail,60,2025-05-31 09:54:00
828,59,connected,327,2025-05-18 11:38:00
829,15,connected,651,2025-05-24 16:38:00
830,34,connected,266,2025-05-16 16:56:00
831,19,voicemail,850,2025-05-08 11:54:00
832,32,missed,753,2025-04-02 16:00:00
833,6,voicemail,697,2025-06-22 13:33:00
834,19,connected,33,2025-10-20 08:13:00
835,12,connected,26,2025-04-26 09:58:00
836,47,connected,687,2025-11-08 16:57:00
837,56,connected,128,2025-07-24 15:14:00
838,33,connected,387,2025-07-01 13:22:00
839,4,connected,571,2025-06-26 09:52:00
840,46,missed,400,2025-08-27 09:19:00
841,11,voicemail,156,2025-07-17 12:19:00
842,15,connected,795,2025-07-30 19:00:00
843,53,voicemail,730,2025-05-12 09:05:00
844,2,connected,661,2025-09-14 10:41:00
845,56,missed,647,2025-07-21 09:12:00
846,60,voicemail,503,2025-06-14 12:54:00
847,34,connected,429,2025-10-31 12:08:00
848,24,connected,777,2025-03-18 11:05:00
849,29,voicemail,86,2025-09-08 08:23:00
850,50,connected,381,2025-04-29 14:22:00
851,25,missed,523,2025-04-25 11:16:00
852,13,connected,637,2025-06-07 09:39:00
853,4,voicemail,851,2025-01-13 08:59:00
854,2,connected,37,2025-03-28 09:51:00
855,9,connected,825,2025-08-19 08:24:00
856,26,connected,611,2025-03-10 13:48:00
857,31,connected,320,2025-10-06 09:06:00
858,9,connected,308,2025-09-15 10:05:00
859,31,missed,512,2025-03-31 12:49:00
860,58,connected,741,2025-11-20 17:16:00
861,4,voicemail,309,2025-12-04 15:35:00
862,47,missed,702,2025-10-16 09:12:00
863,28,connected,86,2025-09-03 18:26:00
864,34,voicemail,699,2025-05-31 16:40:00
865,48,voicemail,92,2025-10-18 18:09:00
866,25,voicemail,719,2025-05-01 10:28:00
867,57,connected,328,2025-11-01 13:41:00
868,59,connected,491,2025-06-26 11:55:00
869,49,connected,62,2025-04-19 17:59:00
870,34,connected,890,2025-09-02 16:10:00
871,46,missed,621,2025-05-21 16:23:00
872,48,connected,314,2025-03-21 17:28:00
873,41,connected,328,2025-12-07 12:52:00
874,25,missed,316,2025-04-18 14:16:00
875,31,voicemail,886,2025-05-12 13:36:00
876,8,connected,29,2025-05-08 09:49:00
877,24,missed,751,2025-03-07 09:55:00
878,41,connected,788,2025-09-29 17:22:00
879,35,connected,215,2025-09-30 14:51:00
880,47,connected,408,2025-10-15 08:32:00
881,43,missed,252,2025-10-10 10:15:00
882,24,connected,687,2025-02-21 17:21:00
883,46,connected,752,2025-03-26 12:36:00
884,44,connected,34,2025-05-27 11:05:00
885,31,connected,120,2025-07-25 08:52:00
886,54,missed,684,2025-02-14 11:53:00
887,11,connected,884,2025-05-23 15:12:00
888,4,connected,95,2025-09-19 12:11:00
889,15,connected,297,2025-08-13 19:21:00
890,44,missed,791,2025-05-21 13:55:00
891,42,missed,467,2025-03-04 11:48:00
892,42,connected,431,2025-04-10 13:44:00
893,17,connected,392,2025-09-17 15:33:00
894,6,voicemail,90,2025-07-10 14:25:00
895,60,connected,703,2025-06-30 09:50:00
896,29,voicemail,411,2025-03-16 12:09:00
897,5,connected,131,2025-04-21 15:55:00
898,6,missed,876,2025-06-05 10:56:00
899,12,connected,829,2025-12-12 19:51:00
900,19,connected,116,2025-06-19 17:25:00
901,46,connected,303,2025-06-12 12:56:00
902,53,connected,30,2025-02-20 13:17:00
903,55,connected,347,2025-01-06 19:14:00
904,34,voicemail,634,2025-01-07 12:49:00
905,11,voicemail,492,2025-01-10 17:25:00
906,45,voicemail,620,2025-02-24 08:55:00
907,41,connected,569,2025-11-12 17:27:00
908,22,voicemail,246,2025-10-22 09:06:00
909,36,connected,881,2025-09-13 18:59:00
910,34,connected,93,2025-08-24 13:28:00
911,59,voicemail,712,2025-05-14 09:27:00
912,55,connected,343,2025-09-06 14:30:00
913,4,voicemail,455,2025-12-12 14:31:00
914,52,connected,136,2025-10-07 19:27:00
915,36,connected,585,2025-04-02 13:09:00
916,42,connected,641,2025-09-22 12:51:00
917,4,missed,360,2025-02-03 12:59:00
918,45,voicemail,33,2025-02-12 14:32:00
919,51,voicemail,106,2025-10-27 09:34:00
920,36,connected,404,2025-11-25 18:50:00
921,50,missed,562,2025-09-08 15:12:00
922,18,missed,587,2025-09-19 13:07:00
923,45,voicemail,428,2025-05-10 14:28:00
924,24,voicemail,727,2025-08-23 14:36:00
925,21,connected,211,2025-05-29 09:50:00
926,13,missed,717,2025-05-28 14:35:00
927,13,voicemail,702,2025-11-10 14:37:00
928,40,connected,240,2025-06-26 18:40:00
929,40,connected,61,2025-06-30 09:27:00
930,36,connected,655,2025-05-30 10:10:00
931,47,missed,78,2025-05-19 10:14:00
932,34,missed,563,2025-08-16 17:43:00
933,13,connected,133,2025-01-23 12:46:00
934,30,missed,67,2025-07-20 12:00:00
935,37,missed,203,2025-07-22 19:58:00
936,28,missed,179,2025-03-15 10:22:00
937,50,voicemail,743,2025-10-18 13:12:00
938,29,connected,892,2025-08-07 08:46:00
939,37,missed,219,2025-10-09 10:45:00
940,29,connected,154,2025-03-08 08:27:00
941,26,connected,295,2025-08-26 17:41:00
942,1,missed,524,2025-07-06 11:01:00
943,16,connected,262,2025-08-22 15:49:00
944,17,missed,860,2025-07-11 19:57:00
945,4,voicemail,543,2025-09-17 11:00:00
946,46,voicemail,157,2025-07-25 17:16:00
947,34,missed,67,2025-03-04 12:37:00
948,45,connected,612,2025-08-03 12:08:00
949,29,voicemail,613,2025-11-14 09:27:00
950,59,connected,645,2025-04-19 16:49:00
951,2,connected,473,2025-01-19 10:00:00
952,11,missed,585,2025-09-29 19:10:00
953,14,connected,900,2025-10-24 15:00:00
954,50,missed,465,2025-10-15 15:02:00
955,56,connected,187,2025-02-05 19:19:00
956,44,missed,305,2025-03-30 11:05:00
957,3,voicemail,237,2025-03-06 10:06:00
958,2,missed,498,2025-04-20 18:54:00
959,17,connected,203,2025-01-19 19:21:00
960,53,voicemail,165,2025-12-08 15:01:00
961,51,connected,125,2025-10-29 19:55:00
962,33,missed,77,2025-03-04 11:49:00
963,18,connected,482,2025-04-07 09:19:00
964,53,voicemail,672,2025-10-05 11:56:00
965,3,voicemail,329,2025-06-19 13:01:00
966,51,connected,520,2025-10-09 18:22:00
967,44,connected,741,2025-11-03 14:33:00
968,24,connected,520,2025-10-11 12:32:00
969,36,voicemail,321,2025-12-15 14:41:00
970,29,connected,174,2025-05-13 10:12:00
971,11,connected,275,2025-10-03 10:52:00
972,22,connected,300,2025-01-05 15:05:00
973,60,connected,411,2025-09-06 13:52:00
974,53,connected,835,2025-10-06 12:58:00
975,4,connected,101,2025-07-28 10:17:00
976,23,connected,458,2025-01-14 18:02:00
977,52,connected,667,2025-02-21 12:45:00
978,55,missed,122,2025-02-28 09:44:00
979,27,connected,197,2025-01-28 19:06:00
980,2,missed,424,2025-10-27 17:41:00
981,59,connected,200,2025-03-25 09:24:00
982,36,connected,763,2025-05-19 08:10:00
983,4,connected,817,2025-07-14 12:04:00
984,52,missed,148,2025-01-18 12:16:00
985,14,voicemail,779,2025-04-04 12:00:00
986,43,voicemail,894,2025-06-26 16:44:00
987,25,connected,601,2025-05-27 14:47:00
988,8,connected,298,2025-09-09 15:58:00
989,51,missed,706,2025-03-12 11:04:00
990,34,voicemail,52,2025-10-12 14:58:00
991,4,connected,160,2025-06-08 08:13:00
992,29,missed,764,2025-05-25 13:30:00
993,5,voicemail,698,2025-10-23 14:43:00
994,31,connected,166,2025-04-13 18:04:00
995,17,missed,116,2025-03-16 12:01:00
996,30,voicemail,94,2025-12-02 11:27:00
997,43,missed,626,2025-07-14 10:52:00
998,38,connected,211,2025-01-06 16:51:00
999,15,connected,488,2025-10-16 09:54:00
1000,48,voicemail,161,2025-04-23 12:31:00
1001,4,voicemail,319,2025-08-02 18:42:00
1002,37,connected,145,2025-03-10 13:44:00
1003,29,connected,312,2025-02-19 08:50:00
1004,2,missed,737,2025-05-24 17:23:00
1005,53,connected,287,2025-03-25 11:40:00
1006,18,connected,433,2025-07-06 14:13:00
1007,39,connected,527,2025-09-04 08:53:00
1008,6,voicemail,60,2025-03-13 14:13:00
1009,16,missed,520,2025-07-01 13:40:00
1010,38,voicemail,649,2025-11-10 12:38:00
1011,30,missed,486,2025-06-11 13:26:00
1012,18,voicemail,522,2025-07-13 14:25:00
1013,60,missed,603,2025-08-14 19:05:00
1014,15,voicemail,120,2025-06-04 14:58:00
1015,38,missed,232,2025-05-23 10:19:00
1016,50,connected,448,2025-03-14 19:16:00
1017,48,connected,154,2025-06-30 18:18:00
1018,47,voicemail,151,2025-05-27 09:19:00
1019,26,connected,305,2025-02-18 17:32:00
1020,13,missed,58,2025-06-11 08:21:00
1021,54,connected,647,2025-09-15 16:12:00
1022,28,connected,314,2025-07-07 14:37:00
1023,4,voicemail,102,2025-06-15 16:58:00
1024,15,connected,224,2025-09-04 17:29:00
1025,37,connected,484,2025-01-17 16:13:00
1026,49,connected,570,2025-05-11 08:31:00
1027,23,missed,619,2025-01-19 13:03:00
1028,43,missed,293,2025-04-19 13:07:00
1029,14,missed,53,2025-08-09 10:46:00
1030,45,missed,194,2025-11-08 19:09:00
1031,45,voicemail,589,2025-01-23 13:37:00
1032,21,missed,825,2025-01-02 09:09:00
1033,51,connected,602,2025-02-19 13:36:00
1034,40,voicemail,192,2025-07-08 12:04:00
1035,39,connected,415,2025-08-13 13:20:00
1036,59,connected,62,2025-04-21 09:34:00
1037,6,voicemail,800,2025-02-25 08:13:00
1038,9,connected,269,2025-10-08 10:44:00
1039,23,connected,421,2025-04-13 09:56:00
1040,19,missed,727,2025-05-17 19:39:00
1041,8,voicemail,857,2025-08-29 09:41:00
1042,27,connected,869,2025-06-23 16:07:00
1043,56,connected,895,2025-02-02 12:57:00
1044,27,connected,197,2025-10-11 14:07:00
1045,8,connected,29,2025-09-10 10:07:00
1046,24,connected,797,2025-04-17 12:22:00
1047,3,connected,657,2025-04-15 17:38:00
1048,26,connected,218,2025-08-25 18:06:00
1049,10,connected,897,2025-03-02 09:46:00
1050,58,connected,276,2025-04-05 19:42:00
1051,25,voicemail,146,2025-07-14 17:07:00
1052,13,missed,95,2025-07-13 13:14:00
1053,38,missed,279,2025-05-22 08:48:00
1054,25,connected,313,2025-01-02 14:46:00
1055,8,connected,750,2025-03-09 16:17:00
1056,39,connected,477,2025-10-13 13:14:00
1057,40,connected,78,2025-04-13 08:30:00
1058,19,connected,221,2025-09-22 18:12:00
1059,24,connected,725,2025-05-01 11:27:00
1060,59,connected,468,2025-11-15 13:07:00
1061,33,voicemail,474,2025-01-16 18:22:00
1062,25,connected,359,2025-07-08 13:16:00
1063,33,connected,586,2025-05-03 19:58:00
1064,59,connected,218,2025-07-12 18:21:00
1065,50,connected,17,2025-09-24 13:00:00
1066,31,connected,770,2025-04-16 17:03:00
1067,31,voicemail,714,2025-03-07 18:33:00
1068,21,missed,269,2025-07-17 14:27:00
1069,26,connected,233,2025-08-15 17:47:00
1070,26,voicemail,421,2025-04-02 11:13:00
1071,35,connected,330,2025-10-23 15:01:00
1072,8,connected,100,2025-12-09 12:12:00
1073,55,voicemail,832,2025-07-03 19:12:00
1074,58,connected,280,2025-11-13 10:57:00
1075,29,connected,778,2025-03-29 10:58:00
1076,51,missed,138,2025-09-30 13:56:00
1077,27,voicemail,792,2025-07-08 14:00:00
1078,19,connected,688,2025-01-28 15:18:00
1079,20,connected,34,2025-08-24 14:17:00
1080,35,connected,360,2025-02-10 15:33:00
1081,60,voicemail,618,2025-03-23 10:17:00
1082,56,missed,252,2025-05-26 13:49:00
1083,3,connected,334,2025-07-27 11:48:00
1084,38,voicemail,243,2025-05-07 18:53:00
1085,53,connected,416,2025-11-15 19:09:00
1086,56,connected,735,2025-08-05 10:14:00
1087,40,voicemail,614,2025-02-26 12:30:00
1088,60,voicemail,497,2025-09-15 12:22:00
1089,51,missed,444,2025-05-12 19:43:00
1090,46,missed,694,2025-01-08 09:41:00
1091,41,connected,860,2025-10-05 14:23:00
1092,38,connected,861,2025-04-04 17:56:00
1093,20,connected,661,2025-09-22 10:38:00
1094,42,connected,306,2025-07-31 16:53:00
1095,58,connected,142,2025-03-08 17:46:00
1096,47,voicemail,664,2025-06-27 09:39:00
1097,48,connected,863,2025-10-28 19:14:00
1098,26,connected,471,2025-06-02 15:10:00
1099,38,connected,529,2025-02-19 12:55:00
1100,20,voicemail,134,2025-01-23 12:28:00
1101,50,voicemail,218,2025-01-01 09:43:00
1102,38,connected,679,2025-07-13 10:22:00
1103,33,connected,693,2025-10-07 16:16:00
1104,45,missed,189,2025-05-15 15:07:00
1105,41,missed,285,2025-09-17 13:20:00
1106,40,missed,570,2025-02-16 17:36:00
1107,24,connected,666,2025-03-01 18:30:00
1108,58,voicemail,668,2025-06-06 12:51:00
1109,29,missed,783,2025-07-11 19:47:00
1110,15,connected,887,2025-07-20 16:13:00
1111,51,connected,484,2025-08-29 08:45:00
1112,11,missed,796,2025-04-09 09:41:00
1113,45,connected,400,2025-03-25 16:11:00
1114,8,connected,239,2025-03-12 13:32:00
1115,8,missed,646,2025-05-04 18:42:00
1116,29,voicemail,99,2025-11-14 17:50:00
1117,55,missed,664,2025-12-16 10:44:00
1118,17,connected,47,2025-07-11 13:23:00
1119,33,connected,253,2025-10-17 13:38:00
1120,5,missed,654,2025-10-18 16:51:00
1121,34,voicemail,381,2025-06-10 10:54:00
1122,11,connected,464,2025-11-04 15:50:00
1123,3,connected,614,2025-04-04 16:18:00
1124,23,missed,336,2025-10-14 12:08:00
1125,11,connected,761,2025-01-20 16:46:00
1126,58,missed,875,2025-08-20 17:07:00
1127,12,connected,720,2025-11-04 18:36:00
1128,26,connected,682,2025-08-18 13:43:00
1129,56,connected,44,2025-12-18 18:27:00
1130,48,connected,67,2025-04-21 08:40:00
1131,5,connected,895,2025-08-14 19:22:00
1132,23,voicemail,208,2025-09-02 10:38:00
1133,57,voicemail,137,2025-07-11 14:54:00
1134,27,connected,371,2025-03-06 19:27:00
1135,41,connected,585,2025-08-31 19:24:00
1136,14,connected,518,2025-09-12 08:15:00
1137,42,connected,417,2025-01-09 11:54:00
1138,34,voicemail,70,2025-08-07 10:24:00
1139,41,connected,134,2025-09-19 18:29:00
1140,22,connected,35,2025-09-15 13:14:00
1141,49,connected,579,2025-02-04 14:21:00
1142,35,connected,534,2025-06-16 16:40:00
1143,31,voicemail,471,2025-07-19 10:29:00
1144,18,connected,266,2025-08-02 12:05:00
1145,1,missed,830,2025-07-11 16:11:00
1146,52,connected,875,2025-09-28 11:23:00
1147,6,connected,617,2025-09-02 12:42:00
1148,48,connected,361,2025-10-17 08:54:00
1149,2,connected,452,2025-11-06 12:42:00
1150,17,missed,723,2025-01-26 15:42:00
1151,5,connected,343,2025-11-24 11:51:00
1152,19,connected,347,2025-08-03 13:40:00
1153,22,missed,281,2025-04-04 18:01:00
1154,51,missed,588,2025-03-12 18:46:00
1155,12,connected,580,2025-01-28 09:07:00
1156,15,missed,682,2025-01-16 11:38:00
1157,23,connected,801,2025-04-08 14:40:00
1158,40,voicemail,874,2025-06-15 09:22:00
1159,52,connected,788,2025-03-07 11:16:00
1160,21,missed,578,2025-01-29 17:27:00
1161,2,voicemail,506,2025-12-18 09:57:00
1162,48,connected,800,2025-04-22 14:24:00
1163,52,connected,589,2025-08-28 08:24:00
1164,49,connected,366,2025-01-06 19:56:00
1165,4,connected,378,2025-08-03 09:05:00
1166,35,connected,762,2025-04-28 12:01:00
1167,53,voicemail,757,2025-02-19 12:02:00
1168,30,connected,221,2025-11-14 16:36:00
1169,57,connected,118,2025-04-09 15:12:00
1170,48,missed,458,2025-03-16 09:22:00
1171,58,connected,173,2025-12-09 12:41:00
1172,46,connected,281,2025-02-11 09:18:00
1173,57,missed,121,2025-10-10 10:26:00
1174,47,voicemail,856,2025-10-09 14:23:00
1175,35,connected,666,2025-04-23 10:30:00
1176,16,connected,758,2025-10-02 18:39:00
1177,27,connected,432,2025-09-14 08:45:00
1178,60,missed,640,2025-07-29 12:20:00
1179,49,connected,883,2025-07-27 12:28:00
1180,4,missed,97,2025-11-07 17:23:00
1181,32,voicemail,454,2025-10-18 13:36:00
1182,7,missed,264,2025-04-03 17:47:00
1183,17,missed,678,2025-05-12 17:16:00
1184,40,connected,682,2025-04-22 19:35:00
1185,20,connected,865,2025-06-18 16:16:00
1186,17,voicemail,78,2025-11-02 19:51:00
1187,11,connected,851,2025-04-30 15:07:00
1188,57,voicemail,858,2025-06-08 13:58:00
1189,44,voicemail,706,2025-01-17 10:35:00
1190,28,missed,93,2025-01-07 16:15:00
1191,29,missed,83,2025-07-29 08:32:00
1192,5,voicemail,567,2025-10-07 09:44:00
1193,42,connected,71,2025-04-23 09:07:00
1194,3,connected,535,2025-05-26 18:41:00
1195,18,voicemail,274,2025-05-22 12:20:00
1196,55,voicemail,878,2025-04-28 18:08:00
1197,23,connected,106,2025-07-27 19:04:00
1198,37,voicemail,92,2025-12-15 09:00:00
1199,37,connected,717,2025-05-20 18:50:00
1200,9,connected,789,2025-07-25 16:40:00
1201,60,connected,364,2025-03-09 13:05:00
1202,20,connected,26,2025-08-11 08:00:00
1203,35,connected,548,2025-09-20 18:58:00
1204,31,connected,777,2025-11-25 09:19:00
1205,16,missed,184,2025-08-23 10:11:00
1206,33,connected,454,2025-07-08 17:46:00
1207,44,connected,788,2025-04-08 12:36:00
1208,15,connected,586,2025-07-01 09:46:00
1209,3,connected,489,2025-09-10 14:55:00
1210,60,voicemail,637,2025-02-06 19:02:00
1211,16,missed,477,2025-08-18 11:05:00
1212,7,voicemail,852,2025-01-05 13:44:00
1213,52,voicemail,690,2025-04-09 13:54:00
1214,59,connected,353,2025-10-25 16:20:00
1215,8,voicemail,655,2025-06-27 12:36:00
1216,18,voicemail,521,2025-01-21 12:59:00
1217,53,missed,499,2025-08-09 10:14:00
1218,38,voicemail,847,2025-08-23 16:34:00
1219,6,connected,531,2025-02-23 10:06:00
1220,49,connected,890,2025-01-25 18:02:00
1221,21,missed,606,2025-12-08 13:57:00
1222,21,voicemail,718,2025-10-02 18:29:00
1223,50,connected,392,2025-01-24 11:44:00
1224,29,connected,748,2025-08-28 14:30:00
1225,46,connected,397,2025-05-08 12:37:00
1226,26,connected,853,2025-07-15 15:50:00
1227,1,connected,495,2025-04-01 11:48:00
1228,51,missed,229,2025-09-11 16:01:00
1229,24,connected,174,2025-08-22 09:25:00
1230,55,connected,408,2025-08-12 18:57:00
1231,25,voicemail,719,2025-09-25 10:30:00
1232,15,connected,592,2025-05-16 08:41:00
1233,52,connected,570,2025-05-16 13:47:00
1234,44,connected,858,2025-05-30 08:40:00
1235,42,voicemail,691,2025-11-19 14:32:00
1236,34,connected,533,2025-10-22 17:38:00
1237,51,missed,87,2025-05-03 17:04:00
1238,43,connected,47,2025-04-28 12:19:00
1239,9,connected,348,2025-02-18 11:19:00
1240,45,voicemail,441,2025-09-30 12:55:00
1241,23,connected,439,2025-01-08 10:16:00
1242,2,voicemail,790,2025-06-08 18:18:00
1243,58,connected,235,2025-02-19 09:27:00
1244,47,voicemail,784,2025-12-04 14:49:00
1245,49,missed,513,2025-05-28 08:03:00
1246,4,connected,615,2025-04-24 08:16:00
1247,54,connected,143,2025-08-14 09:08:00
1248,48,connected,704,2025-01-21 14:01:00
1249,24,voicemail,41,2025-12-12 19:53:00
1250,35,connected,21,2025-06-16 10:46:00
1251,36,voicemail,657,2025-12-08 15:03:00
1252,33,connected,464,2025-09-17 10:17:00
1253,10,connected,255,2025-02-01 08:48:00
1254,36,missed,164,2025-08-16 10:24:00
1255,54,connected,415,2025-11-03 15:14:00
1256,18,connected,896,2025-11-14 16:44:00
1257,51,missed,106,2025-08-12 19:20:00
1258,46,connected,395,2025-01-19 16:20:00
1259,49,voicemail,743,2025-05-19 12:44:00
1260,25,connected,523,2025-06-29 17:10:00
1261,8,connected,751,2025-03-15 17:54:00
1262,21,connected,509,2025-03-14 09:32:00
1263,27,connected,614,2025-08-29 14:32:00
1264,16,connected,42,2025-08-31 09:49:00
1265,28,connected,337,2025-05-11 12:29:00
1266,6,connected,696,2025-05-07 13:35:00
1267,6,voicemail,228,2025-10-27 12:35:00
1268,57,connected,878,2025-02-16 08:19:00
1269,44,missed,162,2025-05-04 13:41:00
1270,59,voicemail,699,2025-07-20 13:15:00
1271,48,voicemail,898,2025-11-26 18:15:00
1272,1,voicemail,97,2025-06-25 16:31:00
1273,45,connected,303,2025-07-14 08:17:00
1274,60,connected,43,2025-08-08 09:02:00
1275,28,missed,734,2025-12-18 09:36:00
1276,23,missed,826,2025-09-17 14:05:00
1277,34,connected,167,2025-11-10 17:44:00
1278,35,connected,453,2025-08-09 14:49:00
1279,8,connected,701,2025-06-03 09:35:00
1280,5,connected,386,2025-10-15 08:14:00
1281,53,connected,745,2025-08-26 11:24:00
1282,42,connected,82,2025-02-08 12:10:00
1283,49,voicemail,748,2025-12-05 14:56:00
1284,7,missed,707,2025-09-27 09:08:00
1285,20,connected,746,2025-02-02 10:04:00
1286,10,voicemail,824,2025-02-11 18:39:00
1287,16,connected,226,2025-04-19 08:02:00
1288,44,connected,255,2025-07-17 18:10:00
1289,53,voicemail,631,2025-09-16 19:22:00
1290,30,connected,487,2025-04-27 13:27:00
1291,48,missed,318,2025-12-20 18:06:00
1292,2,voicemail,330,2025-10-09 13:08:00
1293,3,connected,806,2025-09-03 13:38:00
1294,18,connected,409,2025-01-04 12:37:00
1295,20,connected,257,2025-02-10 08:59:00
1296,38,missed,275,2025-09-20 19:20:00
1297,24,voicemail,153,2025-03-21 13:20:00
1298,19,voicemail,843,2025-11-15 10:10:00
1299,33,missed,87,2025-06-24 12:05:00
1300,58,voicemail,769,2025-05-01 11:09:00
1301,23,connected,456,2025-06-11 09:15:00
1302,14,missed,233,2025-04-08 08:22:00
1303,28,missed,658,2025-02-20 11:06:00
1304,5,voicemail,731,2025-03-05 11:31:00
1305,9,voicemail,865,2025-04-16 14:30:00
1306,46,voicemail,538,2025-12-19 10:47:00
1307,8,voicemail,394,2025-04-19 19:40:00
1308,12,connected,135,2025-03-19 09:06:00
1309,34,connected,601,2025-10-27 16:13:00
1310,43,connected,613,2025-01-26 17:13:00
1311,57,connected,630,2025-04-23 18:52:00
1312,5,connected,679,2025-04-07 17:05:00
1313,41,voicemail,846,2025-11-27 14:52:00
1314,60,connected,894,2025-01-11 16:09:00
1315,36,connected,694,2025-10-16 19:32:00
1316,41,connected,287,2025-03-02 11:13:00
1317,49,missed,674,2025-06-12 16:26:00
1318,12,connected,393,2025-10-05 16:45:00
1319,36,connected,570,2025-01-05 16:49:00
1320,29,voicemail,854,2025-09-06 17:27:00
1321,33,connected,584,2025-01-19 15:36:00
1322,4,connected,443,2025-04-02 12:17:00
1323,11,voicemail,603,2025-04-13 16:46:00
1324,41,connected,294,2025-07-15 08:44:00
1325,47,connected,806,2025-10-26 15:01:00
1326,57,voicemail,841,2025-03-16 15:58:00
1327,24,missed,830,2025-05-11 10:59:00
1328,58,connected,611,2025-11-24 16:02:00
1329,6,connected,568,2025-06-04 17:35:00
1330,50,missed,209,2025-04-17 18:43:00
1331,39,connected,652,2025-02-25 14:22:00
1332,49,connected,708,2025-09-18 16:46:00
1333,7,connected,267,2025-05-20 12:34:00
1334,55,missed,298,2025-05-10 13:15:00
1335,27,voicemail,878,2025-08-21 11:41:00
1336,49,missed,209,2025-03-30 11:16:00
1337,23,connected,533,2025-12-16 18:04:00
1338,5,connected,867,2025-08-31 17:24:00
1339,27,missed,313,2025-02-14 12:42:00
1340,28,connected,698,2025-07-19 12:59:00
1341,38,connected,636,2025-01-31 19:22:00
1342,31,connected,59,2025-03-04 14:07:00
1343,7,missed,195,2025-05-12 10:42:00
1344,14,connected,874,2025-11-24 17:26:00
1345,1,missed,548,2025-07-13 13:54:00
1346,23,connected,793,2025-03-30 17:50:00
1347,52,connected,702,2025-07-05 12:18:00
1348,14,connected,767,2025-08-11 12:34:00
1349,33,connected,734,2025-05-28 19:43:00
1350,26,connected,522,2025-02-03 12:20:00
1351,29,connected,550,2025-06-11 10:27:00
1352,42,voicemail,627,2025-04-20 19:43:00
1353,1,connected,534,2025-11-22 17:42:00
1354,31,voicemail,63,2025-04-30 11:27:00
1355,23,voicemail,796,2025-11-12 08:29:00
1356,30,connected,843,2025-05-21 12:13:00
1357,13,missed,595,2025-06-02 19:43:00
1358,30,connected,360,2025-01-28 08:07:00
1359,45,missed,226,2025-12-11 11:52:00
1360,50,missed,247,2025-05-29 19:05:00
1361,50,voicemail,715,2025-08-29 15:44:00
1362,19,missed,727,2025-11-15 11:06:00
1363,33,connected,777,2025-09-17 12:01:00
1364,49,connected,142,2025-03-16 18:03:00
1365,8,voicemail,879,2025-06-19 13:55:00
1366,10,connected,188,2025-07-15 11:58:00
1367,6,connected,824,2025-01-24 16:54:00
1368,46,missed,495,2025-11-18 15:32:00
1369,45,connected,159,2025-10-08 08:23:00
1370,54,connected,782,2025-05-29 19:05:00
1371,6,connected,537,2025-09-23 10:30:00
1372,11,connected,325,2025-07-24 08:05:00
1373,50,connected,304,2025-09-18 17:28:00
1374,52,voicemail,125,2025-08-14 16:58:00
1375,5,voicemail,144,2025-09-15 15:05:00
1376,42,missed,825,2025-07-02 19:56:00
1377,7,voicemail,619,2025-04-10 12:33:00
1378,11,voicemail,158,2025-10-03 15:26:00
1379,45,connected,829,2025-04-23 17:16:00
1380,28,connected,766,2025-04-30 09:34:00
1381,52,connected,565,2025-09-28 11:20:00
1382,18,missed,872,2025-08-30 15:18:00
1383,22,connected,869,2025-08-24 19:50:00
1384,29,connected,705,2025-04-05 19:29:00
1385,39,connected,719,2025-04-14 18:52:00
1386,39,connected,90,2025-10-04 10:15:00
1387,13,connected,120,2025-08-06 18:09:00
1388,47,connected,291,2025-02-25 10:53:00
1389,15,connected,714,2025-08-13 17:28:00
1390,29,voicemail,35,2025-12-06 12:43:00
1391,7,missed,359,2025-05-09 16:34:00
1392,58,connected,419,2025-07-31 12:12:00
1393,10,connected,785,2025-05-05 08:25:00
1394,16,missed,483,2025-03-07 15:20:00
1395,49,missed,751,2025-06-23 16:18:00
1396,3,connected,84,2025-01-08 08:50:00
1397,44,voicemail,619,2025-11-02 19:33:00
1398,34,connected,742,2025-06-20 08:04:00
1399,44,connected,442,2025-10-20 18:24:00
1400,44,voicemail,857,2025-08-15 17:36:00
1401,48,connected,565,2025-04-06 18:59:00
1402,13,voicemail,47,2025-07-18 19:54:00
1403,58,voicemail,626,2025-09-10 08:45:00
1404,55,connected,711,2025-10-18 16:38:00
1405,41,missed,526,2025-04-04 18:57:00
1406,47,connected,255,2025-10-23 19:15:00
1407,34,missed,125,2025-02-06 11:25:00
1408,57,connected,534,2025-03-08 19:12:00
1409,6,connected,711,2025-11-09 10:45:00
1410,46,connected,419,2025-07-13 15:18:00
1411,56,missed,436,2025-05-10 19:56:00
1412,13,connected,674,2025-04-02 19:21:00
1413,2,connected,406,2025-07-07 15:47:00
1414,34,missed,309,2025-09-24 16:55:00
1415,36,voicemail,398,2025-01-06 17:21:00
1416,17,connected,22,2025-09-03 08:08:00
1417,35,voicemail,244,2025-10-19 12:51:00
1418,15,connected,111,2025-12-05 12:55:00
1419,12,connected,530,2025-05-26 18:32:00
1420,4,connected,752,2025-03-04 15:55:00
1421,59,voicemail,637,2025-04-02 10:34:00
1422,36,missed,816,2025-06-01 19:50:00
1423,37,voicemail,444,2025-07-26 13:31:00
1424,15,voicemail,359,2025-09-28 11:40:00
1425,30,missed,126,2025-06-11 10:59:00
1426,10,connected,102,2025-01-07 13:50:00
1427,37,connected,63,2025-12-14 13:24:00
1428,1,missed,168,2025-04-01 12:31:00
1429,42,connected,671,2025-01-19 19:05:00
1430,16,connected,32,2025-04-08 08:24:00
1431,35,connected,718,2025-06-08 14:17:00
1432,10,missed,588,2025-10-21 13:20:00
1433,24,connected,615,2025-01-21 11:11:00
1434,50,connected,739,2025-01-04 19:33:00
1435,9,connected,321,2025-12-03 12:43:00
1436,51,connected,55,2025-10-31 18:24:00
1437,54,connected,394,2025-02-21 13:42:00
1438,52,connected,139,2025-09-06 17:12:00
1439,27,connected,786,2025-05-11 14:17:00
1440,7,missed,141,2025-07-11 16:08:00
1441,12,connected,244,2025-03-29 18:45:00
1442,56,voicemail,605,2025-03-26 13:03:00
1443,5,connected,198,2025-01-14 11:56:00
1444,48,voicemail,786,2025-03-22 09:13:00
1445,37,voicemail,154,2025-10-23 19:34:00
1446,21,missed,304,2025-09-17 10:31:00
1447,15,connected,155,2025-06-12 09:45:00
1448,18,connected,883,2025-11-13 09:03:00
1449,45,voicemail,882,2025-02-13 17:21:00
1450,15,connected,109,2025-12-16 08:21:00
1451,40,connected,319,2025-09-03 18:50:00
1452,12,connected,832,2025-12-05 12:59:00
1453,42,voicemail,875,2025-05-07 09:45:00
1454,42,voicemail,719,2025-11-13 19:07:00
1455,40,connected,635,2025-10-20 16:55:00
1456,6,connected,37,2025-09-06 18:06:00
1457,39,voicemail,873,2025-12-02 09:06:00
1458,23,missed,229,2025-05-22 19:07:00
1459,53,voicemail,68,2025-08-11 09:42:00
1460,19,missed,16,2025-02-26 12:43:00
1461,58,connected,849,2025-10-14 08:26:00
1462,17,connected,164,2025-12-07 18:40:00
1463,2,connected,575,2025-11-19 11:40:00
1464,12,connected,800,2025-09-11 13:09:00
1465,42,voicemail,224,2025-12-20 17:29:00
1466,9,missed,762,2025-07-11 19:08:00
1467,4,connected,374,2025-11-23 14:44:00
1468,47,voicemail,111,2025-08-26 14:28:00
1469,54,missed,160,2025-02-06 15:52:00
1470,52,connected,292,2025-11-12 19:01:00
1471,7,connected,605,2025-04-27 15:08:00
1472,21,connected,780,2025-04-14 10:19:00
1473,50,voicemail,840,2025-11-19 08:29:00
1474,43,connected,584,2025-04-12 14:55:00
1475,36,connected,579,2025-09-18 14:52:00
1476,8,connected,860,2025-10-22 08:45:00
1477,44,missed,159,2025-03-11 16:44:00
1478,23,connected,29,2025-05-28 10:25:00
1479,49,connected,414,2025-02-17 16:42:00
1480,17,voicemail,117,2025-06-13 13:50:00
1481,28,connected,365,2025-12-01 16:16:00
1482,34,voicemail,33,2025-02-28 14:00:00
1483,19,missed,781,2025-06-20 17:34:00
1484,12,connected,304,2025-08-13 15:02:00
1485,22,voicemail,323,2025-12-06 17:49:00
1486,30,connected,510,2025-12-13 10:37:00
1487,8,connected,540,2025-03-29 09:20:00
1488,53,connected,382,2025-05-05 11:12:00
1489,35,missed,36,2025-06-02 17:40:00
1490,9,voicemail,532,2025-08-02 16:41:00
1491,13,connected,744,2025-04-18 10:58:00
1492,50,connected,719,2025-01-26 10:02:00
1493,42,connected,361,2025-07-05 17:33:00
1494,1,connected,68,2025-04-07 13:34:00
1495,52,connected,766,2025-07-03 17:52:00
1496,24,voicemail,497,2025-02-10 19:16:00
1497,45,voicemail,804,2025-05-05 13:02:00
1498,17,voicemail,699,2025-06-01 18:42:00
1499,20,voicemail,828,2025-10-16 10:48:00
1500,44,voicemail,301,2025-01-09 13:23:00
1501,18,connected,787,2025-11-05 16:13:00
1502,5,missed,728,2025-02-20 17:54:00
1503,19,connected,291,2025-10-26 10:11:00
1504,54,connected,654,2025-09-20 18:36:00
1505,22,connected,485,2025-12-08 12:09:00
1506,29,missed,435,2025-11-04 19:14:00
1507,1,voicemail,343,2025-05-23 18:21:00
1508,2,missed,326,2025-10-18 15:34:00
1509,42,connected,306,2025-12-12 09:56:00
1510,28,connected,866,2025-04-11 10:32:00
1511,43,connected,753,2025-02-02 13:46:00
1512,54,voicemail,371,2025-10-16 09:10:00
1513,7,missed,531,2025-03-03 17:46:00
1514,57,connected,265,2025-05-25 09:05:00
1515,28,connected,873,2025-07-12 13:24:00
1516,15,connected,242,2025-11-19 08:03:00
1517,60,connected,710,2025-12-15 11:12:00
1518,21,missed,56,2025-10-25 09:22:00
1519,26,connected,697,2025-06-01 18:23:00
1520,54,voicemail,595,2025-06-18 12:54:00
1521,6,missed,760,2025-05-16 15:13:00
1522,22,missed,164,2025-11-13 19:32:00
1523,13,missed,407,2025-12-14 10:23:00
1524,49,missed,283,2025-08-31 19:06:00
1525,43,connected,853,2025-07-21 14:58:00
1526,53,connected,417,2025-07-06 13:57:00
1527,30,connected,421,2025-07-25 11:15:00
1528,25,connected,416,2025-07-03 09:28:00
1529,8,connected,599,2025-02-13 14:29:00
1530,37,voicemail,645,2025-07-19 10:17:00
1531,58,voicemail,173,2025-10-27 11:19:00
1532,19,connected,191,2025-04-13 16:58:00
1533,21,connected,205,2025-02-12 19:33:00
1534,14,voicemail,306,2025-09-12 15:28:00
1535,41,connected,769,2025-05-29 11:14:00
1536,45,connected,72,2025-05-07 09:03:00
1537,31,missed,504,2025-10-03 14:49:00
1538,44,connected,304,2025-01-24 19:21:00
1539,3,connected,575,2025-04-15 19:49:00
1540,7,voicemail,841,2025-08-08 18:42:00
1541,24,voicemail,568,2025-06-08 18:58:00
1542,41,voicemail,417,2025-01-29 09:32:00
1543,55,connected,582,2025-06-09 15:24:00
1544,1,voicemail,394,2025-09-25 15:57:00
1545,26,connected,871,2025-06-06 08:13:00
1546,55,missed,222,2025-07-12 18:10:00
1547,57,connected,813,2025-05-25 14:25:00
1548,12,connected,651,2025-03-15 18:09:00
1549,6,connected,411,2025-08-22 19:21:00
1550,28,connected,636,2025-08-03 08:24:00
1551,59,voicemail,60,2025-12-15 15:57:00
1552,11,voicemail,790,2025-09-12 10:59:00
1553,51,connected,397,2025-12-08 19:28:00
1554,27,missed,485,2025-02-08 19:27:00
1555,27,voicemail,776,2025-06-30 15:40:00
1556,8,connected,175,2025-08-02 10:25:00
1557,8,voicemail,145,2025-12-04 11:16:00
1558,56,voicemail,849,2025-10-26 13:46:00
1559,29,connected,283,2025-03-31 17:05:00
1560,30,connected,750,2025-08-09 10:27:00
1561,7,voicemail,666,2025-06-04 09:01:00
1562,38,missed,363,2025-11-01 18:30:00
1563,33,missed,265,2025-02-06 11:33:00
1564,41,connected,27,2025-01-09 11:40:00
1565,16,connected,797,2025-03-01 14:30:00
1566,1,connected,269,2025-06-24 18:53:00
1567,43,connected,351,2025-01-21 09:38:00
1568,35,connected,409,2025-04-13 08:25:00
1569,37,voicemail,329,2025-07-26 17:35:00
1570,39,connected,600,2025-07-06 09:04:00
1571,3,connected,570,2025-04-10 17:28:00
1572,56,connected,233,2025-07-03 16:44:00
1573,42,missed,71,2025-01-15 12:49:00
1574,18,missed,91,2025-02-20 14:25:00
1575,41,missed,115,2025-11-25 11:51:00
1576,1,connected,305,2025-07-23 16:22:00
1577,13,missed,105,2025-10-21 18:51:00
1578,49,connected,542,2025-01-07 08:32:00
1579,36,connected,683,2025-01-04 15:57:00
1580,17,voicemail,741,2025-12-15 19:31:00
1581,24,voicemail,274,2025-09-29 19:54:00
1582,4,connected,619,2025-03-28 11:32:00
1583,30,missed,566,2025-02-04 17:38:00
1584,49,connected,719,2025-03-14 11:21:00
1585,43,voicemail,863,2025-05-25 12:43:00
1586,18,voicemail,569,2025-06-22 19:56:00
1587,50,connected,895,2025-11-13 19:28:00
1588,59,voicemail,142,2025-04-14 17:47:00
1589,39,connected,91,2025-06-15 12:44:00
1590,23,connected,545,2025-12-14 10:53:00
1591,19,voicemail,426,2025-07-08 14:14:00
1592,28,connected,128,2025-04-20 10:33:00
1593,59,connected,865,2025-02-12 15:39:00
1594,38,connected,106,2025-08-11 15:15:00
1595,13,missed,588,2025-04-12 13:25:00
1596,36,connected,599,2025-11-19 18:21:00
1597,29,voicemail,662,2025-01-21 08:50:00
1598,8,voicemail,876,2025-06-18 19:15:00
1599,18,connected,884,2025-04-15 14:09:00
1600,40,connected,344,2025-04-01 14:11:00
1601,8,connected,214,2025-05-03 11:23:00
1602,29,voicemail,192,2025-02-15 08:56:00
1603,21,connected,146,2025-09-07 09:14:00
1604,41,connected,404,2025-10-01 16:11:00
1605,34,connected,151,2025-11-10 18:42:00
1606,33,connected,273,2025-08-18 13:25:00
1607,20,connected,796,2025-12-19 11:57:00
1608,8,missed,496,2025-12-12 14:40:00
1609,38,connected,30,2025-01-29 18:36:00
1610,25,connected,461,2025-01-21 15:19:00
1611,17,voicemail,345,2025-04-27 17:49:00
1612,15,connected,685,2025-05-23 15:58:00
1613,5,voicemail,130,2025-07-28 13:56:00
1614,42,missed,226,2025-11-26 11:24:00
1615,2,voicemail,98,2025-07-28 08:48:00
1616,45,connected,263,2025-12-11 18:10:00
1617,14,connected,37,2025-02-05 11:56:00
1618,26,connected,530,2025-09-12 12:28:00
1619,15,connected,435,2025-01-21 17:02:00
1620,13,connected,756,2025-06-25 19:17:00
1621,9,connected,534,2025-01-23 19:39:00
1622,22,voicemail,296,2025-09-27 10:18:00
1623,58,connected,117,2025-10-11 18:04:00
1624,43,connected,586,2025-08-09 19:14:00
1625,38,connected,81,2025-03-23 12:50:00
1626,16,connected,578,2025-11-21 13:33:00
1627,29,connected,836,2025-04-30 19:43:00
1628,17,connected,509,2025-07-17 14:59:00
1629,48,connected,645,2025-07-24 11:03:00
1630,2,connected,29,2025-09-07 11:57:00
1631,33,voicemail,312,2025-08-20 14:54:00
1632,18,connected,364,2025-04-29 08:33:00
1633,34,connected,476,2025-03-27 08:18:00
1634,18,voicemail,274,2025-06-22 10:35:00
1635,16,voicemail,567,2025-07-08 15:40:00
1636,17,connected,610,2025-03-30 12:14:00
1637,55,connected,809,2025-10-06 12:43:00
1638,51,missed,619,2025-08-22 18:46:00
1639,17,voicemail,252,2025-09-19 08:56:00
1640,8,voicemail,450,2025-09-24 08:58:00
1641,35,voicemail,494,2025-01-15 13:50:00
1642,46,missed,249,2025-04-23 18:45:00
1643,47,voicemail,384,2025-10-30 14:28:00
1644,49,voicemail,44,2025-08-05 19:16:00
1645,12,connected,542,2025-09-03 11:38:00
1646,27,connected,861,2025-06-21 16:56:00
1647,41,missed,322,2025-10-27 18:12:00
1648,44,voicemail,541,2025-04-21 18:00:00
1649,59,connected,435,2025-07-07 11:16:00
1650,29,connected,720,2025-11-19 14:31:00
1651,33,connected,849,2025-01-21 15:41:00
1652,43,connected,660,2025-10-11 18:51:00
1653,45,connected,821,2025-06-08 10:37:00
1654,11,connected,283,2025-07-09 17:06:00
1655,19,connected,473,2025-10-07 12:20:00
1656,37,connected,533,2025-03-30 17:12:00
1657,7,connected,507,2025-01-21 14:49:00
1658,34,missed,761,2025-07-24 12:51:00
1659,25,connected,301,2025-02-03 09:24:00
1660,21,connected,121,2025-09-13 18:31:00
1661,58,voicemail,796,2025-10-10 12:49:00
1662,43,connected,425,2025-03-02 14:12:00
1663,57,connected,197,2025-03-08 12:27:00
1664,14,connected,801,2025-01-17 13:58:00
1665,49,voicemail,519,2025-12-16 16:47:00
1666,27,missed,358,2025-06-22 15:35:00
1667,25,connected,233,2025-08-03 14:53:00
1668,50,connected,163,2025-01-15 09:07:00
1669,41,voicemail,298,2025-12-13 13:35:00
1670,28,connected,296,2025-02-12 15:39:00
1671,37,missed,320,2025-09-17 12:44:00
1672,46,connected,371,2025-02-21 09:38:00
1673,39,connected,722,2025-07-30 10:30:00
1674,48,missed,823,2025-08-03 16:37:00
1675,41,connected,239,2025-01-30 15:07:00
1676,2,voicemail,26,2025-07-11 10:12:00
1677,15,voicemail,35,2025-12-20 12:28:00
1678,46,connected,517,2025-05-06 10:08:00
1679,18,voicemail,788,2025-04-08 15:59:00
1680,21,voicemail,750,2025-10-04 09:06:00
1681,28,connected,414,2025-03-10 19:39:00
1682,54,missed,530,2025-08-17 13:04:00
1683,8,voicemail,467,2025-05-18 15:29:00
1684,54,connected,134,2025-03-03 19:20:00
1685,40,connected,623,2025-04-12 14:09:00
1686,42,connected,418,2025-08-26 09:05:00
1687,34,connected,183,2025-10-21 16:14:00
1688,44,voicemail,744,2025-05-24 18:17:00
1689,3,connected,745,2025-03-08 08:42:00
1690,33,connected,583,2025-04-26 19:34:00
1691,48,connected,664,2025-10-18 18:13:00
1692,24,connected,886,2025-11-27 16:50:00
1693,21,connected,882,2025-10-08 08:19:00
1694,40,voicemail,646,2025-07-05 10:32:00
1695,32,missed,700,2025-07-18 13:27:00
1696,29,connected,548,2025-06-11 14:26:00
1697,36,connected,365,2025-09-22 18:13:00
1698,49,missed,703,2025-10-30 12:52:00
1699,6,voicemail,222,2025-04-13 15:13:00
1700,13,missed,689,2025-03-30 12:53:00
1701,4,connected,665,2025-09-24 12:19:00
1702,19,voicemail,76,2025-10-15 10:01:00
1703,34,connected,493,2025-06-01 11:22:00
1704,40,connected,145,2025-10-25 09:20:00
1705,31,connected,851,2025-12-09 12:45:00
1706,18,missed,182,2025-09-29 17:27:00
1707,6,connected,335,2025-03-27 10:43:00
1708,57,connected,51,2025-09-19 09:36:00
1709,4,connected,307,2025-07-12 14:48:00
1710,24,missed,82,2025-03-19 18:42:00
1711,51,missed,376,2025-03-06 14:09:00
1712,17,connected,439,2025-05-29 10:53:00
1713,40,voicemail,53,2025-03-21 14:26:00
1714,60,connected,439,2025-06-29 18:59:00
1715,41,voicemail,70,2025-08-04 11:28:00
1716,4,connected,859,2025-08-14 08:36:00
1717,58,missed,388,2025-07-11 15:49:00
1718,23,missed,556,2025-04-30 19:08:00
1719,22,voicemail,719,2025-08-20 11:29:00
1720,6,connected,803,2025-02-22 09:53:00
1721,44,missed,584,2025-12-19 13:54:00
1722,60,connected,124,2025-11-25 19:04:00
1723,46,missed,574,2025-08-30 09:32:00
1724,36,missed,830,2025-09-07 16:48:00
1725,6,connected,822,2025-07-04 09:33:00
1726,41,connected,631,2025-08-08 11:29:00
1727,34,connected,678,2025-05-17 15:04:00
1728,37,connected,367,2025-07-06 14:53:00
1729,57,voicemail,24,2025-04-01 08:53:00
1730,2,missed,738,2025-05-13 09:50:00
1731,37,connected,686,2025-05-30 13:57:00
1732,28,connected,620,2025-09-22 08:51:00
1733,4,missed,19,2025-04-10 16:59:00
1734,27,missed,324,2025-02-02 14:54:00
1735,14,connected,160,2025-10-29 15:40:00
1736,19,connected,830,2025-03-30 16:12:00
1737,29,connected,257,2025-11-29 09:46:00
1738,56,connected,110,2025-05-21 10:25:00
1739,44,voicemail,431,2025-01-10 19:44:00
1740,59,missed,146,2025-03-22 14:24:00
1741,38,missed,412,2025-03-25 10:03:00
1742,7,connected,119,2025-04-29 12:45:00
1743,33,connected,46,2025-09-13 10:45:00
1744,38,connected,149,2025-09-14 16:07:00
1745,6,connected,137,2025-10-10 17:25:00
1746,45,connected,211,2025-09-24 13:37:00
1747,5,voicemail,531,2025-04-09 10:43:00
1748,28,connected,766,2025-05-08 12:28:00
1749,34,missed,557,2025-09-25 10:19:00
1750,22,voicemail,142,2025-12-17 17:33:00
1751,32,connected,236,2025-10-01 11:36:00
1752,8,connected,795,2025-09-09 10:35:00
1753,34,voicemail,245,2025-03-22 17:11:00
1754,46,connected,109,2025-08-23 11:56:00
1755,34,connected,341,2025-08-30 12:51:00
1756,19,voicemail,358,2025-01-14 19:19:00
1757,32,connected,202,2025-06-15 12:07:00
1758,59,connected,869,2025-04-14 17:02:00
1759,52,connected,885,2025-09-02 10:46:00
1760,42,voicemail,135,2025-06-03 12:43:00
1761,7,voicemail,900,2025-01-07 09:30:00
1762,53,connected,593,2025-10-10 14:31:00
1763,49,voicemail,719,2025-07-02 14:58:00
1764,1,connected,809,2025-01-01 13:48:00
1765,20,connected,303,2025-06-25 10:31:00
1766,56,connected,234,2025-07-09 15:13:00
1767,11,missed,719,2025-07-23 17:55:00
1768,23,connected,276,2025-04-13 12:17:00
1769,37,voicemail,138,2025-09-01 10:58:00
1770,11,missed,337,2025-07-13 09:18:00
1771,42,missed,441,2025-11-23 17:10:00
1772,60,connected,113,2025-01-24 10:22:00
1773,46,connected,899,2025-09-19 12:47:00
1774,60,connected,511,2025-01-27 08:32:00
1775,60,connected,534,2025-10-22 19:38:00
1776,31,missed,694,2025-01-12 12:02:00
1777,5,missed,520,2025-04-16 12:35:00
1778,37,missed,585,2025-07-20 10:27:00
1779,54,missed,404,2025-04-24 17:08:00
1780,17,connected,353,2025-07-23 19:58:00
1781,37,voicemail,264,2025-11-19 09:34:00
1782,59,connected,322,2025-01-12 15:38:00
1783,19,connected,831,2025-01-14 19:44:00
1784,21,connected,294,2025-02-22 17:00:00
1785,27,connected,353,2025-02-01 14:40:00
1786,51,connected,25,2025-03-24 14:04:00
1787,2,connected,74,2025-12-03 17:06:00
1788,32,missed,649,2025-02-23 18:23:00
1789,16,connected,113,2025-08-14 15:30:00
1790,48,connected,644,2025-05-15 16:33:00
1791,20,voicemail,387,2025-08-31 18:13:00
1792,5,voicemail,386,2025-12-15 19:54:00
1793,19,missed,780,2025-06-15 09:26:00
1794,20,voicemail,721,2025-04-20 18:37:00
1795,34,connected,255,2025-03-08 14:54:00
1796,51,missed,56,2025-08-25 17:29:00
1797,17,missed,580,2025-02-23 16:26:00
1798,36,voicemail,718,2025-03-12 19:59:00
1799,32,connected,113,2025-06-30 17:43:00
1800,35,connected,206,2025-10-07 18:49:00
1801,44,connected,464,2025-04-10 13:44:00
1802,60,missed,863,2025-06-27 16:26:00
1803,53,connected,339,2025-11-29 16:16:00
1804,7,missed,52,2025-04-11 19:54:00
1805,40,missed,183,2025-04-15 08:26:00
1806,19,connected,445,2025-07-25 18:27:00
1807,32,voicemail,528,2025-03-30 11:26:00
1808,50,voicemail,327,2025-02-13 19:05:00
1809,47,connected,530,2025-01-15 19:42:00
1810,45,voicemail,221,2025-04-01 19:48:00
1811,33,connected,461,2025-12-18 12:48:00
1812,39,voicemail,868,2025-12-02 16:03:00
1813,15,connected,658,2025-02-08 10:10:00
1814,48,connected,816,2025-08-09 16:05:00
1815,45,connected,610,2025-08-15 18:41:00
1816,12,connected,216,2025-06-26 14:14:00
1817,27,connected,242,2025-09-29 08:20:00
1818,45,connected,350,2025-04-23 10:27:00
1819,4,connected,105,2025-01-21 16:40:00
1820,7,missed,265,2025-04-05 08:30:00
1821,14,connected,859,2025-09-26 16:42:00
1822,4,voicemail,185,2025-02-09 09:08:00
1823,17,connected,808,2025-11-17 18:50:00
1824,53,connected,145,2025-08-01 09:03:00
1825,5,connected,669,2025-01-17 12:21:00
1826,12,voicemail,735,2025-01-25 08:02:00
1827,38,connected,637,2025-10-23 18:46:00
1828,30,connected,43,2025-03-01 16:51:00
1829,24,connected,725,2025-11-18 09:53:00
1830,57,connected,731,2025-06-15 12:06:00
1831,11,voicemail,366,2025-03-24 08:53:00
1832,5,missed,530,2025-02-28 15:49:00
1833,49,connected,548,2025-06-19 10:25:00
1834,30,connected,71,2025-01-22 17:31:00
1835,16,connected,646,2025-10-13 17:06:00
1836,19,missed,519,2025-11-06 09:38:00
1837,6,connected,128,2025-01-17 12:07:00
1838,17,voicemail,528,2025-07-15 09:50:00
1839,32,voicemail,80,2025-06-12 08:36:00
1840,23,connected,317,2025-10-12 16:46:00
1841,16,missed,81,2025-06-23 10:29:00
1842,22,missed,777,2025-04-27 10:19:00
1843,60,voicemail,647,2025-08-31 19:03:00
1844,23,voicemail,714,2025-04-04 11:46:00
1845,43,connected,28,2025-06-07 17:54:00
1846,5,voicemail,379,2025-09-05 19:26:00
1847,13,connected,876,2025-11-28 12:53:00
1848,3,missed,700,2025-11-19 13:33:00
1849,22,voicemail,117,2025-09-17 16:23:00
1850,23,connected,497,2025-08-19 08:28:00
1851,54,connected,451,2025-08-20 14:58:00
1852,9,connected,886,2025-08-25 19:24:00
1853,7,connected,811,2025-01-18 08:15:00
1854,2,connected,735,2025-08-31 19:22:00
1855,15,connected,162,2025-10-15 16:04:00
1856,21,missed,493,2025-11-15 16:01:00
1857,1,missed,682,2025-08-28 16:24:00
1858,57,missed,454,2025-03-01 17:00:00
1859,4,connected,281,2025-09-24 19:29:00
1860,21,connected,464,2025-06-11 12:33:00
1861,7,connected,328,2025-05-13 11:48:00
1862,38,connected,778,2025-05-15 17:10:00
1863,26,connected,804,2025-07-24 11:38:00
1864,58,connected,728,2025-06-26 16:06:00
1865,46,connected,253,2025-04-27 11:17:00
1866,59,voicemail,96,2025-11-12 13:58:00
1867,22,voicemail,879,2025-04-03 17:10:00
1868,30,connected,709,2025-08-25 15:05:00
1869,13,connected,634,2025-07-09 18:26:00
1870,8,connected,97,2025-07-20 11:06:00
1871,8,missed,817,2025-05-05 18:40:00
1872,32,connected,835,2025-09-14 16:30:00
1873,43,voicemail,696,2025-11-07 19:33:00
1874,42,connected,889,2025-10-24 11:03:00
1875,37,missed,476,2025-01-30 15:09:00
1876,53,voicemail,64,2025-06-13 08:38:00
1877,42,missed,206,2025-01-03 18:21:00
1878,2,missed,293,2025-10-27 14:45:00
1879,25,connected,357,2025-12-08 08:26:00
1880,34,connected,838,2025-10-18 10:52:00
1881,24,voicemail,897,2025-07-09 16:33:00
1882,50,connected,486,2025-11-02 18:35:00
1883,17,connected,26,2025-01-14 12:56:00
1884,8,connected,289,2025-10-25 09:26:00
1885,44,connected,154,2025-02-23 11:31:00
1886,37,connected,249,2025-11-21 08:36:00
1887,55,connected,244,2025-01-08 11:48:00
1888,4,voicemail,179,2025-03-01 13:07:00
1889,55,missed,303,2025-09-27 15:01:00
1890,17,connected,810,2025-09-28 13:02:00
1891,11,connected,813,2025-04-15 15:58:00
1892,49,voicemail,873,2025-05-31 15:07:00
1893,55,missed,381,2025-06-26 08:13:00
1894,53,connected,769,2025-08-31 19:58:00
1895,2,connected,583,2025-01-06 16:14:00
1896,58,connected,565,2025-09-19 10:52:00
1897,4,connected,162,2025-02-11 19:50:00
1898,58,missed,841,2025-02-25 10:25:00
1899,60,connected,690,2025-03-30 18:49:00
1900,28,connected,388,2025-12-17 19:51:00
1901,32,voicemail,121,2025-06-10 19:48:00
1902,33,missed,819,2025-08-10 15:09:00
1903,24,missed,461,2025-01-09 17:29:00
1904,16,connected,822,2025-08-05 16:28:00
1905,52,voicemail,282,2025-11-26 17:44:00
1906,10,connected,662,2025-12-04 13:06:00
1907,8,missed,663,2025-01-05 16:05:00
1908,52,connected,95,2025-09-10 11:21:00
1909,55,connected,648,2025-08-23 08:37:00
1910,45,voicemail,434,2025-04-11 14:46:00
1911,8,missed,384,2025-09-05 16:32:00
1912,6,voicemail,831,2025-09-27 11:51:00
1913,30,missed,446,2025-07-13 09:41:00
1914,45,connected,378,2025-08-19 13:44:00
1915,4,connected,286,2025-08-19 17:12:00
1916,40,missed,505,2025-03-01 16:10:00
1917,54,connected,74,2025-08-03 16:12:00
1918,18,connected,227,2025-12-05 12:03:00
1919,12,connected,719,2025-09-22 13:37:00
1920,39,connected,482,2025-02-13 15:06:00
1921,32,missed,401,2025-06-10 19:43:00
1922,16,connected,16,2025-06-10 11:53:00
1923,48,connected,449,2025-09-17 16:12:00
1924,11,connected,763,2025-02-01 11:35:00
1925,47,connected,311,2025-12-17 11:28:00
1926,1,connected,418,2025-02-24 17:37:00
1927,12,voicemail,678,2025-09-26 10:08:00
1928,17,missed,432,2025-10-20 09:39:00
1929,50,connected,850,2025-12-14 16:31:00
1930,31,voicemail,59,2025-11-26 09:14:00
1931,7,voicemail,561,2025-01-12 14:08:00
1932,17,connected,141,2025-07-06 13:48:00
1933,32,connected,157,2025-02-24 14:21:00
1934,9,missed,134,2025-04-03 19:00:00
1935,26,connected,448,2025-09-29 14:22:00
1936,55,connected,271,2025-08-02 08:18:00
1937,12,voicemail,608,2025-11-22 09:41:00
1938,4,missed,288,2025-04-21 17:28:00
1939,13,connected,439,2025-08-06 15:04:00
1940,11,voicemail,321,2025-02-10 17:35:00
1941,47,connected,323,2025-08-17 09:20:00
1942,23,missed,775,2025-08-31 18:08:00
1943,8,connected,81,2025-12-14 19:39:00
1944,6,voicemail,402,2025-05-07 16:58:00
1945,16,missed,63,2025-10-30 10:50:00
1946,52,connected,477,2025-09-14 14:31:00
1947,47,connected,31,2025-04-01 15:51:00
1948,6,connected,389,2025-11-26 08:52:00
1949,42,connected,437,2025-04-27 16:48:00
1950,55,connected,637,2025-10-30 12:38:00
1951,10,voicemail,451,2025-09-11 15:30:00
1952,18,connected,188,2025-06-01 12:21:00
1953,29,missed,601,2025-02-28 13:54:00
1954,24,voicemail,460,2025-05-19 16:16:00
1955,31,missed,718,2025-03-22 14:02:00
1956,17,missed,193,2025-02-05 16:05:00
1957,31,connected,107,2025-09-13 14:37:00
1958,38,connected,204,2025-05-27 18:35:00
1959,13,connected,866,2025-10-26 10:17:00
1960,32,missed,332,2025-01-21 10:37:00
1961,44,missed,344,2025-12-03 19:45:00
1962,18,missed,184,2025-08-29 08:02:00
1963,29,missed,105,2025-04-29 14:35:00
1964,3,connected,825,2025-10-02 16:11:00
1965,18,connected,664,2025-03-14 17:30:00
1966,41,connected,508,2025-08-13 13:12:00
1967,9,voicemail,564,2025-11-16 11:36:00
1968,7,connected,363,2025-10-10 17:36:00
1969,4,connected,322,2025-07-05 09:37:00
1970,49,voicemail,332,2025-11-28 16:11:00
1971,18,missed,714,2025-08-02 09:04:00
1972,56,connected,876,2025-09-28 11:46:00
1973,18,connected,734,2025-07-25 08:27:00
1974,7,voicemail,567,2025-08-05 12:31:00
1975,16,connected,793,2025-09-19 19:25:00
1976,16,missed,716,2025-09-13 15:10:00
1977,5,connected,589,2025-10-15 10:08:00
1978,26,connected,329,2025-02-03 08:21:00
1979,19,connected,534,2025-07-19 13:39:00
1980,2,connected,189,2025-02-27 12:03:00
1981,45,connected,389,2025-01-05 13:01:00
1982,19,voicemail,348,2025-10-31 15:35:00
1983,8,connected,498,2025-05-28 15:01:00
1984,5,connected,548,2025-07-04 15:38:00
1985,60,voicemail,259,2025-03-11 17:10:00
1986,39,missed,858,2025-03-05 11:32:00
1987,44,voicemail,97,2025-03-05 18:35:00
1988,32,missed,829,2025-05-23 08:03:00
1989,51,connected,786,2025-09-11 10:24:00
1990,11,missed,660,2025-10-02 12:13:00
1991,11,voicemail,408,2025-04-25 08:46:00
1992,41,connected,500,2025-04-20 10:37:00
1993,18,missed,307,2025-05-21 15:11:00
1994,55,connected,448,2025-03-12 12:59:00
1995,31,connected,268,2025-03-18 18:15:00
1996,15,voicemail,177,2025-06-06 18:24:00
1997,3,voicemail,199,2025-12-18 10:09:00
1998,43,connected,117,2025-08-17 15:41:00
1999,57,connected,327,2025-07-01 18:17:00
2000,43,missed,239,2025-02-06 08:39:00
2001,53,missed,727,2025-09-17 09:46:00
2002,51,voicemail,750,2025-09-21 19:36:00
2003,46,connected,899,2025-03-15 18:09:00
2004,18,missed,189,2025-02-26 17:27:00
2005,15,missed,519,2025-07-02 13:10:00
2006,9,voicemail,248,2025-09-20 10:01:00
2007,49,connected,516,2025-11-14 12:39:00
2008,36,missed,856,2025-01-19 17:11:00
2009,40,connected,464,2025-04-29 16:23:00
2010,54,connected,372,2025-02-12 13:17:00
2011,50,connected,294,2025-11-01 19:19:00
2012,10,missed,489,2025-11-04 11:31:00
2013,10,voicemail,182,2025-08-08 11:13:00
2014,52,connected,222,2025-05-10 15:43:00
2015,23,missed,473,2025-07-10 18:40:00
2016,55,connected,363,2025-04-23 09:14:00
2017,39,missed,93,2025-04-11 09:55:00
2018,59,connected,131,2025-07-19 10:55:00
2019,59,connected,405,2025-08-04 19:47:00
2020,40,connected,375,2025-07-13 15:02:00
2021,23,connected,505,2025-09-02 09:23:00
2022,40,connected,567,2025-11-27 11:58:00
2023,15,connected,419,2025-04-26 10:49:00
2024,41,voicemail,359,2025-12-01 08:07:00
2025,14,voicemail,327,2025-06-21 09:48:00
2026,50,voicemail,263,2025-01-29 19:16:00
2027,6,missed,466,2025-02-09 11:52:00
2028,43,connected,692,2025-03-13 18:41:00
2029,9,connected,481,2025-03-09 11:52:00
2030,35,missed,660,2025-03-31 14:49:00
2031,3,connected,659,2025-07-23 16:44:00
2032,48,connected,250,2025-11-26 08:48:00
2033,31,voicemail,438,2025-01-09 12:34:00
2034,35,missed,624,2025-07-28 19:39:00
2035,33,connected,454,2025-08-20 16:06:00
2036,37,voicemail,794,2025-03-28 13:36:00
2037,51,connected,33,2025-02-11 10:39:00
2038,60,connected,680,2025-09-27 11:33:00
2039,56,connected,850,2025-04-08 17:15:00
2040,10,connected,146,2025-08-15 17:46:00
2041,25,connected,527,2025-11-07 19:25:00
2042,13,voicemail,71,2025-12-18 19:59:00
2043,6,voicemail,789,2025-05-05 08:54:00
2044,26,voicemail,221,2025-06-15 10:15:00
2045,39,missed,872,2025-12-20 17:04:00
2046,53,voicemail,401,2025-02-20 14:19:00
2047,57,voicemail,90,2025-12-16 13:05:00
2048,48,connected,733,2025-07-17 18:52:00
2049,17,voicemail,634,2025-07-31 10:12:00
2050,40,voicemail,624,2025-08-01 15:35:00
2051,10,voicemail,68,2025-08-10 16:00:00
2052,1,connected,218,2025-05-25 10:10:00
2053,27,voicemail,862,2025-01-21 16:32:00
2054,50,connected,690,2025-09-30 11:58:00
2055,37,connected,288,2025-02-11 17:29:00
2056,16,missed,861,2025-03-02 08:23:00
2057,14,connected,675,2025-10-15 18:38:00
2058,15,voicemail,653,2025-02-21 19:00:00
2059,20,connected,868,2025-05-20 10:15:00
2060,48,connected,49,2025-08-04 09:01:00
2061,43,missed,166,2025-11-15 19:53:00
2062,36,voicemail,226,2025-11-16 19:34:00
2063,11,connected,779,2025-02-05 18:06:00
2064,3,missed,790,2025-02-19 09:00:00
2065,59,missed,886,2025-08-01 19:38:00
2066,32,connected,508,2025-09-21 18:01:00
2067,19,voicemail,731,2025-12-12 08:37:00
2068,29,missed,483,2025-12-11 18:25:00
2069,55,voicemail,261,2025-08-07 09:02:00
2070,4,missed,357,2025-11-05 11:04:00
2071,39,connected,152,2025-11-20 11:24:00
2072,21,connected,96,2025-05-03 12:56:00
2073,56,voicemail,197,2025-09-04 18:43:00
2074,23,connected,402,2025-01-07 10:12:00
2075,15,missed,484,2025-03-07 13:02:00
2076,38,connected,331,2025-12-06 12:32:00
2077,15,connected,813,2025-02-12 18:18:00
2078,48,missed,234,2025-10-25 14:00:00
2079,52,connected,461,2025-02-07 19:32:00
2080,31,connected,46,2025-07-16 15:12:00
2081,30,connected,688,2025-03-25 13:30:00
2082,24,connected,261,2025-10-07 14:13:00
2083,39,connected,48,2025-03-02 09:52:00
2084,14,voicemail,573,2025-09-20 09:00:00
2085,10,connected,467,2025-10-19 16:33:00
2086,9,missed,228,2025-03-30 11:43:00
2087,55,connected,154,2025-06-22 11:17:00
2088,56,voicemail,248,2025-03-14 12:58:00
2089,49,connected,324,2025-03-09 09:01:00
2090,8,voicemail,834,2025-05-13 10:12:00
2091,58,connected,857,2025-01-03 14:50:00
2092,22,connected,27,2025-08-13 19:48:00
2093,26,voicemail,169,2025-02-25 13:07:00
2094,32,connected,191,2025-05-13 09:01:00
2095,35,connected,646,2025-06-09 16:53:00
2096,33,missed,729,2025-10-16 17:01:00
2097,16,connected,436,2025-02-21 12:24:00
2098,28,connected,168,2025-09-22 14:42:00
2099,56,connected,775,2025-10-12 16:22:00
2100,8,voicemail,471,2025-11-19 14:42:00
2101,46,connected,302,2025-08-07 15:51:00
2102,52,connected,672,2025-12-17 16:20:00
2103,51,voicemail,402,2025-12-20 14:19:00
2104,51,voicemail,458,2025-08-08 13:38:00
2105,44,missed,202,2025-11-23 16:10:00
2106,31,voicemail,435,2025-08-21 17:48:00
2107,18,connected,746,2025-10-06 12:51:00
2108,21,connected,316,2025-08-28 12:51:00
2109,29,voicemail,190,2025-12-09 08:03:00
2110,7,connected,410,2025-04-09 16:15:00
2111,24,missed,773,2025-03-23 18:33:00
2112,5,connected,706,2025-05-01 12:11:00
2113,57,missed,444,2025-01-24 19:23:00
2114,15,connected,686,2025-06-10 15:40:00
2115,4,missed,860,2025-06-22 15:08:00
2116,25,connected,578,2025-09-11 11:56:00
2117,3,connected,779,2025-01-25 08:12:00
2118,3,connected,64,2025-05-18 15:29:00
2119,37,voicemail,667,2025-01-10 09:08:00
2120,59,missed,214,2025-02-15 10:15:00
2121,33,connected,891,2025-10-06 17:39:00
2122,22,connected,835,2025-07-09 14:53:00
2123,11,connected,141,2025-09-06 08:24:00
2124,13,voicemail,390,2025-02-06 12:17:00
2125,48,connected,413,2025-10-06 15:57:00
2126,47,connected,458,2025-07-15 10:40:00
2127,40,missed,696,2025-12-17 19:26:00
2128,21,connected,102,2025-02-02 10:25:00
2129,21,missed,876,2025-05-09 11:30:00
2130,3,connected,680,2025-05-20 09:50:00
2131,20,connected,256,2025-03-03 16:28:00
2132,29,connected,75,2025-09-28 08:00:00
2133,37,connected,369,2025-09-29 08:26:00
2134,41,connected,363,2025-11-02 18:30:00
2135,26,voicemail,542,2025-05-03 18:07:00
2136,12,missed,866,2025-04-10 12:41:00
2137,13,connected,62,2025-12-01 14:09:00
2138,1,connected,437,2025-04-16 08:08:00
2139,41,voicemail,47,2025-01-20 15:15:00
2140,31,missed,444,2025-05-02 16:02:00
2141,16,connected,638,2025-02-16 18:28:00
2142,28,connected,635,2025-01-09 08:17:00
2143,58,voicemail,37,2025-07-16 08:21:00
2144,22,voicemail,772,2025-10-30 09:37:00
2145,38,voicemail,207,2025-05-23 12:17:00
2146,40,connected,681,2025-11-08 14:05:00
2147,24,connected,824,2025-11-13 16:28:00
2148,40,missed,441,2025-10-15 18:11:00
2149,9,connected,356,2025-06-16 15:56:00
2150,20,voicemail,282,2025-02-24 19:22:00
2151,41,connected,642,2025-01-23 08:27:00
2152,25,connected,253,2025-01-13 12:00:00
2153,38,connected,789,2025-11-27 14:56:00
2154,6,voicemail,141,2025-08-02 11:59:00
2155,58,connected,220,2025-04-12 12:20:00
2156,51,connected,290,2025-03-30 18:14:00
2157,13,voicemail,410,2025-04-02 12:17:00
2158,18,voicemail,112,2025-07-11 14:19:00
2159,38,connected,113,2025-05-20 13:56:00
2160,11,connected,579,2025-11-22 09:20:00
2161,60,connected,437,2025-11-10 15:19:00
2162,42,voicemail,722,2025-01-10 17:16:00
2163,37,connected,725,2025-02-18 17:44:00
2164,2,connected,766,2025-08-05 16:06:00
2165,9,connected,78,2025-06-26 14:01:00
2166,10,connected,184,2025-11-12 10:16:00
2167,59,voicemail,731,2025-10-09 15:04:00
2168,20,connected,434,2025-09-01 15:22:00
2169,39,missed,48,2025-07-20 08:49:00
2170,44,connected,877,2025-12-04 09:43:00
2171,37,voicemail,805,2025-08-19 19:26:00
2172,20,connected,682,2025-11-27 12:44:00
2173,36,voicemail,99,2025-07-29 14:21:00
2174,26,connected,461,2025-02-05 14:08:00
2175,22,missed,370,2025-07-31 09:09:00
2176,55,connected,826,2025-07-10 10:32:00
2177,47,connected,406,2025-11-19 09:50:00
2178,52,connected,170,2025-05-21 16:58:00
2179,43,connected,408,2025-05-30 17:31:00
2180,34,missed,230,2025-06-26 14:33:00
2181,5,connected,809,2025-11-07 16:01:00
2182,42,connected,400,2025-05-21 11:58:00
2183,22,voicemail,54,2025-12-18 08:47:00
2184,41,connected,821,2025-11-29 15:52:00
2185,9,connected,119,2025-11-09 12:07:00
2186,7,connected,199,2025-03-10 17:02:00
2187,23,connected,761,2025-09-25 16:18:00
2188,5,missed,415,2025-10-26 18:40:00
2189,47,connected,890,2025-03-28 19:13:00
2190,6,missed,323,2025-04-24 17:16:00
2191,28,connected,85,2025-01-15 19:32:00
2192,11,connected,146,2025-11-16 09:37:00
2193,43,connected,365,2025-05-01 10:08:00
2194,11,connected,82,2025-11-12 12:59:00
2195,12,connected,386,2025-04-26 12:30:00
2196,53,voicemail,660,2025-10-25 19:55:00
2197,53,connected,653,2025-01-05 19:40:00
2198,44,voicemail,693,2025-10-20 16:42:00
2199,15,voicemail,742,2025-02-10 10:01:00
2200,25,connected,860,2025-12-05 11:37:00
2201,22,connected,740,2025-06-08 10:57:00
2202,33,connected,674,2025-05-22 09:59:00
2203,9,voicemail,592,2025-11-02 11:34:00
2204,30,missed,291,2025-09-25 11:04:00
2205,1,connected,97,2025-08-13 12:33:00
2206,29,missed,197,2025-08-01 15:13:00
2207,1,voicemail,68,2025-01-04 09:34:00
2208,36,connected,811,2025-09-06 14:40:00
2209,54,voicemail,572,2025-11-03 11:09:00
2210,49,connected,293,2025-10-20 08:05:00
2211,8,connected,537,2025-07-13 08:05:00
2212,50,connected,50,2025-08-01 15:15:00
2213,11,connected,603,2025-09-23 15:56:00
2214,24,voicemail,753,2025-11-17 08:29:00
2215,32,connected,865,2025-03-18 16:39:00
2216,2,connected,373,2025-08-09 18:03:00
2217,43,connected,394,2025-06-21 11:17:00
2218,58,connected,168,2025-01-12 14:43:00
2219,57,connected,85,2025-09-10 15:08:00
2220,52,connected,254,2025-08-23 18:39:00
2221,55,missed,280,2025-10-17 11:43:00
2222,6,voicemail,453,2025-11-18 09:53:00
2223,5,connected,544,2025-10-04 09:56:00
2224,18,voicemail,133,2025-03-30 16:23:00
2225,37,voicemail,262,2025-04-03 08:59:00
2226,2,voicemail,296,2025-06-01 17:09:00
2227,11,connected,831,2025-10-25 16:39:00
2228,30,voicemail,432,2025-07-25 14:49:00
2229,8,connected,489,2025-03-01 08:47:00
2230,4,missed,882,2025-02-17 17:10:00
2231,4,connected,579,2025-09-01 19:27:00
2232,26,connected,836,2025-06-14 15:57:00
2233,8,connected,354,2025-11-08 15:10:00
2234,37,connected,85,2025-01-22 18:14:00
2235,35,missed,88,2025-08-03 15:24:00
2236,32,missed,689,2025-12-14 18:59:00
2237,45,voicemail,679,2025-12-01 15:09:00
2238,52,connected,871,2025-09-06 17:51:00
2239,46,connected,210,2025-01-15 13:39:00
2240,45,connected,805,2025-04-23 09:44:00
2241,24,voicemail,62,2025-02-08 08:38:00
2242,39,connected,654,2025-11-06 17:33:00
2243,12,connected,457,2025-05-20 09:13:00
2244,44,connected,209,2025-02-12 13:58:00
2245,34,connected,719,2025-01-14 09:03:00
2246,58,connected,74,2025-10-30 18:16:00
2247,46,missed,609,2025-06-24 11:32:00
2248,31,connected,400,2025-11-08 11:33:00
2249,43,connected,348,2025-06-04 19:17:00
2250,56,connected,131,2025-07-20 17:26:00
2251,25,missed,850,2025-03-30 19:43:00
2252,4,connected,469,2025-01-05 11:25:00
2253,13,voicemail,713,2025-08-27 13:30:00
2254,60,connected,354,2025-01-19 09:44:00
2255,35,missed,822,2025-01-07 15:31:00
2256,57,connected,804,2025-10-04 14:33:00
2257,12,connected,724,2025-07-30 19:19:00
2258,26,missed,869,2025-05-16 13:23:00
2259,29,missed,83,2025-06-29 08:56:00
2260,3,missed,453,2025-03-11 16:38:00
2261,46,connected,202,2025-08-16 15:20:00
2262,29,connected,624,2025-02-06 09:11:00
2263,24,connected,115,2025-06-29 18:25:00
2264,23,voicemail,854,2025-04-14 15:36:00
2265,17,connected,24,2025-05-22 09:42:00
2266,59,voicemail,437,2025-06-20 14:33:00
2267,56,missed,850,2025-05-25 10:28:00
2268,52,connected,353,2025-03-23 10:55:00
2269,34,missed,756,2025-04-07 10:17:00
2270,2,connected,548,2025-03-12 19:37:00
2271,58,connected,778,2025-02-07 17:18:00
2272,13,connected,779,2025-11-12 13:02:00
2273,7,connected,702,2025-01-25 11:36:00
2274,20,connected,148,2025-03-01 18:44:00
2275,38,connected,597,2025-01-29 12:02:00
2276,8,missed,860,2025-08-15 19:16:00
2277,40,missed,595,2025-11-21 10:59:00
2278,33,connected,594,2025-04-14 13:52:00
2279,7,connected,747,2025-02-27 14:56:00
2280,45,connected,837,2025-08-20 10:56:00
2281,19,connected,785,2025-11-15 14:36:00
2282,56,connected,320,2025-11-08 19:29:00
2283,42,voicemail,489,2025-10-13 14:09:00
2284,39,connected,413,2025-08-30 15:38:00
2285,14,voicemail,487,2025-01-02 10:07:00
2286,60,missed,194,2025-09-06 09:41:00
2287,38,missed,510,2025-12-14 17:50:00
2288,2,connected,540,2025-01-29 18:16:00
2289,55,connected,560,2025-07-21 15:15:00
2290,20,voicemail,411,2025-07-07 11:43:00
2291,24,missed,485,2025-09-20 11:06:00
2292,6,missed,389,2025-02-13 12:46:00
2293,40,connected,406,2025-04-03 15:17:00
2294,21,voicemail,312,2025-07-28 12:14:00
2295,8,connected,564,2025-04-16 09:55:00
2296,48,missed,94,2025-07-11 11:26:00
2297,33,connected,256,2025-04-06 18:46:00
2298,10,voicemail,740,2025-11-15 12:27:00
2299,1,missed,410,2025-09-22 18:59:00
2300,43,missed,49,2025-08-15 15:08:00
2301,19,missed,857,2025-09-28 08:48:00
2302,46,connected,654,2025-02-25 17:38:00
2303,31,voicemail,514,2025-02-22 17:58:00
2304,2,voicemail,585,2025-10-04 09:20:00
2305,60,connected,728,2025-03-23 09:04:00
2306,23,connected,734,2025-03-25 08:29:00
2307,41,missed,450,2025-04-15 09:54:00
2308,53,connected,326,2025-05-03 08:51:00
2309,56,missed,808,2025-07-23 10:53:00
2310,11,connected,673,2025-04-10 16:06:00
2311,42,missed,482,2025-10-25 17:39:00
2312,60,voicemail,823,2025-02-10 09:13:00
2313,2,connected,445,2025-09-01 14:05:00
2314,52,voicemail,483,2025-11-03 09:37:00
2315,29,missed,456,2025-10-29 17:28:00
2316,34,connected,425,2025-02-04 14:31:00
2317,7,connected,829,2025-05-19 16:11:00
2318,27,voicemail,609,2025-12-06 15:02:00
2319,4,connected,180,2025-08-16 09:51:00
2320,9,connected,758,2025-08-20 10:05:00
2321,52,connected,650,2025-07-01 15:56:00
2322,42,voicemail,427,2025-01-10 10:29:00
2323,15,voicemail,501,2025-02-25 11:53:00
2324,17,voicemail,582,2025-10-18 12:09:00
2325,28,connected,767,2025-09-07 09:52:00
2326,29,missed,24,2025-09-14 13:19:00
2327,35,missed,680,2025-06-28 09:08:00
2328,2,connected,769,2025-07-28 14:32:00
2329,53,missed,496,2025-09-01 08:06:00
2330,18,voicemail,886,2025-05-17 16:29:00
2331,31,missed,722,2025-02-21 13:33:00
2332,42,voicemail,143,2025-11-08 15:35:00
2333,52,missed,163,2025-02-20 18:22:00
2334,39,connected,750,2025-09-17 17:43:00
2335,37,voicemail,756,2025-02-09 18:37:00
2336,14,connected,853,2025-08-03 12:10:00
2337,8,connected,761,2025-06-11 10:45:00
2338,52,connected,22,2025-07-20 17:46:00
2339,5,connected,169,2025-03-11 15:31:00
2340,21,voicemail,374,2025-07-13 11:38:00
2341,37,voicemail,517,2025-10-14 14:45:00
2342,41,connected,835,2025-11-18 10:26:00
2343,49,missed,180,2025-06-07 14:42:00
2344,27,connected,43,2025-08-19 09:16:00
2345,60,missed,363,2025-03-10 18:08:00
2346,32,voicemail,289,2025-12-12 11:18:00
2347,3,connected,774,2025-08-23 19:25:00
2348,10,connected,280,2025-09-06 15:33:00
2349,46,connected,43,2025-06-07 18:20:00
2350,25,missed,135,2025-05-09 11:05:00
2351,46,connected,417,2025-01-12 08:46:00
2352,10,voicemail,522,2025-11-10 10:39:00
2353,20,connected,759,2025-06-20 13:55:00
2354,27,voicemail,68,2025-01-04 09:42:00
2355,17,connected,582,2025-09-24 09:03:00
2356,57,voicemail,622,2025-08-08 19:23:00
2357,44,missed,671,2025-01-01 14:53:00
2358,14,voicemail,455,2025-12-16 10:14:00
2359,31,connected,770,2025-06-15 18:18:00
2360,14,missed,752,2025-03-20 14:00:00
2361,11,voicemail,413,2025-09-04 19:58:00
2362,12,missed,399,2025-05-26 19:33:00
2363,14,missed,624,2025-08-20 19:16:00
2364,46,connected,883,2025-07-02 19:03:00
2365,52,connected,33,2025-03-15 15:40:00
2366,51,connected,351,2025-02-03 14:19:00
2367,3,connected,327,2025-01-12 09:23:00
2368,34,connected,340,2025-07-17 18:08:00
2369,19,voicemail,522,2025-01-12 19:17:00
2370,54,connected,888,2025-02-20 18:53:00
2371,42,missed,32,2025-07-09 15:21:00
2372,32,connected,606,2025-08-01 14:40:00
2373,16,connected,326,2025-10-21 16:51:00
2374,8,connected,185,2025-10-19 12:45:00
2375,58,missed,799,2025-02-01 11:25:00
2376,24,voicemail,96,2025-05-29 17:04:00
2377,46,connected,670,2025-08-07 10:45:00
2378,9,connected,353,2025-03-19 19:27:00
2379,32,voicemail,445,2025-11-02 14:08:00
2380,20,missed,749,2025-04-28 19:47:00
2381,7,voicemail,688,2025-08-26 09:54:00
2382,20,voicemail,58,2025-09-25 16:39:00
2383,46,connected,761,2025-07-19 18:59:00
2384,36,connected,432,2025-07-15 17:09:00
2385,43,voicemail,883,2025-03-01 17:14:00
2386,53,connected,490,2025-12-15 13:30:00
2387,18,connected,192,2025-02-16 19:32:00
2388,31,connected,709,2025-08-08 12:17:00
2389,20,missed,566,2025-08-31 14:36:00
2390,19,connected,632,2025-12-04 08:16:00
2391,3,connected,432,2025-10-04 10:45:00
2392,47,voicemail,746,2025-09-24 11:20:00
2393,47,voicemail,118,2025-06-17 12:11:00
2394,30,voicemail,100,2025-01-17 17:05:00
2395,47,missed,80,2025-04-04 10:21:00
2396,51,voicemail,358,2025-12-02 11:21:00
2397,14,connected,310,2025-11-18 09:10:00
2398,56,connected,728,2025-08-06 10:42:00
2399,3,voicemail,349,2025-08-06 14:26:00
2400,51,missed,785,2025-01-23 17:00:00
2401,46,connected,354,2025-03-19 12:04:00
2402,5,voicemail,666,2025-02-09 10:01:00
2403,6,connected,815,2025-07-03 14:56:00
2404,6,connected,828,2025-06-21 12:46:00
2405,10,missed,722,2025-08-26 15:42:00
2406,57,voicemail,81,2025-02-16 08:19:00
2407,59,connected,548,2025-07-03 16:30:00
2408,27,voicemail,534,2025-05-29 16:01:00
2409,52,connected,713,2025-11-13 12:59:00
2410,40,connected,43,2025-06-14 13:45:00
2411,57,missed,773,2025-02-25 16:23:00
2412,54,voicemail,408,2025-05-31 12:06:00
2413,56,connected,849,2025-04-14 16:06:00
2414,7,connected,94,2025-03-07 12:16:00
2415,36,connected,249,2025-10-01 14:27:00
2416,33,connected,340,2025-01-17 13:17:00
2417,59,connected,592,2025-10-06 19:56:00
2418,48,missed,472,2025-11-21 13:52:00
2419,52,missed,369,2025-04-05 15:02:00
2420,53,connected,157,2025-01-30 16:44:00
2421,19,missed,212,2025-05-26 10:39:00
2422,42,voicemail,569,2025-01-17 09:45:00
2423,6,connected,869,2025-08-07 17:26:00
2424,12,voicemail,593,2025-11-11 19:20:00
2425,47,connected,214,2025-11-23 14:05:00
2426,21,connected,801,2025-02-22 08:13:00
2427,32,voicemail,886,2025-05-13 17:43:00
2428,10,voicemail,24,2025-03-05 17:26:00
2429,60,missed,812,2025-11-11 14:02:00
2430,4,connected,715,2025-09-12 13:28:00
2431,60,connected,820,2025-02-17 13:24:00
2432,9,connected,715,2025-12-20 12:31:00
2433,27,missed,882,2025-06-08 19:39:00
2434,5,missed,482,2025-05-25 16:50:00
2435,24,missed,694,2025-11-14 19:00:00
2436,38,connected,758,2025-06-22 16:59:00
2437,54,voicemail,625,2025-01-15 17:49:00
2438,4,connected,888,2025-07-03 11:52:00
2439,9,missed,874,2025-07-19 14:48:00
2440,53,voicemail,363,2025-03-10 19:06:00
2441,4,connected,888,2025-04-30 11:01:00
2442,33,missed,259,2025-08-28 11:00:00
2443,55,connected,510,2025-03-25 15:26:00
2444,43,voicemail,581,2025-11-16 18:35:00
2445,59,voicemail,450,2025-08-17 12:05:00
2446,4,connected,652,2025-09-18 18:04:00
2447,1,voicemail,591,2025-08-29 17:46:00
2448,28,connected,305,2025-09-11 16:21:00
2449,23,connected,661,2025-03-01 15:02:00
2450,13,connected,304,2025-05-13 17:05:00
2451,29,voicemail,69,2025-02-09 11:41:00
2452,41,missed,655,2025-06-25 08:21:00
2453,57,connected,239,2025-10-01 18:50:00
2454,20,missed,265,2025-10-31 18:31:00
2455,19,connected,454,2025-09-09 11:25:00
2456,58,missed,228,2025-10-13 17:39:00
2457,56,missed,534,2025-12-19 14:46:00
2458,14,missed,682,2025-07-12 18:58:00
2459,60,connected,705,2025-04-30 09:04:00
2460,52,connected,443,2025-07-06 12:50:00
2461,7,connected,65,2025-11-29 14:53:00
2462,19,voicemail,866,2025-04-19 08:22:00
2463,19,voicemail,428,2025-02-01 17:27:00
2464,24,connected,159,2025-02-21 14:54:00
2465,56,connected,159,2025-10-13 13:26:00
2466,49,missed,268,2025-05-07 08:03:00
2467,38,connected,713,2025-11-21 10:17:00
2468,56,connected,500,2025-02-07 09:23:00
2469,23,connected,517,2025-04-09 11:07:00
2470,46,voicemail,175,2025-09-05 09:06:00
2471,22,connected,726,2025-03-09 17:59:00
2472,41,missed,778,2025-03-23 17:56:00
2473,16,connected,616,2025-08-03 15:02:00
2474,31,missed,649,2025-04-08 13:23:00
2475,7,connected,831,2025-04-30 11:40:00
2476,55,connected,803,2025-10-19 16:33:00
2477,50,connected,624,2025-08-08 12:06:00
2478,10,connected,830,2025-04-26 15:55:00
2479,23,voicemail,323,2025-07-13 13:15:00
2480,30,connected,419,2025-09-08 12:09:00
2481,9,connected,535,2025-07-07 13:04:00
2482,28,missed,127,2025-01-15 10:04:00
2483,50,missed,322,2025-11-13 12:08:00
2484,48,connected,95,2025-04-09 12:21:00
2485,54,connected,156,2025-05-22 15:45:00
2486,18,connected,458,2025-02-22 12:11:00
2487,10,connected,157,2025-07-06 10:31:00
2488,5,connected,660,2025-11-16 08:30:00
2489,20,connected,123,2025-05-21 12:43:00
2490,34,connected,859,2025-07-17 18:45:00
2491,32,missed,149,2025-09-18 18:32:00
2492,57,connected,548,2025-05-27 09:48:00
2493,11,voicemail,657,2025-10-20 14:27:00
2494,52,missed,728,2025-01-30 08:57:00
2495,45,voicemail,585,2025-01-15 17:58:00
2496,15,connected,474,2025-08-05 08:04:00
2497,31,connected,391,2025-03-16 19:05:00
2498,35,voicemail,492,2025-05-16 12:16:00
2499,51,connected,340,2025-01-22 12:43:00
2500,16,connected,701,2025-11-25 10:08:00
2501,11,connected,205,2025-08-02 11:09:00
2502,29,connected,330,2025-03-26 18:40:00
2503,43,missed,242,2025-07-03 16:36:00
2504,58,connected,449,2025-04-17 18:17:00
2505,40,connected,742,2025-10-27 11:09:00
2506,55,connected,499,2025-06-13 15:41:00
2507,19,connected,436,2025-04-03 15:04:00
2508,25,connected,262,2025-05-28 13:07:00
2509,19,missed,758,2025-07-03 18:25:00
2510,9,connected,366,2025-07-19 11:32:00
2511,24,connected,527,2025-07-01 13:36:00
2512,38,voicemail,880,2025-02-20 18:33:00
2513,37,connected,289,2025-02-01 15:29:00
2514,44,connected,646,2025-05-10 17:22:00
2515,51,connected,736,2025-10-12 17:48:00
2516,50,connected,899,2025-02-23 09:14:00
2517,57,missed,854,2025-01-28 11:09:00
2518,48,missed,122,2025-02-11 14:06:00
2519,58,missed,444,2025-11-28 10:22:00
2520,6,connected,875,2025-10-22 18:06:00
2521,41,connected,668,2025-01-16 18:38:00
2522,34,missed,238,2025-11-22 09:09:00
2523,28,missed,159,2025-06-16 18:32:00
2524,7,missed,470,2025-01-01 12:51:00
2525,55,connected,691,2025-11-09 18:34:00
2526,31,missed,379,2025-02-08 12:33:00
2527,19,connected,266,2025-01-19 16:56:00
2528,4,connected,404,2025-01-30 14:26:00
2529,22,missed,94,2025-09-23 13:54:00
2530,14,connected,402,2025-11-15 10:09:00
2531,57,voicemail,644,2025-05-04 11:24:00
2532,18,voicemail,288,2025-08-08 17:43:00
2533,20,missed,727,2025-08-09 17:57:00
2534,55,connected,322,2025-03-15 16:35:00
2535,34,connected,232,2025-07-05 10:23:00
2536,30,connected,204,2025-11-04 18:41:00
2537,40,connected,507,2025-12-16 15:10:00
2538,27,connected,205,2025-11-07 11:59:00
2539,9,voicemail,681,2025-01-21 14:26:00
2540,10,missed,151,2025-08-20 13:50:00
2541,3,connected,153,2025-09-07 08:00:00
2542,55,connected,502,2025-10-09 13:59:00
2543,59,connected,148,2025-09-23 10:30:00
2544,9,connected,343,2025-12-14 17:39:00
2545,15,connected,357,2025-02-02 16:30:00
2546,33,missed,225,2025-12-05 12:03:00
2547,23,connected,505,2025-04-30 19:25:00
2548,29,missed,707,2025-08-22 11:55:00
2549,31,missed,467,2025-11-19 17:52:00
2550,26,missed,583,2025-09-01 08:12:00
2551,27,missed,741,2025-08-15 17:59:00
2552,37,connected,428,2025-10-23 19:23:00
2553,53,connected,212,2025-01-17 13:30:00
2554,34,missed,216,2025-03-16 18:39:00
2555,18,voicemail,52,2025-11-10 16:14:00
2556,20,connected,400,2025-01-25 10:39:00
2557,24,connected,334,2025-12-13 12:04:00
2558,18,missed,828,2025-10-03 15:28:00
2559,60,connected,598,2025-11-21 19:36:00
2560,18,connected,247,2025-03-04 14:32:00
2561,49,connected,857,2025-01-03 16:58:00
2562,34,voicemail,212,2025-02-01 10:01:00
2563,29,connected,314,2025-11-03 19:33:00
2564,49,connected,378,2025-02-03 13:08:00
2565,53,missed,250,2025-06-21 17:04:00
2566,41,voicemail,374,2025-04-04 13:08:00
2567,59,connected,43,2025-06-14 11:03:00
2568,35,voicemail,492,2025-10-22 11:46:00
2569,31,connected,193,2025-07-29 15:33:00
2570,31,missed,899,2025-01-29 11:08:00
2571,57,missed,361,2025-02-28 16:49:00
2572,14,connected,55,2025-11-19 11:45:00
2573,56,connected,859,2025-11-16 13:33:00
2574,48,connected,292,2025-08-08 11:40:00
2575,25,connected,716,2025-01-12 17:33:00
2576,34,connected,155,2025-05-01 19:35:00
2577,44,connected,464,2025-11-29 19:58:00
2578,21,connected,890,2025-01-04 08:44:00
2579,38,voicemail,490,2025-05-31 09:34:00
2580,52,connected,705,2025-09-19 18:24:00
2581,44,voicemail,368,2025-11-16 09:54:00
2582,15,voicemail,802,2025-02-13 12:10:00
2583,37,connected,220,2025-07-28 08:28:00
2584,17,missed,576,2025-07-20 19:24:00
2585,48,connected,401,2025-04-15 12:24:00
2586,54,connected,778,2025-02-09 15:35:00
2587,45,connected,482,2025-02-20 17:16:00
2588,40,connected,348,2025-03-04 13:32:00
2589,58,voicemail,148,2025-11-09 11:57:00
2590,39,connected,163,2025-02-03 15:02:00
2591,19,connected,671,2025-11-16 09:33:00
2592,60,connected,145,2025-07-05 11:15:00
2593,58,connected,705,2025-04-16 11:07:00
2594,26,connected,63,2025-09-13 08:15:00
2595,29,missed,711,2025-03-13 12:41:00
2596,32,voicemail,613,2025-01-31 18:16:00
2597,8,missed,103,2025-11-10 11:03:00
2598,32,connected,165,2025-06-02 17:02:00
2599,41,connected,643,2025-01-05 10:40:00
2600,2,missed,677,2025-07-07 08:54:00
2601,36,voicemail,149,2025-04-11 18:09:00
2602,27,voicemail,17,2025-05-04 11:03:00
2603,32,missed,254,2025-09-16 18:31:00
2604,5,connected,281,2025-11-25 10:46:00
2605,39,voicemail,427,2025-05-22 09:09:00
2606,41,voicemail,515,2025-06-30 17:56:00
2607,35,voicemail,879,2025-12-06 19:10:00
2608,13,voicemail,135,2025-04-08 18:26:00
2609,2,connected,745,2025-04-12 17:38:00
2610,12,voicemail,395,2025-12-14 14:15:00
2611,58,connected,104,2025-12-13 12:57:00
2612,2,voicemail,373,2025-03-29 11:03:00
2613,33,missed,71,2025-01-08 10:29:00
2614,54,connected,515,2025-07-31 16:06:00
2615,11,missed,618,2025-12-20 11:15:00
2616,9,connected,397,2025-04-23 12:08:00
2617,43,voicemail,225,2025-03-16 18:42:00
2618,6,voicemail,544,2025-09-02 09:59:00
2619,25,voicemail,761,2025-04-01 12:10:00
2620,31,connected,457,2025-08-01 13:28:00
2621,54,connected,169,2025-01-12 09:44:00
2622,17,connected,900,2025-03-03 13:03:00
2623,44,connected,206,2025-03-13 09:58:00
2624,2,voicemail,139,2025-07-13 12:56:00
2625,5,voicemail,414,2025-01-24 12:20:00
2626,22,connected,40,2025-09-15 18:36:00
2627,17,voicemail,820,2025-02-02 12:16:00
2628,23,connected,625,2025-03-05 12:52:00
2629,27,connected,490,2025-06-20 08:39:00
2630,10,voicemail,699,2025-04-22 15:38:00
2631,52,missed,838,2025-09-23 10:40:00
2632,15,voicemail,874,2025-03-28 11:45:00
2633,25,connected,40,2025-08-14 17:35:00
2634,37,connected,320,2025-07-09 10:22:00
2635,45,connected,139,2025-02-03 11:51:00
2636,46,connected,889,2025-06-12 09:43:00
2637,11,connected,793,2025-03-03 13:08:00
2638,17,voicemail,270,2025-10-14 08:56:00
2639,49,connected,223,2025-09-16 08:48:00
2640,7,connected,584,2025-07-26 16:01:00
2641,20,connected,200,2025-02-05 09:42:00
2642,9,connected,619,2025-07-17 18:44:00
2643,41,connected,136,2025-01-03 08:45:00
2644,51,voicemail,811,2025-03-12 14:30:00
2645,18,missed,623,2025-08-03 15:28:00
2646,33,connected,600,2025-01-13 11:06:00
2647,28,voicemail,235,2025-04-30 19:53:00
2648,20,connected,386,2025-10-06 15:19:00
2649,37,connected,465,2025-01-16 12:56:00
2650,32,connected,124,2025-02-12 13:21:00
2651,27,connected,722,2025-05-30 14:16:00
2652,16,connected,283,2025-03-20 14:37:00
2653,25,connected,561,2025-04-30 18:06:00
2654,21,voicemail,445,2025-09-30 08:37:00
2655,40,voicemail,675,2025-04-11 18:10:00
2656,25,connected,68,2025-04-14 17:09:00
2657,28,connected,304,2025-03-22 16:08:00
2658,17,connected,370,2025-01-11 10:04:00
2659,29,connected,66,2025-04-17 09:42:00
2660,34,missed,259,2025-11-11 19:13:00
2661,45,connected,823,2025-11-17 15:06:00
2662,22,connected,585,2025-12-04 17:39:00
2663,59,voicemail,423,2025-11-07 15:56:00
2664,53,voicemail,209,2025-04-30 09:48:00
2665,25,connected,195,2025-10-19 16:06:00
2666,35,connected,900,2025-09-19 16:16:00
2667,3,connected,893,2025-08-23 12:14:00
2668,6,connected,820,2025-10-20 18:35:00
2669,23,connected,232,2025-11-18 12:25:00
2670,40,missed,460,2025-09-22 19:29:00
2671,22,connected,623,2025-12-17 15:03:00
2672,6,voicemail,762,2025-06-18 12:59:00
2673,10,connected,692,2025-12-07 18:31:00
2674,3,missed,754,2025-11-14 13:23:00
2675,31,missed,843,2025-08-22 10:02:00
2676,57,voicemail,726,2025-01-25 11:26:00
2677,50,missed,752,2025-10-09 17:03:00
2678,36,connected,240,2025-10-23 13:58:00
2679,46,missed,195,2025-05-06 08:06:00
2680,35,connected,477,2025-08-29 19:05:00
2681,11,connected,682,2025-10-20 12:46:00
2682,5,connected,661,2025-02-05 08:39:00
2683,7,voicemail,757,2025-03-18 08:51:00
2684,29,missed,424,2025-04-10 10:03:00
2685,27,missed,169,2025-11-27 15:08:00
2686,17,connected,27,2025-05-23 17:37:00
2687,49,connected,388,2025-08-08 08:29:00
2688,5,connected,620,2025-08-10 10:57:00
2689,58,connected,707,2025-07-02 13:43:00
2690,52,connected,662,2025-07-06 15:21:00
2691,60,connected,695,2025-08-16 16:07:00
2692,8,missed,871,2025-03-25 08:02:00
2693,56,connected,343,2025-07-03 18:20:00
2694,23,connected,695,2025-05-05 12:01:00
2695,31,connected,624,2025-05-23 11:33:00
2696,30,missed,475,2025-03-22 08:30:00
2697,42,voicemail,234,2025-07-05 11:22:00
2698,40,missed,307,2025-12-01 10:12:00
2699,36,connected,147,2025-06-03 11:44:00
2700,10,voicemail,114,2025-10-06 19:30:00
2701,5,connected,513,2025-01-19 16:04:00
2702,45,connected,549,2025-03-04 17:51:00
2703,16,connected,716,2025-10-06 19:53:00
2704,60,voicemail,210,2025-06-25 12:40:00
2705,22,voicemail,94,2025-09-13 10:53:00
2706,36,connected,238,2025-05-26 16:16:00
2707,49,missed,580,2025-02-01 16:29:00
2708,51,connected,643,2025-01-04 19:56:00
2709,6,connected,131,2025-10-18 16:41:00
2710,30,connected,772,2025-04-23 11:20:00
2711,7,missed,68,2025-10-18 17:26:00
2712,9,missed,327,2025-04-07 12:01:00
2713,44,missed,781,2025-07-06 19:36:00
2714,49,connected,581,2025-12-09 19:39:00
2715,35,connected,216,2025-05-01 11:28:00
2716,44,connected,699,2025-09-24 18:14:00
2717,21,connected,867,2025-09-26 16:10:00
2718,40,missed,614,2025-11-19 16:38:00
2719,45,voicemail,530,2025-06-23 09:18:00
2720,34,connected,644,2025-10-02 13:04:00
2721,23,connected,295,2025-06-25 14:19:00
2722,9,connected,68,2025-04-04 08:26:00
2723,16,connected,54,2025-07-20 12:51:00
2724,34,connected,869,2025-09-03 10:33:00
2725,59,connected,292,2025-11-17 18:34:00
2726,58,connected,159,2025-11-09 17:18:00
2727,58,connected,447,2025-11-19 11:12:00
2728,41,connected,805,2025-12-04 17:36:00
2729,57,connected,275,2025-05-03 15:50:00
2730,3,connected,24,2025-02-28 11:29:00
2731,28,missed,621,2025-01-06 09:37:00
2732,58,voicemail,624,2025-02-20 17:29:00
2733,2,connected,880,2025-06-19 18:28:00
2734,14,connected,68,2025-02-21 19:11:00
2735,32,missed,447,2025-02-05 10:52:00
2736,56,missed,391,2025-04-04 15:33:00
2737,19,missed,24,2025-02-06 11:09:00
2738,9,connected,240,2025-03-10 19:32:00
2739,33,voicemail,778,2025-08-07 09:35:00
2740,26,missed,498,2025-08-10 08:39:00
2741,51,connected,786,2025-06-07 17:20:00
2742,32,voicemail,105,2025-03-23 14:35:00
2743,22,missed,667,2025-09-17 12:22:00
2744,45,voicemail,595,2025-04-17 16:42:00
2745,5,connected,372,2025-11-17 11:46:00
2746,56,connected,242,2025-06-08 12:31:00
2747,54,voicemail,858,2025-05-27 18:52:00
2748,52,connected,567,2025-04-19 09:49:00
2749,4,voicemail,612,2025-08-30 11:17:00
2750,23,connected,244,2025-07-27 17:42:00
2751,2,missed,187,2025-08-29 14:29:00
2752,54,missed,874,2025-06-03 13:54:00
2753,16,voicemail,149,2025-04-26 13:46:00
2754,37,voicemail,466,2025-10-31 16:53:00
2755,2,voicemail,201,2025-12-01 15:06:00
2756,21,missed,478,2025-04-06 11:30:00
2757,55,voicemail,438,2025-03-24 11:57:00
2758,49,missed,129,2025-09-28 15:07:00
2759,25,connected,789,2025-10-15 16:53:00
2760,13,connected,820,2025-06-23 15:32:00
2761,7,voicemail,172,2025-01-15 12:41:00
2762,21,connected,479,2025-01-07 18:34:00
2763,14,connected,88,2025-07-07 09:59:00
2764,46,missed,682,2025-04-13 18:21:00
2765,31,voicemail,108,2025-11-13 12:16:00
2766,19,connected,483,2025-01-12 17:36:00
2767,32,connected,240,2025-11-06 09:56:00
2768,22,connected,742,2025-03-29 17:05:00
2769,8,voicemail,327,2025-01-07 14:22:00
2770,22,connected,796,2025-01-21 11:00:00
2771,12,missed,21,2025-12-01 08:27:00
2772,35,voicemail,682,2025-07-27 10:12:00
2773,11,connected,868,2025-01-26 08:41:00
2774,19,connected,300,2025-03-23 15:57:00
2775,53,connected,549,2025-01-05 12:32:00
2776,21,missed,220,2025-01-25 14:30:00
2777,9,connected,589,2025-06-01 17:15:00
2778,10,missed,555,2025-01-28 13:57:00
2779,48,voicemail,858,2025-12-19 15:20:00
2780,10,missed,246,2025-02-03 10:24:00
2781,39,connected,399,2025-06-02 12:14:00
2782,7,connected,133,2025-01-11 19:56:00
2783,60,connected,516,2025-03-10 14:41:00
2784,22,connected,382,2025-09-24 15:07:00
2785,42,missed,796,2025-08-29 14:08:00
2786,1,voicemail,191,2025-09-24 15:37:00
2787,37,voicemail,271,2025-09-11 16:13:00
2788,12,connected,31,2025-10-19 15:16:00
2789,10,connected,24,2025-07-25 09:28:00
2790,23,connected,504,2025-02-01 13:17:00
2791,29,connected,675,2025-06-28 09:26:00
2792,57,missed,879,2025-11-20 16:07:00
2793,23,connected,453,2025-08-23 12:46:00
2794,1,missed,770,2025-12-09 14:35:00
2795,1,connected,34,2025-03-01 11:36:00
2796,2,voicemail,139,2025-09-29 19:38:00
2797,30,voicemail,468,2025-01-30 14:21:00
2798,40,connected,310,2025-06-20 08:35:00
2799,35,connected,26,2025-10-12 11:51:00
2800,32,connected,832,2025-03-25 17:13:00
2801,2,missed,583,2025-06-07 08:33:00
2802,42,voicemail,615,2025-06-02 14:01:00
2803,46,connected,72,2025-05-26 16:31:00
2804,15,connected,157,2025-10-09 10:06:00
2805,24,connected,318,2025-07-20 11:38:00
2806,57,connected,530,2025-09-06 10:40:00
2807,23,missed,534,2025-03-07 09:21:00
2808,50,connected,229,2025-05-25 19:10:00
2809,51,voicemail,379,2025-11-27 13:51:00
2810,29,connected,822,2025-07-01 16:14:00
2811,24,connected,367,2025-01-16 19:59:00
2812,17,connected,603,2025-02-06 08:57:00
2813,31,missed,272,2025-11-24 11:08:00
2814,37,voicemail,721,2025-09-06 08:11:00
2815,58,missed,141,2025-03-12 10:15:00
2816,44,missed,23,2025-08-20 18:14:00
2817,10,missed,725,2025-11-21 10:33:00
2818,33,voicemail,500,2025-10-01 08:43:00
2819,12,voicemail,46,2025-12-12 08:40:00
2820,23,connected,881,2025-03-13 09:01:00
2821,49,connected,39,2025-09-26 14:48:00
2822,38,voicemail,500,2025-12-04 18:41:00
2823,30,connected,157,2025-06-22 11:35:00
2824,26,voicemail,510,2025-04-09 15:13:00
2825,60,voicemail,163,2025-07-26 09:28:00
2826,35,voicemail,890,2025-06-21 18:30:00
2827,11,connected,695,2025-03-28 08:52:00
2828,47,voicemail,243,2025-05-17 14:38:00
2829,6,missed,316,2025-08-13 10:47:00
2830,14,missed,791,2025-10-11 18:34:00
2831,28,missed,610,2025-11-05 09:33:00
2832,4,missed,121,2025-10-21 15:19:00
2833,21,voicemail,746,2025-06-18 15:49:00
2834,21,connected,895,2025-11-23 08:56:00
2835,2,missed,49,2025-05-09 10:47:00
2836,13,missed,806,2025-04-23 10:35:00
2837,25,missed,85,2025-05-27 14:56:00
2838,39,connected,682,2025-03-06 08:15:00
2839,36,connected,753,2025-11-01 09:42:00
2840,15,missed,452,2025-12-05 18:16:00
2841,38,missed,457,2025-01-11 19:20:00
2842,29,connected,546,2025-02-08 17:31:00
2843,10,voicemail,88,2025-10-30 17:01:00
2844,5,missed,570,2025-01-20 13:22:00
2845,18,connected,511,2025-01-06 12:18:00
2846,34,missed,240,2025-09-06 16:05:00
2847,45,connected,850,2025-09-12 12:30:00
2848,19,missed,37,2025-11-04 15:39:00
2849,12,connected,393,2025-05-05 11:15:00
2850,57,connected,164,2025-09-05 11:01:00
2851,45,voicemail,425,2025-06-19 10:59:00
2852,60,connected,881,2025-12-19 15:10:00
2853,25,missed,632,2025-07-28 11:07:00
2854,57,voicemail,833,2025-09-30 16:49:00
2855,22,missed,681,2025-03-30 09:33:00
2856,28,connected,630,2025-03-14 13:59:00
2857,25,voicemail,710,2025-04-20 16:31:00
2858,19,connected,223,2025-04-06 19:18:00
2859,38,voicemail,897,2025-01-30 11:51:00
2860,17,connected,800,2025-03-14 17:49:00
2861,11,connected,329,2025-07-29 12:19:00
2862,36,connected,129,2025-04-18 08:54:00
2863,24,connected,557,2025-06-07 17:24:00
2864,1,voicemail,667,2025-02-05 15:31:00
2865,51,voicemail,526,2025-03-28 13:41:00
2866,49,connected,565,2025-08-11 08:50:00
2867,32,connected,728,2025-04-10 19:47:00
2868,59,missed,38,2025-08-24 15:06:00
2869,30,connected,375,2025-09-20 13:54:00
2870,3,connected,502,2025-03-30 10:08:00
2871,13,connected,437,2025-02-09 18:18:00
2872,51,connected,28,2025-03-20 15:25:00
2873,23,voicemail,419,2025-09-07 15:22:00
2874,34,voicemail,321,2025-02-11 11:49:00
2875,19,connected,892,2025-05-19 15:53:00
2876,48,voicemail,252,2025-07-14 14:45:00
2877,45,connected,704,2025-10-19 11:28:00
2878,36,connected,20,2025-08-07 12:22:00
2879,40,connected,434,2025-09-10 15:54:00
2880,47,missed,273,2025-11-25 08:16:00
2881,40,missed,46,2025-06-28 14:50:00
2882,60,voicemail,372,2025-11-26 09:47:00
2883,39,missed,103,2025-12-08 13:42:00
2884,24,connected,829,2025-08-08 10:39:00
2885,56,connected,583,2025-03-14 09:40:00
2886,13,connected,712,2025-07-27 16:00:00
2887,50,connected,495,2025-05-17 17:14:00
2888,58,voicemail,612,2025-04-12 13:50:00
2889,47,connected,489,2025-01-28 16:24:00
2890,43,voicemail,409,2025-03-22 11:54:00
2891,44,connected,106,2025-02-25 11:20:00
2892,48,connected,874,2025-01-18 17:28:00
2893,34,connected,852,2025-06-10 09:11:00
2894,2,connected,610,2025-02-04 08:24:00
2895,32,connected,442,2025-09-07 16:20:00
2896,12,connected,802,2025-12-13 18:19:00
2897,60,connected,133,2025-08-26 13:21:00
2898,35,voicemail,698,2025-05-25 15:49:00
2899,13,missed,24,2025-09-17 08:33:00
2900,8,missed,380,2025-02-08 10:05:00
2901,11,connected,505,2025-05-16 14:46:00
2902,27,connected,733,2025-09-04 09:39:00
2903,35,voicemail,405,2025-07-19 12:22:00
2904,13,connected,481,2025-05-05 11:13:00
2905,8,missed,857,2025-01-24 18:52:00
2906,20,connected,212,2025-08-13 09:02:00
2907,31,connected,675,2025-08-16 13:15:00
2908,16,connected,96,2025-10-23 12:57:00
2909,20,connected,824,2025-02-16 13:30:00
2910,53,connected,29,2025-10-19 10:29:00
2911,49,connected,638,2025-03-13 18:12:00
2912,22,missed,88,2025-03-25 10:00:00
2913,40,connected,865,2025-09-29 13:21:00
2914,20,connected,750,2025-07-24 08:00:00
2915,19,connected,575,2025-09-01 15:02:00
2916,53,missed,821,2025-02-20 19:33:00
2917,2,connected,211,2025-10-15 12:06:00
2918,60,connected,566,2025-03-03 14:04:00
2919,3,connected,219,2025-02-16 08:06:00
2920,24,connected,705,2025-04-10 18:08:00
2921,56,missed,37,2025-08-18 08:51:00
2922,47,connected,53,2025-06-17 16:34:00
2923,27,voicemail,690,2025-04-09 12:05:00
2924,39,connected,572,2025-07-16 12:51:00
2925,7,connected,464,2025-11-03 12:24:00
2926,40,voicemail,522,2025-01-15 17:10:00
2927,16,voicemail,79,2025-03-28 16:12:00
2928,37,connected,736,2025-06-15 16:56:00
2929,58,connected,635,2025-06-26 11:12:00
2930,21,connected,288,2025-07-12 09:38:00
2931,23,connected,798,2025-02-12 16:25:00
2932,16,connected,611,2025-02-20 10:29:00
2933,34,voicemail,587,2025-07-14 18:23:00
2934,27,connected,894,2025-09-20 17:24:00
2935,57,voicemail,491,2025-08-21 19:38:00
2936,47,connected,562,2025-11-10 16:51:00
2937,3,connected,719,2025-09-23 17:42:00
2938,27,connected,136,2025-08-12 14:54:00
2939,58,missed,670,2025-04-22 18:19:00
2940,34,voicemail,852,2025-09-01 14:47:00
2941,18,connected,67,2025-09-24 13:59:00
2942,8,connected,306,2025-11-29 10:42:00
2943,48,missed,141,2025-07-12 19:00:00
2944,11,missed,66,2025-03-16 13:34:00
2945,16,voicemail,345,2025-06-14 18:30:00
2946,50,connected,727,2025-10-11 16:14:00
2947,23,connected,192,2025-03-10 19:28:00
2948,16,missed,199,2025-12-07 15:25:00
2949,53,connected,726,2025-01-09 15:02:00
2950,26,connected,19,2025-03-16 17:05:00
2951,56,connected,684,2025-12-10 17:10:00
2952,56,missed,111,2025-07-26 17:45:00
2953,35,voicemail,348,2025-02-01 14:44:00
2954,4,voicemail,639,2025-07-12 11:46:00
2955,12,connected,213,2025-05-06 14:31:00
2956,45,connected,363,2025-05-03 18:16:00
2957,47,connected,591,2025-01-25 19:30:00
2958,14,connected,803,2025-03-03 10:01:00
2959,55,missed,188,2025-03-14 10:07:00
2960,26,missed,515,2025-05-04 12:42:00
2961,44,connected,623,2025-11-17 11:35:00
2962,37,voicemail,263,2025-03-07 11:17:00
2963,59,voicemail,358,2025-01-09 16:25:00
2964,16,connected,614,2025-06-13 10:15:00
2965,51,connected,831,2025-03-13 14:08:00
2966,17,voicemail,622,2025-03-19 19:27:00
2967,58,missed,620,2025-07-12 08:55:00
2968,55,connected,692,2025-08-18 14:27:00
2969,14,connected,657,2025-04-18 17:05:00
2970,12,connected,42,2025-03-17 08:11:00
2971,53,voicemail,71,2025-04-24 18:49:00
2972,53,voicemail,434,2025-12-14 08:39:00
2973,52,connected,307,2025-12-17 09:29:00
2974,43,voicemail,269,2025-05-06 14:07:00
2975,11,voicemail,221,2025-04-30 16:05:00
2976,36,connected,661,2025-10-30 12:42:00
2977,42,missed,374,2025-10-26 09:44:00
2978,51,missed,176,2025-12-15 11:49:00
2979,34,connected,603,2025-12-15 15:09:00
2980,23,missed,806,2025-01-11 14:29:00
2981,46,connected,151,2025-02-08 18:48:00
2982,15,missed,735,2025-08-19 19:01:00
2983,38,missed,122,2025-01-09 11:19:00
2984,60,connected,247,2025-07-20 17:00:00
2985,45,connected,885,2025-02-12 11:14:00
2986,37,voicemail,874,2025-06-21 11:44:00
2987,9,connected,55,2025-12-07 17:00:00
2988,8,missed,87,2025-03-31 16:19:00
2989,42,voicemail,666,2025-10-01 14:19:00
2990,22,missed,78,2025-11-04 11:55:00
2991,55,connected,73,2025-12-12 14:29:00
2992,60,voicemail,683,2025-10-22 11:18:00
2993,27,voicemail,405,2025-10-14 18:51:00
2994,2,connected,81,2025-07-16 10:07:00
2995,44,missed,498,2025-09-10 10:26:00
2996,32,connected,884,2025-04-03 08:27:00
2997,35,missed,465,2025-10-07 15:09:00
2998,31,missed,670,2025-06-23 11:35:00
2999,27,connected,721,2025-07-19 15:45:00
3000,4,connected,761,2025-08-16 12:41:00
3001,9,connected,31,2025-02-22 19:48:00
3002,33,voicemail,224,2025-11-11 09:25:00
3003,59,connected,890,2025-11-06 11:46:00
3004,32,missed,621,2025-10-23 19:23:00
3005,16,connected,665,2025-06-04 08:21:00
3006,27,connected,482,2025-07-27 11:58:00
3007,23,connected,339,2025-03-29 14:22:00
3008,57,voicemail,884,2025-04-01 18:45:00
3009,35,connected,680,2025-01-04 08:51:00
3010,13,connected,847,2025-07-23 08:57:00
3011,18,connected,662,2025-11-17 08:52:00
3012,47,connected,38,2025-06-20 09:57:00
3013,37,connected,62,2025-11-15 17:51:00
3014,51,voicemail,188,2025-10-13 14:17:00
3015,56,connected,119,2025-08-03 14:57:00
3016,30,missed,883,2025-06-29 08:23:00
3017,37,missed,763,2025-05-06 13:53:00
3018,17,connected,524,2025-02-10 19:10:00
3019,16,connected,204,2025-10-24 12:50:00
3020,30,connected,348,2025-05-25 16:37:00
3021,7,missed,739,2025-11-16 13:39:00
3022,57,voicemail,453,2025-09-09 13:05:00
3023,37,connected,712,2025-09-30 13:24:00
3024,14,voicemail,45,2025-02-26 11:11:00
3025,42,voicemail,538,2025-10-15 17:57:00
3026,17,connected,601,2025-12-10 15:35:00
3027,54,connected,725,2025-11-10 15:08:00
3028,28,voicemail,379,2025-04-26 10:33:00
3029,36,missed,529,2025-03-12 08:43:00
3030,44,connected,234,2025-09-29 09:19:00
3031,13,missed,54,2025-12-06 18:09:00
3032,23,connected,683,2025-03-18 10:49:00
3033,37,missed,653,2025-12-20 08:18:00
3034,11,connected,726,2025-12-10 16:02:00
3035,35,connected,338,2025-09-02 11:16:00
3036,25,voicemail,615,2025-09-11 17:28:00
3037,57,connected,352,2025-12-05 18:02:00
3038,49,connected,83,2025-08-11 11:07:00
3039,42,missed,485,2025-03-19 16:34:00
3040,43,voicemail,704,2025-10-01 19:40:00
3041,6,voicemail,416,2025-08-11 14:59:00
3042,26,connected,289,2025-11-10 10:10:00
3043,57,missed,891,2025-05-02 11:58:00
3044,34,connected,334,2025-05-28 14:04:00
3045,6,voicemail,791,2025-08-24 13:19:00
3046,39,missed,484,2025-07-08 09:43:00
3047,53,connected,25,2025-02-12 12:39:00
3048,17,voicemail,680,2025-11-26 18:04:00
3049,24,connected,139,2025-04-09 12:21:00
3050,55,voicemail,672,2025-02-06 16:56:00
3051,49,connected,863,2025-04-22 11:09:00
3052,7,connected,731,2025-12-17 14:51:00
3053,31,connected,612,2025-01-21 09:58:00
3054,24,missed,26,2025-07-21 08:59:00
3055,32,connected,492,2025-03-07 14:32:00
3056,44,connected,313,2025-06-30 19:56:00
3057,59,voicemail,450,2025-01-30 12:02:00
3058,57,connected,797,2025-01-27 19:45:00
3059,19,connected,755,2025-05-31 10:32:00
3060,57,missed,815,2025-03-29 10:39:00
3061,17,missed,650,2025-03-23 16:04:00
3062,8,missed,457,2025-08-05 12:51:00
3063,56,connected,701,2025-11-02 12:33:00
3064,48,voicemail,338,2025-05-07 17:20:00
3065,32,voicemail,389,2025-06-03 17:06:00
3066,49,connected,526,2025-04-23 13:37:00
3067,38,connected,390,2025-04-12 16:11:00
3068,50,connected,105,2025-04-17 16:31:00
3069,8,voicemail,407,2025-07-23 19:28:00
3070,50,connected,813,2025-06-26 17:42:00
3071,49,voicemail,658,2025-03-11 10:19:00
3072,42,connected,47,2025-08-22 15:08:00
3073,22,voicemail,468,2025-08-29 13:53:00
3074,41,connected,346,2025-02-07 19:17:00
3075,27,connected,686,2025-04-07 14:09:00
3076,7,voicemail,851,2025-04-22 08:27:00
3077,10,connected,739,2025-11-12 17:17:00
3078,60,connected,202,2025-05-17 15:08:00
3079,20,connected,513,2025-07-01 14:38:00
3080,38,connected,526,2025-10-27 13:04:00
3081,7,connected,621,2025-11-16 11:43:00
3082,13,connected,229,2025-04-24 17:36:00
3083,53,missed,83,2025-08-09 12:17:00
3084,32,connected,716,2025-02-28 19:36:00
3085,37,connected,689,2025-12-18 09:36:00
3086,17,connected,652,2025-11-19 13:44:00
3087,40,connected,54,2025-07-21 17:57:00
3088,55,connected,331,2025-08-21 09:58:00
3089,33,connected,160,2025-05-25 14:16:00
3090,53,connected,267,2025-01-15 13:08:00
3091,39,missed,153,2025-04-24 15:25:00
3092,38,connected,688,2025-09-06 08:20:00
3093,51,connected,537,2025-08-21 14:17:00
3094,22,connected,688,2025-12-14 14:05:00
3095,53,voicemail,494,2025-07-25 12:36:00
3096,37,voicemail,639,2025-04-24 12:22:00
3097,42,connected,741,2025-03-25 17:50:00
3098,7,missed,377,2025-09-22 13:50:00
3099,17,connected,739,2025-09-09 14:59:00
3100,54,connected,257,2025-10-14 19:00:00
3101,41,missed,442,2025-03-13 18:08:00
3102,2,voicemail,678,2025-06-26 11:14:00
3103,59,missed,64,2025-07-20 17:28:00
3104,27,voicemail,179,2025-03-17 15:05:00
3105,60,connected,827,2025-12-05 16:35:00
3106,12,connected,35,2025-07-30 19:36:00
3107,26,connected,191,2025-10-07 13:19:00
3108,3,connected,767,2025-08-14 12:34:00
3109,60,voicemail,879,2025-09-29 09:56:00
3110,58,missed,170,2025-08-01 08:17:00
3111,14,missed,108,2025-03-25 10:29:00
3112,32,connected,481,2025-04-22 15:18:00
3113,44,voicemail,563,2025-03-28 17:41:00
3114,50,connected,572,2025-05-16 18:35:00
3115,31,connected,487,2025-03-23 13:32:00
3116,51,connected,725,2025-02-11 14:20:00
3117,54,voicemail,574,2025-01-30 08:52:00
3118,47,voicemail,234,2025-10-20 09:27:00
3119,57,connected,397,2025-06-02 17:57:00
3120,41,connected,583,2025-05-15 15:21:00
3121,13,connected,675,2025-05-19 18:40:00
3122,14,connected,318,2025-04-03 13:24:00
3123,53,connected,602,2025-10-06 11:09:00
3124,9,connected,506,2025-09-26 09:53:00
3125,3,connected,864,2025-10-08 16:07:00
3126,37,connected,222,2025-05-18 12:36:00
3127,45,connected,668,2025-09-03 18:39:00
3128,51,connected,468,2025-05-07 16:14:00
3129,23,voicemail,303,2025-09-21 13:17:00
3130,38,voicemail,434,2025-01-17 15:40:00
3131,56,connected,530,2025-09-26 18:51:00
3132,58,voicemail,721,2025-03-14 19:06:00
3133,56,voicemail,843,2025-02-20 19:31:00
3134,50,voicemail,477,2025-07-23 13:42:00
3135,34,missed,379,2025-05-08 14:24:00
3136,16,connected,798,2025-09-23 10:57:00
3137,33,connected,24,2025-03-26 14:59:00
3138,44,voicemail,498,2025-11-20 15:29:00
3139,32,connected,848,2025-05-01 12:11:00
3140,38,connected,76,2025-09-16 15:53:00
3141,29,voicemail,232,2025-01-20 14:34:00
3142,6,connected,695,2025-12-11 12:55:00
3143,28,connected,265,2025-04-29 10:47:00
3144,2,missed,367,2025-02-14 12:24:00
3145,5,connected,763,2025-03-08 17:54:00
3146,55,voicemail,670,2025-02-16 10:34:00
3147,42,connected,472,2025-11-22 11:06:00
3148,43,connected,138,2025-10-30 18:41:00
3149,37,missed,167,2025-05-12 18:26:00
3150,59,connected,121,2025-12-11 09:34:00
3151,22,connected,196,2025-09-16 08:11:00
3152,42,connected,661,2025-04-19 18:10:00
3153,7,voicemail,674,2025-12-08 16:00:00
3154,37,connected,332,2025-07-30 17:09:00
3155,4,connected,847,2025-02-27 12:47:00
3156,15,voicemail,623,2025-06-16 15:50:00
3157,15,voicemail,548,2025-01-07 08:26:00
3158,21,connected,208,2025-08-30 16:03:00
3159,7,voicemail,580,2025-08-02 12:54:00
3160,24,connected,714,2025-08-03 12:53:00
3161,23,voicemail,770,2025-05-28 13:14:00
3162,28,connected,447,2025-01-01 16:06:00
3163,49,connected,23,2025-06-14 17:33:00
3164,50,voicemail,113,2025-07-06 15:45:00
3165,31,voicemail,594,2025-04-04 14:08:00
3166,60,voicemail,247,2025-03-18 19:43:00
3167,19,connected,567,2025-07-31 12:17:00
3168,27,voicemail,209,2025-02-08 10:28:00
3169,20,connected,469,2025-05-05 14:46:00
3170,43,voicemail,408,2025-11-19 15:54:00
3171,42,voicemail,28,2025-05-10 09:40:00
3172,34,connected,699,2025-06-03 18:27:00
3173,59,voicemail,857,2025-07-17 19:23:00
3174,13,voicemail,39,2025-06-26 15:05:00
3175,10,missed,880,2025-05-21 08:35:00
3176,17,connected,382,2025-12-10 19:09:00
3177,57,voicemail,370,2025-01-15 14:11:00
3178,12,connected,479,2025-12-18 09:34:00
3179,4,missed,818,2025-04-07 16:33:00
3180,53,missed,875,2025-02-06 12:40:00
3181,54,connected,76,2025-05-03 12:45:00
3182,57,voicemail,206,2025-06-12 14:03:00
3183,38,voicemail,41,2025-07-25 19:29:00
3184,21,connected,808,2025-01-29 17:29:00
3185,22,connected,90,2025-03-16 15:32:00
3186,1,connected,469,2025-07-31 12:54:00
3187,33,connected,219,2025-02-05 08:45:00
3188,41,connected,721,2025-02-04 18:50:00
3189,52,connected,293,2025-08-09 10:55:00
3190,55,missed,262,2025-08-06 11:27:00
3191,6,missed,111,2025-10-08 11:20:00
3192,22,missed,754,2025-11-02 14:23:00
3193,30,connected,578,2025-03-25 15:53:00
3194,36,voicemail,531,2025-02-27 12:43:00
3195,8,missed,404,2025-06-05 10:51:00
3196,51,connected,52,2025-12-12 10:25:00
3197,53,connected,885,2025-09-08 17:18:00
3198,27,voicemail,488,2025-02-05 18:30:00
3199,6,missed,300,2025-07-28 09:33:00
3200,8,missed,68,2025-05-15 12:56:00
3201,43,voicemail,104,2025-12-11 10:37:00
3202,43,connected,219,2025-04-24 10:09:00
3203,34,missed,692,2025-01-16 10:38:00
3204,29,missed,19,2025-11-04 09:13:00
3205,49,connected,780,2025-06-02 08:36:00
3206,28,missed,566,2025-09-08 19:59:00
3207,28,connected,84,2025-07-18 17:27:00
3208,24,connected,412,2025-04-18 15:01:00
3209,16,missed,192,2025-11-16 15:19:00
3210,40,connected,252,2025-11-01 16:15:00
3211,40,voicemail,853,2025-08-15 08:21:00
3212,57,connected,655,2025-04-23 11:13:00
3213,53,voicemail,52,2025-07-12 09:18:00
3214,28,missed,373,2025-09-08 09:05:00
3215,41,voicemail,543,2025-10-04 16:57:00
3216,46,missed,68,2025-04-05 11:10:00
3217,48,connected,532,2025-03-28 17:04:00
3218,16,connected,214,2025-07-12 15:17:00
3219,23,connected,419,2025-07-09 14:49:00
3220,59,voicemail,325,2025-05-07 08:34:00
3221,6,missed,523,2025-10-20 13:32:00
3222,51,voicemail,175,2025-05-21 15:28:00
3223,24,connected,864,2025-10-31 15:38:00
3224,12,connected,835,2025-03-29 08:05:00
3225,38,connected,399,2025-03-19 15:22:00
3226,40,connected,645,2025-06-11 18:24:00
3227,14,connected,720,2025-05-06 09:38:00
3228,13,connected,489,2025-06-13 08:35:00
3229,30,connected,69,2025-02-26 16:51:00
3230,8,connected,836,2025-08-28 18:28:00
3231,26,connected,181,2025-02-04 12:09:00
3232,36,connected,296,2025-02-22 13:15:00
3233,52,connected,366,2025-10-06 12:10:00
3234,41,missed,490,2025-11-21 10:17:00
3235,18,missed,369,2025-11-24 11:50:00
3236,40,voicemail,660,2025-11-18 18:37:00
3237,45,voicemail,106,2025-03-10 12:56:00
3238,34,missed,641,2025-03-17 10:12:00
3239,31,missed,829,2025-11-09 10:23:00
3240,44,voicemail,705,2025-10-21 17:24:00
3241,35,missed,344,2025-07-30 08:24:00
3242,27,connected,102,2025-01-14 14:22:00
3243,22,missed,423,2025-09-27 13:06:00
3244,6,missed,44,2025-06-27 11:20:00
3245,24,voicemail,835,2025-07-09 16:43:00
3246,4,missed,704,2025-12-11 08:26:00
3247,26,connected,448,2025-12-02 18:48:00
3248,31,voicemail,205,2025-09-03 18:06:00
3249,13,connected,565,2025-08-12 12:46:00
3250,47,connected,39,2025-04-20 19:27:00
3251,16,voicemail,254,2025-11-08 15:33:00
3252,9,connected,733,2025-05-05 09:00:00
3253,39,voicemail,526,2025-12-14 18:33:00
3254,29,missed,81,2025-03-28 17:06:00
3255,52,connected,21,2025-07-16 19:42:00
3256,49,missed,457,2025-11-11 13:05:00
3257,27,connected,291,2025-10-06 15:11:00
3258,7,connected,498,2025-06-17 18:02:00
3259,2,connected,535,2025-11-10 15:56:00
3260,6,missed,205,2025-09-06 08:03:00
3261,43,missed,691,2025-06-29 13:00:00
3262,42,voicemail,476,2025-02-25 16:37:00
3263,1,voicemail,206,2025-01-30 17:38:00
3264,50,connected,149,2025-05-15 13:22:00
3265,43,missed,221,2025-05-16 18:12:00
3266,17,connected,807,2025-11-08 11:11:00
3267,42,missed,708,2025-02-12 12:12:00
3268,51,connected,542,2025-01-04 18:40:00
3269,59,connected,31,2025-04-14 11:25:00
3270,41,connected,158,2025-02-07 15:57:00
3271,28,connected,276,2025-10-24 18:43:00
3272,45,missed,284,2025-09-05 12:31:00
3273,58,missed,27,2025-12-02 17:40:00
3274,47,connected,873,2025-09-20 08:53:00
3275,48,missed,753,2025-08-16 16:00:00
3276,52,connected,859,2025-10-13 14:30:00
3277,34,connected,217,2025-06-06 12:40:00
3278,42,voicemail,374,2025-04-08 18:49:00
3279,30,connected,481,2025-09-20 08:49:00
3280,5,connected,793,2025-12-14 18:02:00
3281,13,voicemail,423,2025-04-12 09:13:00
3282,26,connected,349,2025-04-19 08:26:00
3283,2,connected,264,2025-06-10 19:59:00
3284,24,missed,820,2025-02-19 09:25:00
3285,16,voicemail,584,2025-12-05 12:55:00
3286,23,missed,655,2025-12-15 11:26:00
3287,52,connected,879,2025-03-28 11:00:00
3288,16,voicemail,143,2025-05-17 14:50:00
3289,56,connected,870,2025-01-02 11:11:00
3290,60,connected,646,2025-03-07 17:08:00
3291,57,connected,544,2025-08-19 15:01:00
3292,9,voicemail,777,2025-04-05 08:01:00
3293,38,connected,882,2025-09-08 09:00:00
3294,50,voicemail,634,2025-04-06 18:54:00
3295,45,missed,603,2025-05-16 17:26:00
3296,23,connected,874,2025-08-03 16:36:00
3297,59,voicemail,296,2025-07-03 19:22:00
3298,39,missed,690,2025-12-12 09:48:00
3299,54,connected,53,2025-08-15 11:10:00
3300,58,connected,589,2025-10-31 12:19:00
3301,12,connected,572,2025-03-27 12:47:00
3302,14,connected,804,2025-04-22 11:56:00
3303,54,voicemail,77,2025-04-28 18:03:00
3304,19,voicemail,399,2025-03-26 08:12:00
3305,2,voicemail,713,2025-03-08 08:37:00
3306,22,connected,202,2025-09-15 08:10:00
3307,2,connected,66,2025-08-20 08:53:00
3308,45,connected,417,2025-03-30 17:13:00
3309,6,missed,22,2025-09-19 14:45:00
3310,11,missed,822,2025-04-25 09:17:00
3311,16,connected,323,2025-09-27 11:31:00
3312,55,connected,248,2025-05-06 13:39:00
3313,27,missed,438,2025-03-09 11:00:00
3314,3,missed,516,2025-10-28 14:48:00
3315,15,connected,155,2025-11-21 15:42:00
3316,16,connected,410,2025-11-07 15:49:00
3317,17,connected,252,2025-10-09 17:06:00
3318,18,missed,251,2025-03-16 15:23:00
3319,50,voicemail,332,2025-07-21 09:50:00
3320,20,connected,319,2025-05-08 08:06:00
3321,16,connected,497,2025-10-29 19:35:00
3322,20,missed,391,2025-03-24 11:45:00
3323,50,voicemail,488,2025-04-14 09:32:00
3324,60,connected,785,2025-10-28 10:34:00
3325,57,connected,564,2025-05-25 19:40:00
3326,35,connected,704,2025-09-17 11:32:00
3327,1,voicemail,811,2025-04-04 13:09:00
3328,5,voicemail,65,2025-03-19 12:41:00
3329,6,connected,582,2025-07-26 19:23:00
3330,46,missed,391,2025-02-17 13:36:00
3331,55,connected,503,2025-07-27 08:12:00
3332,56,missed,545,2025-03-11 15:00:00
3333,16,connected,56,2025-11-11 19:42:00
3334,36,connected,301,2025-10-09 10:50:00
3335,15,missed,647,2025-12-08 12:00:00
3336,9,connected,568,2025-02-05 19:02:00
3337,58,voicemail,247,2025-08-06 13:40:00
3338,25,voicemail,408,2025-04-15 10:09:00
3339,18,connected,804,2025-12-17 10:27:00
3340,22,connected,388,2025-07-06 18:31:00
3341,43,connected,845,2025-08-19 11:21:00
3342,43,missed,506,2025-06-26 10:29:00
3343,18,connected,481,2025-12-19 17:43:00
3344,12,connected,376,2025-08-28 17:38:00
3345,17,connected,475,2025-05-23 11:20:00
3346,15,connected,738,2025-07-25 16:18:00
3347,19,voicemail,17,2025-09-13 14:46:00
3348,45,connected,638,2025-09-08 19:04:00
3349,44,connected,172,2025-03-22 18:32:00
3350,30,connected,758,2025-11-23 15:48:00
3351,5,connected,318,2025-02-25 16:03:00
3352,58,voicemail,163,2025-03-16 13:43:00
3353,49,connected,651,2025-09-18 18:57:00
3354,33,connected,570,2025-01-09 16:59:00
3355,55,connected,322,2025-02-20 16:40:00
3356,39,connected,865,2025-06-09 13:16:00
3357,5,connected,748,2025-02-04 10:09:00
3358,39,missed,75,2025-07-30 14:49:00
3359,40,connected,584,2025-02-12 10:50:00
3360,47,connected,177,2025-03-03 19:49:00
3361,40,missed,719,2025-06-10 09:35:00
3362,27,connected,885,2025-08-09 10:13:00
3363,52,voicemail,509,2025-12-04 13:27:00
3364,47,connected,394,2025-08-21 17:18:00
3365,44,connected,475,2025-10-12 16:30:00
3366,53,voicemail,372,2025-11-25 13:37:00
3367,47,missed,848,2025-08-16 09:49:00
3368,34,missed,726,2025-11-14 10:18:00
3369,46,missed,557,2025-09-23 19:28:00
3370,2,connected,504,2025-08-10 18:34:00
3371,54,connected,470,2025-08-22 10:45:00
3372,27,voicemail,183,2025-08-15 14:47:00
3373,34,connected,82,2025-02-26 13:42:00
3374,47,connected,330,2025-11-12 08:30:00
3375,45,connected,730,2025-07-20 18:52:00
3376,12,connected,861,2025-12-11 19:01:00
3377,31,voicemail,616,2025-06-07 13:45:00
3378,40,connected,879,2025-07-29 12:05:00
3379,42,missed,161,2025-05-06 12:21:00
3380,39,voicemail,260,2025-02-25 18:52:00
3381,5,voicemail,100,2025-05-27 12:10:00
3382,6,connected,365,2025-06-29 12:49:00
3383,22,missed,272,2025-12-17 11:19:00
3384,14,missed,368,2025-10-05 08:03:00
3385,34,missed,633,2025-07-15 17:08:00
3386,3,connected,212,2025-06-28 12:44:00
3387,50,connected,325,2025-02-08 17:49:00
3388,51,voicemail,750,2025-12-03 16:12:00
3389,19,connected,544,2025-10-24 11:22:00
3390,54,connected,444,2025-03-11 08:28:00
3391,31,voicemail,91,2025-11-28 12:38:00
3392,54,connected,161,2025-09-03 11:25:00
3393,40,connected,871,2025-02-24 18:02:00
3394,16,connected,201,2025-03-09 11:18:00
3395,5,missed,483,2025-08-24 17:45:00
3396,50,voicemail,780,2025-03-19 09:43:00
3397,7,connected,388,2025-08-23 10:18:00
3398,21,connected,651,2025-11-15 08:06:00
3399,11,missed,507,2025-08-30 10:53:00
3400,3,voicemail,310,2025-10-16 08:10:00
3401,29,voicemail,603,2025-01-18 12:12:00
3402,6,connected,109,2025-06-29 17:52:00
3403,49,missed,140,2025-11-13 15:33:00
3404,53,voicemail,368,2025-08-02 18:25:00
3405,45,connected,261,2025-02-16 14:35:00
3406,35,connected,700,2025-07-24 14:40:00
3407,43,voicemail,306,2025-06-23 13:24:00
3408,37,connected,780,2025-07-18 14:59:00
3409,11,connected,410,2025-09-23 18:42:00
3410,47,missed,634,2025-09-07 10:35:00
3411,41,connected,496,2025-02-04 09:51:00
3412,49,missed,221,2025-02-07 19:26:00
3413,15,voicemail,210,2025-06-29 09:14:00
3414,16,connected,159,2025-03-02 18:59:00
3415,32,connected,824,2025-01-27 12:20:00
3416,20,missed,556,2025-09-03 11:57:00
3417,52,voicemail,595,2025-10-20 08:17:00
3418,55,connected,745,2025-10-24 09:01:00
3419,16,voicemail,246,2025-01-21 15:37:00
3420,39,connected,540,2025-03-01 13:45:00
3421,1,voicemail,423,2025-03-24 15:03:00
3422,50,connected,882,2025-08-08 08:38:00
3423,14,voicemail,342,2025-01-16 15:28:00
3424,28,connected,27,2025-11-29 14:37:00
3425,48,connected,59,2025-03-20 13:18:00
3426,10,connected,370,2025-10-13 15:17:00
3427,3,connected,691,2025-10-13 13:06:00
3428,29,connected,312,2025-06-07 09:15:00
3429,49,missed,873,2025-09-27 10:20:00
3430,35,connected,266,2025-11-29 18:22:00
3431,22,connected,485,2025-03-16 11:15:00
3432,35,missed,407,2025-01-31 09:31:00
3433,31,voicemail,592,2025-11-13 08:18:00
3434,55,connected,103,2025-04-17 08:00:00
3435,26,connected,337,2025-04-21 17:40:00
3436,48,connected,815,2025-06-30 14:07:00
3437,17,voicemail,541,2025-01-03 14:32:00
3438,30,missed,459,2025-02-27 17:03:00
3439,31,missed,245,2025-05-04 16:09:00
3440,52,connected,201,2025-02-24 08:02:00
3441,40,connected,632,2025-02-25 19:33:00
3442,39,connected,406,2025-03-12 16:22:00
3443,57,voicemail,538,2025-01-12 17:17:00
3444,30,connected,548,2025-11-15 18:14:00
3445,43,missed,278,2025-07-17 14:38:00
3446,1,missed,664,2025-11-18 09:00:00
3447,40,connected,254,2025-08-07 16:46:00
3448,10,voicemail,229,2025-03-17 16:40:00
3449,46,connected,397,2025-03-26 11:29:00
3450,21,voicemail,154,2025-06-16 15:44:00
3451,3,voicemail,787,2025-06-20 18:20:00
3452,2,connected,571,2025-11-30 18:53:00
3453,35,connected,434,2025-08-16 17:25:00
3454,24,connected,513,2025-08-14 19:49:00
3455,57,connected,815,2025-08-27 16:30:00
3456,8,missed,539,2025-04-08 18:16:00
3457,53,connected,523,2025-09-15 10:00:00
3458,59,connected,450,2025-01-21 11:08:00
3459,40,connected,591,2025-06-21 16:24:00
3460,23,connected,806,2025-08-13 17:48:00
3461,50,connected,890,2025-05-05 18:01:00
3462,28,voicemail,884,2025-02-03 19:31:00
3463,59,connected,237,2025-07-03 16:04:00
3464,52,voicemail,278,2025-06-02 11:56:00
3465,36,connected,377,2025-10-04 11:04:00
3466,23,connected,384,2025-01-04 19:34:00
3467,14,voicemail,324,2025-07-09 19:34:00
3468,21,missed,315,2025-12-01 10:21:00
3469,22,connected,79,2025-07-23 19:28:00
3470,34,connected,899,2025-06-04 15:24:00
3471,2,voicemail,777,2025-02-20 11:11:00
3472,50,connected,599,2025-07-03 16:07:00
3473,45,voicemail,727,2025-07-16 18:48:00
3474,15,missed,168,2025-11-27 12:43:00
3475,47,voicemail,622,2025-07-28 11:48:00
3476,44,connected,793,2025-08-07 19:11:00
3477,21,missed,36,2025-10-21 12:47:00
3478,52,voicemail,22,2025-12-15 09:39:00
3479,60,missed,829,2025-05-04 13:46:00
3480,52,voicemail,96,2025-10-14 19:47:00
3481,33,connected,205,2025-05-29 12:52:00
3482,20,connected,333,2025-07-05 11:19:00
3483,42,connected,378,2025-04-04 18:04:00
3484,11,voicemail,791,2025-03-21 17:21:00
3485,10,voicemail,242,2025-10-27 19:46:00
3486,58,connected,120,2025-11-19 08:27:00
3487,10,connected,826,2025-10-03 13:08:00
3488,7,connected,735,2025-12-16 15:14:00
3489,22,connected,222,2025-11-02 10:46:00
3490,53,connected,487,2025-11-24 08:41:00
3491,49,connected,890,2025-06-05 09:50:00
3492,17,connected,300,2025-09-18 11:50:00
3493,2,missed,644,2025-04-04 13:32:00
3494,34,connected,861,2025-10-13 13:57:00
3495,29,voicemail,240,2025-04-17 17:31:00
3496,18,voicemail,423,2025-03-28 08:34:00
3497,23,connected,694,2025-07-01 14:10:00
3498,49,voicemail,615,2025-07-11 17:07:00
3499,18,missed,865,2025-12-13 11:53:00
3500,50,connected,600,2025-06-12 13:38:00
3501,52,connected,875,2025-06-13 09:29:00
3502,11,connected,268,2025-01-08 14:44:00
3503,32,voicemail,818,2025-11-13 16:38:00
3504,51,connected,413,2025-04-15 11:57:00
3505,53,connected,682,2025-01-25 10:30:00
3506,59,missed,494,2025-09-05 12:45:00
3507,35,connected,323,2025-02-17 12:34:00
3508,32,voicemail,32,2025-10-01 13:09:00
3509,37,connected,305,2025-02-21 12:03:00
3510,37,connected,186,2025-01-12 13:51:00
3511,21,connected,171,2025-09-22 13:55:00
3512,30,missed,231,2025-04-12 08:11:00
3513,11,missed,478,2025-01-16 11:59:00
3514,41,connected,892,2025-06-27 13:40:00
3515,15,voicemail,273,2025-04-13 08:51:00
3516,7,connected,829,2025-08-02 18:29:00
3517,35,voicemail,854,2025-07-04 19:26:00
3518,60,voicemail,752,2025-01-17 11:12:00
3519,32,voicemail,404,2025-02-05 13:32:00
3520,59,connected,148,2025-06-13 19:56:00
3521,45,missed,310,2025-02-05 14:20:00
3522,17,missed,592,2025-10-03 18:13:00
3523,12,missed,37,2025-03-27 14:59:00
3524,5,connected,339,2025-06-30 08:05:00
3525,39,connected,631,2025-02-10 16:45:00
3526,29,connected,882,2025-10-16 12:29:00
3527,41,connected,424,2025-01-17 10:08:00
3528,21,connected,477,2025-01-23 15:21:00
3529,40,connected,303,2025-02-09 16:41:00
3530,38,missed,197,2025-01-20 11:54:00
3531,37,connected,32,2025-04-24 19:19:00
3532,42,connected,490,2025-05-24 19:48:00
3533,41,connected,67,2025-01-10 19:22:00
3534,32,connected,343,2025-11-12 10:30:00
3535,14,missed,828,2025-10-23 16:15:00
3536,5,connected,881,2025-02-18 13:37:00
3537,33,connected,850,2025-03-23 09:32:00
3538,46,connected,824,2025-11-03 08:07:00
3539,28,voicemail,715,2025-03-21 12:17:00
3540,23,connected,436,2025-02-06 09:13:00
3541,32,connected,45,2025-01-08 16:42:00
3542,19,connected,345,2025-11-07 11:07:00
3543,21,missed,157,2025-01-23 18:29:00
3544,41,connected,264,2025-05-30 17:45:00
3545,57,missed,118,2025-03-01 18:47:00
3546,25,connected,620,2025-06-30 12:58:00
3547,35,connected,71,2025-01-13 17:42:00
3548,21,voicemail,521,2025-03-09 17:21:00
3549,33,missed,75,2025-11-21 15:10:00
3550,23,missed,624,2025-02-01 11:12:00
3551,41,voicemail,822,2025-12-07 08:09:00
3552,4,voicemail,205,2025-08-02 10:00:00
3553,21,voicemail,537,2025-04-20 12:21:00
3554,51,voicemail,226,2025-03-24 12:36:00
3555,30,connected,853,2025-09-21 15:59:00
3556,21,missed,243,2025-03-18 10:24:00
3557,25,missed,229,2025-02-13 16:09:00
3558,8,connected,192,2025-03-02 08:48:00
3559,21,voicemail,395,2025-01-23 13:04:00
3560,16,missed,788,2025-01-25 18:37:00
3561,40,missed,638,2025-07-20 12:11:00
3562,51,missed,312,2025-12-07 18:39:00
3563,32,connected,35,2025-09-09 11:18:00
3564,22,connected,379,2025-07-13 13:21:00
3565,9,missed,171,2025-09-06 09:25:00
3566,37,voicemail,380,2025-02-22 15:22:00
3567,53,voicemail,326,2025-10-18 09:42:00
3568,37,connected,285,2025-01-08 17:03:00
3569,28,connected,899,2025-06-14 15:33:00
3570,48,voicemail,322,2025-03-17 08:41:00
3571,40,connected,833,2025-09-14 14:25:00
3572,5,connected,555,2025-12-04 15:55:00
3573,4,connected,642,2025-01-07 16:38:00
3574,52,connected,108,2025-01-07 16:02:00
3575,10,missed,132,2025-01-17 13:23:00
3576,28,connected,834,2025-08-26 13:11:00
3577,8,connected,649,2025-07-30 10:40:00
3578,17,connected,814,2025-05-24 13:57:00
3579,2,connected,345,2025-08-19 12:29:00
3580,34,voicemail,831,2025-09-20 13:50:00
3581,24,connected,563,2025-11-16 17:29:00
3582,32,missed,712,2025-07-05 18:07:00
3583,56,connected,749,2025-06-07 16:01:00
3584,32,connected,131,2025-06-01 10:00:00
3585,50,missed,814,2025-04-09 15:47:00
3586,14,connected,123,2025-07-31 12:20:00
3587,12,connected,149,2025-05-04 17:06:00
3588,49,connected,49,2025-05-28 12:48:00
3589,7,voicemail,750,2025-09-07 17:20:00
3590,15,connected,30,2025-09-19 15:04:00
3591,45,connected,456,2025-09-19 08:38:00
3592,2,voicemail,127,2025-05-05 18:17:00
3593,39,voicemail,238,2025-01-27 11:06:00
3594,16,connected,405,2025-10-19 19:02:00
3595,59,voicemail,166,2025-07-02 19:48:00
3596,4,connected,105,2025-12-14 09:23:00
3597,54,voicemail,437,2025-12-11 15:55:00
3598,27,connected,258,2025-12-17 16:54:00
3599,28,connected,429,2025-07-03 11:01:00
3600,51,voicemail,898,2025-02-19 09:32:00
3601,4,connected,824,2025-04-07 18:13:00
3602,34,missed,794,2025-08-13 12:10:00
3603,26,voicemail,304,2025-04-19 08:46:00
3604,23,voicemail,381,2025-05-31 13:04:00
3605,22,connected,547,2025-12-06 11:59:00
3606,11,voicemail,607,2025-04-06 09:44:00
3607,52,missed,181,2025-10-08 16:56:00
3608,41,voicemail,84,2025-01-04 17:05:00
3609,30,voicemail,97,2025-08-29 17:53:00
3610,45,connected,514,2025-09-27 15:41:00
3611,51,connected,359,2025-03-01 14:31:00
3612,34,missed,589,2025-06-18 15:52:00
3613,26,connected,97,2025-08-12 19:28:00
3614,32,missed,279,2025-05-25 12:06:00
3615,23,connected,307,2025-07-13 11:56:00
3616,55,missed,358,2025-09-04 17:33:00
3617,12,missed,91,2025-05-31 11:09:00
3618,60,voicemail,134,2025-10-03 16:00:00
3619,51,missed,645,2025-02-18 18:23:00
3620,23,connected,296,2025-09-15 13:28:00
3621,60,connected,414,2025-04-07 12:02:00
3622,52,connected,752,2025-08-17 12:54:00
3623,41,connected,125,2025-10-20 08:16:00
3624,28,connected,333,2025-07-10 08:46:00
3625,17,connected,343,2025-07-02 12:50:00
3626,14,voicemail,603,2025-02-04 08:15:00
3627,34,connected,116,2025-04-01 10:48:00
3628,38,connected,601,2025-05-11 17:08:00
3629,26,connected,48,2025-04-25 18:59:00
3630,3,connected,86,2025-11-03 11:52:00
3631,44,missed,855,2025-11-07 09:43:00
3632,52,missed,174,2025-04-05 15:46:00
3633,28,connected,275,2025-02-20 10:22:00
3634,45,connected,569,2025-02-13 15:44:00
3635,19,connected,137,2025-04-03 16:21:00
3636,33,missed,730,2025-04-21 11:10:00
3637,40,connected,41,2025-09-05 11:18:00
3638,59,voicemail,889,2025-01-15 09:46:00
3639,56,connected,861,2025-10-02 16:23:00
3640,20,missed,163,2025-04-28 18:49:00
3641,29,connected,879,2025-12-01 19:06:00
3642,36,connected,505,2025-08-26 19:35:00
3643,56,connected,505,2025-06-10 14:18:00
3644,11,connected,897,2025-09-18 14:35:00
3645,21,voicemail,427,2025-03-05 09:31:00
3646,45,voicemail,717,2025-12-07 16:52:00
3647,53,missed,167,2025-07-24 15:44:00
3648,46,connected,641,2025-05-26 08:53:00
3649,42,connected,886,2025-01-28 09:25:00
3650,8,connected,98,2025-01-22 09:57:00
3651,7,connected,322,2025-02-21 08:18:00
3652,46,connected,688,2025-09-12 15:14:00
3653,31,connected,397,2025-06-03 10:07:00
3654,47,connected,18,2025-12-18 10:02:00
3655,32,voicemail,509,2025-05-04 08:40:00
3656,6,voicemail,142,2025-08-02 14:08:00
3657,38,connected,81,2025-06-11 08:53:00
3658,58,connected,610,2025-08-20 14:42:00
3659,59,connected,780,2025-09-11 12:04:00
3660,44,connected,863,2025-07-26 08:25:00
3661,18,connected,577,2025-10-08 18:52:00
3662,48,connected,308,2025-09-26 18:51:00
3663,20,voicemail,308,2025-05-17 13:03:00
3664,58,voicemail,779,2025-05-20 16:32:00
3665,26,missed,242,2025-05-30 16:27:00
3666,36,connected,191,2025-05-30 14:21:00
3667,57,connected,440,2025-04-01 14:28:00
3668,16,connected,191,2025-02-25 13:53:00
3669,18,voicemail,864,2025-02-17 16:13:00
3670,59,connected,169,2025-04-04 14:34:00
3671,7,connected,394,2025-10-11 08:54:00
3672,26,connected,554,2025-04-20 18:21:00
3673,27,voicemail,511,2025-12-19 09:00:00
3674,19,voicemail,400,2025-07-08 16:53:00
3675,48,connected,730,2025-10-11 11:19:00
3676,12,connected,383,2025-06-05 17:11:00
3677,34,voicemail,26,2025-09-24 08:21:00
3678,9,connected,229,2025-06-28 14:11:00
3679,31,connected,427,2025-04-01 09:32:00
3680,12,connected,278,2025-02-20 08:45:00
3681,36,missed,759,2025-05-20 16:29:00
3682,17,connected,370,2025-03-21 18:50:00
3683,20,connected,189,2025-08-28 09:49:00
3684,47,missed,498,2025-07-12 13:29:00
3685,41,connected,741,2025-04-09 10:02:00
3686,2,connected,675,2025-08-04 18:39:00
3687,51,connected,639,2025-04-25 13:59:00
3688,10,voicemail,832,2025-11-11 15:49:00
3689,19,connected,900,2025-10-04 19:12:00
3690,15,missed,178,2025-11-22 11:20:00
3691,56,voicemail,712,2025-09-22 13:38:00
3692,28,missed,234,2025-05-01 18:41:00
3693,34,connected,476,2025-06-07 12:37:00
3694,5,voicemail,640,2025-07-21 16:54:00
3695,8,connected,461,2025-06-12 09:12:00
3696,51,connected,729,2025-11-08 08:50:00
3697,43,connected,346,2025-06-09 09:54:00
3698,41,connected,290,2025-01-04 10:20:00
3699,36,connected,545,2025-05-14 17:37:00
3700,14,connected,833,2025-04-13 13:30:00
3701,6,missed,575,2025-08-18 19:23:00
3702,13,missed,292,2025-09-17 17:39:00
3703,51,connected,767,2025-05-19 12:47:00
3704,29,missed,495,2025-08-26 17:28:00
3705,10,connected,157,2025-09-19 15:29:00
3706,48,connected,39,2025-02-07 18:18:00
3707,51,missed,68,2025-07-12 16:31:00
3708,39,connected,500,2025-10-05 11:27:00
3709,8,missed,552,2025-09-18 13:28:00
3710,48,connected,387,2025-06-25 10:58:00
3711,8,connected,183,2025-07-19 18:02:00
3712,45,connected,544,2025-02-17 08:33:00
3713,11,missed,633,2025-12-18 13:16:00
3714,41,missed,341,2025-10-15 10:05:00
3715,47,voicemail,130,2025-02-11 19:23:00
3716,37,voicemail,266,2025-06-09 11:15:00
3717,36,voicemail,777,2025-02-24 15:36:00
3718,43,connected,463,2025-10-02 14:58:00
3719,38,connected,493,2025-01-24 08:56:00
3720,25,voicemail,722,2025-11-15 13:59:00
3721,15,connected,716,2025-04-11 09:38:00
3722,41,connected,632,2025-05-01 19:39:00
3723,34,connected,362,2025-12-20 09:57:00
3724,17,missed,236,2025-11-24 14:16:00
3725,28,voicemail,745,2025-04-05 19:36:00
3726,4,connected,363,2025-06-26 10:04:00
3727,38,voicemail,185,2025-01-21 14:30:00
3728,8,missed,564,2025-04-06 12:00:00
3729,19,connected,74,2025-09-11 16:42:00
3730,16,connected,352,2025-01-14 12:26:00
3731,4,voicemail,610,2025-01-08 15:45:00
3732,17,voicemail,497,2025-01-31 14:33:00
3733,23,connected,871,2025-07-15 17:44:00
3734,10,voicemail,605,2025-06-10 11:15:00
3735,17,missed,405,2025-09-30 17:20:00
3736,20,connected,20,2025-07-28 10:11:00
3737,1,voicemail,447,2025-12-07 12:24:00
3738,24,connected,759,2025-04-14 15:57:00
3739,43,voicemail,646,2025-07-11 13:36:00
3740,27,voicemail,660,2025-03-10 15:16:00
3741,9,connected,689,2025-04-21 09:57:00
3742,54,connected,261,2025-03-20 12:52:00
3743,59,voicemail,496,2025-05-02 08:15:00
3744,30,connected,642,2025-06-24 14:32:00
3745,24,connected,626,2025-09-02 09:24:00
3746,42,connected,651,2025-11-08 12:24:00
3747,36,connected,145,2025-11-08 15:25:00
3748,26,connected,237,2025-02-15 17:32:00
3749,18,connected,138,2025-09-26 15:09:00
3750,50,connected,193,2025-03-18 13:30:00
3751,20,connected,372,2025-09-23 11:11:00
3752,20,voicemail,667,2025-08-10 14:54:00
3753,15,connected,655,2025-11-06 16:00:00
3754,34,connected,191,2025-06-19 08:49:00
3755,26,voicemail,635,2025-01-02 19:15:00
3756,40,missed,69,2025-11-17 08:45:00
3757,32,voicemail,279,2025-10-08 17:49:00
3758,49,connected,21,2025-04-20 14:06:00
3759,57,connected,224,2025-09-07 16:08:00
3760,3,connected,130,2025-08-22 11:19:00
3761,36,connected,476,2025-08-09 17:26:00
3762,46,connected,264,2025-10-13 10:03:00
3763,9,connected,116,2025-03-25 15:14:00
3764,44,voicemail,341,2025-03-24 17:44:00
3765,56,missed,791,2025-11-18 19:19:00
3766,14,connected,664,2025-02-03 14:31:00
3767,17,voicemail,897,2025-01-05 17:18:00
3768,1,connected,576,2025-06-03 09:55:00
3769,19,connected,398,2025-02-05 16:29:00
3770,46,connected,66,2025-04-25 14:44:00
3771,56,connected,395,2025-04-29 09:56:00
3772,13,connected,488,2025-01-19 10:14:00
3773,37,connected,478,2025-07-11 17:07:00
3774,33,connected,853,2025-03-29 09:26:00
3775,32,connected,155,2025-03-02 17:56:00
3776,38,missed,767,2025-08-01 19:35:00
3777,5,connected,356,2025-12-04 12:35:00
3778,6,connected,147,2025-05-28 18:45:00
3779,16,connected,174,2025-04-23 18:06:00
3780,21,connected,237,2025-07-27 18:40:00
3781,11,missed,884,2025-06-04 15:19:00
3782,59,missed,554,2025-07-22 15:36:00
3783,9,connected,373,2025-09-10 13:47:00
3784,5,connected,228,2025-04-28 19:22:00
3785,46,connected,882,2025-10-25 17:29:00
3786,56,missed,31,2025-10-05 16:31:00
3787,33,missed,117,2025-11-21 15:32:00
3788,27,voicemail,816,2025-08-30 11:39:00
3789,50,connected,240,2025-04-21 17:19:00
3790,48,voicemail,352,2025-11-01 15:11:00
3791,2,connected,339,2025-03-09 10:07:00
3792,4,connected,113,2025-06-04 09:53:00
3793,53,missed,556,2025-05-13 18:05:00
3794,16,missed,830,2025-10-01 17:46:00
3795,15,connected,551,2025-05-05 14:12:00
3796,44,missed,603,2025-12-04 10:13:00
3797,51,voicemail,723,2025-06-15 10:47:00
3798,18,connected,780,2025-11-07 09:02:00
3799,59,connected,422,2025-05-23 10:51:00
3800,59,missed,872,2025-10-12 19:57:00
3801,7,connected,21,2025-01-04 09:26:00
3802,18,voicemail,41,2025-01-22 11:39:00
3803,45,voicemail,688,2025-08-28 14:08:00
3804,8,connected,584,2025-02-26 08:27:00
3805,40,connected,877,2025-01-19 16:37:00
3806,6,connected,539,2025-02-25 10:04:00
3807,39,missed,188,2025-10-23 08:24:00
3808,10,missed,80,2025-05-10 16:20:00
3809,49,connected,441,2025-01-11 14:46:00
3810,19,connected,856,2025-12-09 08:38:00
3811,40,missed,774,2025-07-08 13:24:00
3812,34,connected,249,2025-02-14 12:14:00
3813,5,connected,203,2025-06-23 17:14:00
3814,54,connected,252,2025-02-18 17:08:00
3815,58,voicemail,812,2025-09-22 10:13:00
3816,24,missed,263,2025-11-09 12:57:00
3817,46,missed,186,2025-09-02 14:10:00
3818,47,missed,121,2025-05-19 17:48:00
3819,48,voicemail,445,2025-04-30 13:57:00
3820,11,voicemail,467,2025-08-16 19:59:00
3821,13,connected,733,2025-01-03 10:43:00
3822,17,connected,308,2025-01-06 16:48:00
3823,58,connected,719,2025-01-21 10:42:00
3824,23,connected,456,2025-12-05 19:17:00
3825,58,missed,405,2025-11-18 18:59:00
3826,30,connected,81,2025-08-05 15:09:00
3827,31,missed,335,2025-09-13 11:10:00
3828,37,missed,223,2025-02-27 18:24:00
3829,21,connected,279,2025-06-20 09:16:00
3830,38,connected,89,2025-04-11 19:52:00
3831,24,connected,588,2025-11-12 10:16:00
3832,1,connected,183,2025-05-02 10:43:00
3833,33,voicemail,221,2025-04-25 14:17:00
3834,20,connected,220,2025-07-09 08:37:00
3835,51,connected,451,2025-11-29 17:20:00
3836,36,missed,308,2025-01-28 17:17:00
3837,2,missed,873,2025-07-20 12:19:00
3838,27,connected,489,2025-07-08 09:31:00
3839,43,connected,252,2025-10-23 08:00:00
3840,9,connected,824,2025-09-27 12:36:00
3841,43,missed,288,2025-03-06 12:21:00
3842,21,connected,876,2025-01-22 18:52:00
3843,11,voicemail,160,2025-11-13 16:01:00
3844,13,missed,715,2025-09-07 12:17:00
3845,2,connected,18,2025-01-27 13:27:00
3846,34,missed,500,2025-10-23 17:03:00
3847,15,missed,638,2025-08-10 14:19:00
3848,20,missed,171,2025-03-10 09:52:00
3849,26,connected,714,2025-10-26 16:38:00
3850,51,voicemail,457,2025-03-28 17:31:00
3851,38,missed,609,2025-08-21 11:53:00
3852,19,missed,342,2025-09-14 17:27:00
3853,57,missed,500,2025-04-07 10:08:00
3854,52,connected,101,2025-12-07 13:08:00
3855,50,connected,383,2025-12-11 19:29:00
3856,38,connected,335,2025-05-27 15:20:00
3857,34,missed,51,2025-03-03 09:47:00
3858,24,connected,383,2025-06-07 09:11:00
3859,17,connected,503,2025-07-10 18:36:00
3860,45,connected,854,2025-10-04 08:45:00
3861,4,missed,842,2025-03-17 18:14:00
3862,11,connected,673,2025-09-23 08:28:00
3863,34,missed,746,2025-10-23 09:30:00
3864,34,voicemail,693,2025-05-01 10:23:00
3865,43,voicemail,121,2025-01-30 13:46:00
3866,53,connected,177,2025-07-04 10:09:00
3867,12,voicemail,426,2025-05-05 08:05:00
3868,30,connected,417,2025-07-03 17:46:00
3869,46,connected,226,2025-09-29 10:03:00
3870,59,voicemail,661,2025-11-11 09:08:00
3871,18,connected,580,2025-03-18 11:41:00
3872,40,voicemail,53,2025-11-28 19:26:00
3873,6,connected,354,2025-09-22 14:44:00
3874,46,connected,538,2025-09-05 13:30:00
3875,13,connected,747,2025-01-12 11:42:00
3876,48,missed,585,2025-10-31 12:30:00
3877,45,connected,418,2025-08-15 15:14:00
3878,14,voicemail,756,2025-11-27 08:39:00
3879,10,connected,468,2025-03-04 08:07:00
3880,34,missed,512,2025-04-19 12:00:00
3881,59,missed,462,2025-04-10 17:18:00
3882,41,voicemail,262,2025-09-02 12:05:00
3883,35,connected,794,2025-09-29 13:55:00
3884,41,voicemail,867,2025-08-17 18:48:00
3885,58,missed,397,2025-07-10 08:09:00
3886,7,connected,281,2025-09-19 13:38:00
3887,36,connected,325,2025-03-13 09:23:00
3888,6,connected,266,2025-09-01 16:26:00
3889,6,voicemail,42,2025-10-10 16:22:00
3890,20,voicemail,243,2025-01-05 08:12:00
3891,10,connected,345,2025-07-03 13:37:00
3892,39,connected,474,2025-07-04 10:00:00
3893,50,missed,31,2025-06-16 08:40:00
3894,27,missed,17,2025-05-31 17:11:00
3895,55,missed,596,2025-03-14 15:51:00
3896,16,missed,489,2025-11-13 08:28:00
3897,52,connected,738,2025-02-14 08:59:00
3898,7,voicemail,661,2025-02-13 08:14:00
3899,9,connected,697,2025-03-25 10:15:00
3900,23,connected,719,2025-06-06 15:46:00
3901,59,connected,853,2025-05-13 14:44:00
3902,55,connected,824,2025-06-21 10:24:00
3903,31,missed,889,2025-06-09 10:05:00
3904,55,connected,535,2025-07-22 10:16:00
3905,21,missed,206,2025-10-26 10:14:00
3906,59,voicemail,161,2025-11-14 12:44:00
3907,35,connected,452,2025-05-15 19:47:00
3908,45,voicemail,617,2025-01-26 14:44:00
3909,4,voicemail,609,2025-08-23 09:00:00
3910,23,connected,46,2025-02-18 19:29:00
3911,5,missed,558,2025-11-18 09:26:00
3912,49,connected,895,2025-07-09 13:36:00
3913,46,connected,763,2025-12-05 18:04:00
3914,50,voicemail,220,2025-07-06 18:54:00
3915,10,voicemail,189,2025-02-01 16:14:00
3916,42,connected,169,2025-07-10 18:17:00
3917,41,connected,736,2025-11-06 09:20:00
3918,11,connected,29,2025-12-16 08:46:00
3919,52,connected,554,2025-08-02 14:07:00
3920,41,connected,482,2025-06-10 17:37:00
3921,14,connected,427,2025-12-13 19:39:00
3922,42,voicemail,634,2025-07-24 10:33:00
3923,59,connected,801,2025-10-29 16:39:00
3924,42,voicemail,536,2025-10-16 08:06:00
3925,12,connected,754,2025-08-04 17:12:00
3926,54,connected,333,2025-01-28 15:25:00
3927,18,voicemail,647,2025-03-28 12:19:00
3928,10,connected,568,2025-10-15 09:57:00
3929,33,connected,387,2025-04-09 09:52:00
3930,11,connected,764,2025-07-12 17:04:00
3931,31,connected,877,2025-11-28 15:10:00
3932,39,missed,130,2025-08-23 11:27:00
3933,40,connected,418,2025-12-20 14:01:00
3934,11,voicemail,249,2025-03-08 09:26:00
3935,23,connected,199,2025-01-25 12:53:00
3936,4,missed,25,2025-06-01 19:43:00
3937,14,missed,114,2025-06-09 15:26:00
3938,1,voicemail,514,2025-12-07 09:12:00
3939,59,connected,878,2025-09-13 17:13:00
3940,34,connected,283,2025-07-13 15:52:00
3941,2,missed,170,2025-05-20 08:42:00
3942,35,missed,753,2025-08-05 12:31:00
3943,48,connected,387,2025-09-29 19:37:00
3944,44,connected,734,2025-05-18 19:04:00
3945,51,connected,633,2025-03-18 12:07:00
3946,21,voicemail,272,2025-05-05 11:07:00
3947,33,missed,28,2025-08-30 18:41:00
3948,23,voicemail,853,2025-01-21 10:57:00
3949,10,voicemail,900,2025-02-03 10:46:00
3950,24,missed,192,2025-11-14 10:17:00
3951,1,missed,316,2025-09-24 18:01:00
3952,57,connected,602,2025-11-29 11:33:00
3953,16,missed,431,2025-05-16 10:56:00
3954,16,connected,787,2025-03-16 10:32:00
3955,32,connected,41,2025-05-22 10:36:00
3956,8,connected,170,2025-04-11 15:27:00
3957,55,missed,615,2025-01-11 10:50:00
3958,8,connected,435,2025-10-16 13:32:00
3959,49,connected,233,2025-01-20 18:32:00
3960,24,voicemail,157,2025-06-19 17:37:00
3961,33,connected,256,2025-08-06 09:33:00
3962,44,connected,265,2025-01-16 08:39:00
3963,29,voicemail,819,2025-07-20 18:18:00
3964,25,missed,38,2025-04-13 15:30:00
3965,15,connected,564,2025-02-25 13:56:00
3966,40,missed,485,2025-05-01 13:15:00
3967,14,voicemail,725,2025-06-29 12:40:00
3968,3,missed,841,2025-10-19 13:58:00
3969,42,connected,852,2025-12-01 11:58:00
3970,11,connected,657,2025-11-27 19:15:00
3971,13,missed,417,2025-06-17 17:48:00
3972,34,missed,264,2025-05-29 11:46:00
3973,34,connected,346,2025-11-14 12:31:00
3974,48,voicemail,195,2025-02-15 15:34:00
3975,1,connected,786,2025-07-21 12:35:00
3976,24,missed,845,2025-11-25 15:50:00
3977,36,missed,542,2025-12-20 17:10:00
3978,26,connected,338,2025-09-14 09:09:00
3979,31,voicemail,120,2025-01-28 16:45:00
3980,14,connected,246,2025-08-04 19:31:00
3981,1,missed,343,2025-12-02 13:19:00
3982,23,voicemail,121,2025-07-29 13:17:00
3983,41,missed,195,2025-02-15 11:44:00
3984,35,connected,328,2025-08-03 13:01:00
3985,39,connected,668,2025-06-06 18:35:00
3986,11,missed,805,2025-03-21 16:04:00
3987,18,connected,24,2025-01-18 09:42:00
3988,8,connected,50,2025-10-23 18:19:00
3989,47,voicemail,699,2025-06-07 16:06:00
3990,27,missed,531,2025-06-06 19:46:00
3991,3,voicemail,126,2025-11-29 08:40:00
3992,47,voicemail,354,2025-07-23 13:06:00
3993,38,voicemail,423,2025-09-09 11:18:00
3994,46,connected,441,2025-05-20 13:53:00
3995,36,connected,442,2025-03-23 16:08:00
3996,45,missed,892,2025-06-11 12:22:00
3997,38,connected,64,2025-09-13 13:02:00
3998,8,connected,37,2025-12-18 08:08:00
3999,28,connected,613,2025-09-23 14:30:00
4000,30,connected,139,2025-09-11 17:11:00
4001,4,voicemail,492,2025-03-09 14:15:00
4002,29,connected,867,2025-08-17 13:42:00
4003,50,voicemail,319,2025-08-15 19:14:00
4004,7,voicemail,208,2025-12-15 14:24:00
4005,29,connected,183,2025-02-17 13:12:00
4006,22,connected,636,2025-04-02 11:48:00
4007,36,connected,603,2025-07-23 18:05:00
4008,35,voicemail,220,2025-09-01 18:47:00
4009,42,missed,363,2025-12-17 17:49:00
4010,16,connected,149,2025-11-17 15:22:00
4011,7,connected,814,2025-04-21 13:33:00
4012,48,connected,38,2025-07-14 15:04:00
4013,14,voicemail,272,2025-09-26 15:42:00
4014,30,voicemail,321,2025-12-09 18:40:00
4015,4,voicemail,368,2025-08-16 11:39:00
4016,14,connected,204,2025-05-21 11:56:00
4017,27,missed,724,2025-06-03 10:41:00
4018,53,connected,399,2025-10-06 17:25:00
4019,30,connected,900,2025-12-19 08:25:00
4020,49,connected,20,2025-05-17 19:21:00
4021,24,connected,338,2025-01-09 08:07:00
4022,58,connected,388,2025-07-29 15:47:00
4023,3,missed,535,2025-05-23 15:42:00
4024,5,connected,762,2025-03-09 19:11:00
4025,36,voicemail,385,2025-08-29 15:25:00
4026,54,connected,274,2025-09-23 10:39:00
4027,27,connected,819,2025-06-27 17:54:00
4028,38,voicemail,649,2025-12-02 13:18:00
4029,31,connected,464,2025-02-11 12:56:00
4030,47,connected,447,2025-02-19 15:18:00
4031,45,connected,649,2025-05-23 14:07:00
4032,45,missed,688,2025-06-22 18:27:00
4033,1,voicemail,275,2025-01-09 12:13:00
4034,24,connected,366,2025-10-02 19:48:00
4035,7,connected,700,2025-01-01 15:02:00
4036,51,voicemail,40,2025-08-17 11:57:00
4037,46,connected,390,2025-12-18 11:01:00
4038,3,missed,484,2025-12-02 18:12:00
4039,18,connected,506,2025-02-14 12:48:00
4040,43,voicemail,159,2025-03-20 16:07:00
4041,16,missed,638,2025-04-13 12:15:00
4042,51,connected,787,2025-09-27 16:55:00
4043,4,missed,738,2025-10-04 13:49:00
4044,13,missed,124,2025-08-21 10:46:00
4045,27,connected,180,2025-01-10 14:40:00
4046,56,connected,715,2025-08-13 16:24:00
4047,5,voicemail,690,2025-09-25 12:08:00
4048,49,connected,899,2025-01-16 12:34:00
4049,35,connected,698,2025-08-22 08:53:00
4050,11,connected,214,2025-10-15 14:22:00
4051,51,connected,37,2025-06-12 13:12:00
4052,52,connected,551,2025-10-03 08:14:00
4053,1,missed,119,2025-03-31 13:29:00
4054,50,connected,823,2025-03-01 09:38:00
4055,22,connected,170,2025-06-02 11:38:00
4056,1,missed,326,2025-12-03 09:34:00
4057,24,connected,86,2025-12-18 09:13:00
4058,33,missed,701,2025-04-13 13:04:00
4059,17,connected,312,2025-08-12 15:25:00
4060,24,connected,726,2025-10-02 19:47:00
4061,36,missed,804,2025-06-15 19:46:00
4062,30,connected,450,2025-07-29 17:52:00
4063,15,missed,813,2025-11-28 16:56:00
4064,25,connected,32,2025-09-06 18:11:00
4065,7,connected,829,2025-11-02 09:30:00
4066,53,connected,826,2025-05-13 14:19:00
4067,47,connected,834,2025-02-12 18:11:00
4068,24,connected,372,2025-07-05 16:51:00
4069,59,connected,142,2025-09-18 16:11:00
4070,38,voicemail,30,2025-10-27 17:05:00
4071,1,connected,402,2025-02-25 11:55:00
4072,38,connected,698,2025-12-15 09:38:00
4073,38,connected,253,2025-01-16 17:17:00
4074,36,connected,15,2025-10-13 11:38:00
4075,3,voicemail,478,2025-08-05 18:30:00
4076,54,missed,851,2025-02-03 15:11:00
4077,52,connected,209,2025-11-01 12:20:00
4078,4,connected,878,2025-12-13 18:32:00
4079,48,voicemail,190,2025-03-28 12:16:00
4080,59,voicemail,618,2025-07-24 12:40:00
4081,54,voicemail,793,2025-04-17 15:18:00
4082,12,connected,518,2025-03-18 17:46:00
4083,33,connected,892,2025-04-24 18:08:00
4084,7,connected,535,2025-05-21 10:59:00
4085,52,connected,107,2025-04-11 11:45:00
4086,57,connected,622,2025-01-19 11:35:00
4087,50,missed,666,2025-07-16 16:49:00
4088,11,connected,192,2025-03-11 11:21:00
4089,27,connected,309,2025-02-21 11:26:00
4090,7,connected,350,2025-05-25 14:08:00
4091,38,voicemail,168,2025-08-18 11:22:00
4092,22,missed,559,2025-04-18 18:45:00
4093,41,connected,330,2025-05-12 19:50:00
4094,25,connected,541,2025-11-04 16:12:00
4095,22,connected,306,2025-07-20 15:06:00
4096,53,voicemail,554,2025-08-09 08:06:00
4097,55,connected,74,2025-08-30 16:47:00
4098,28,connected,281,2025-11-01 08:25:00
4099,24,connected,217,2025-01-14 13:25:00
4100,47,voicemail,320,2025-06-05 08:30:00
4101,30,missed,891,2025-02-26 10:05:00
4102,46,connected,265,2025-01-12 13:47:00
4103,51,connected,117,2025-02-13 16:14:00
4104,46,missed,867,2025-05-14 17:40:00
4105,32,voicemail,821,2025-10-25 10:39:00
4106,7,voicemail,574,2025-01-31 08:28:00
4107,29,missed,702,2025-10-05 16:49:00
4108,21,missed,658,2025-11-09 17:05:00
4109,44,connected,618,2025-11-12 18:43:00
4110,10,voicemail,488,2025-03-02 14:53:00
4111,38,voicemail,247,2025-08-08 16:55:00
4112,16,connected,866,2025-05-14 16:27:00
4113,10,connected,819,2025-07-29 09:46:00
4114,26,connected,677,2025-03-02 08:04:00
4115,35,connected,28,2025-07-30 11:20:00
4116,3,connected,686,2025-11-16 15:34:00
4117,50,connected,880,2025-07-27 09:44:00
4118,55,connected,490,2025-05-11 14:28:00
4119,2,connected,687,2025-04-29 15:01:00
4120,3,connected,210,2025-09-17 15:19:00
4121,44,voicemail,399,2025-07-29 10:08:00
4122,43,connected,473,2025-06-27 12:29:00
4123,28,connected,575,2025-03-27 17:47:00
4124,16,voicemail,776,2025-10-06 18:20:00
4125,37,connected,417,2025-04-28 16:50:00
4126,17,connected,467,2025-10-17 09:37:00
4127,38,connected,349,2025-03-07 09:06:00
4128,30,connected,892,2025-02-09 19:01:00
4129,56,connected,564,2025-04-09 15:20:00
4130,55,connected,221,2025-11-20 19:07:00
4131,47,voicemail,142,2025-02-24 15:24:00
4132,25,missed,201,2025-01-02 15:39:00
4133,6,connected,439,2025-12-15 09:22:00
4134,18,missed,540,2025-01-19 18:23:00
4135,26,missed,20,2025-11-05 11:37:00
4136,57,connected,139,2025-04-14 08:03:00
4137,16,connected,363,2025-04-08 11:49:00
4138,37,connected,502,2025-04-07 12:46:00
4139,9,connected,385,2025-03-15 17:32:00
4140,7,connected,772,2025-02-13 15:49:00
4141,49,voicemail,218,2025-10-17 14:53:00
4142,44,voicemail,549,2025-08-16 18:38:00
4143,22,missed,468,2025-05-07 17:09:00
4144,35,connected,261,2025-01-31 17:57:00
4145,25,connected,282,2025-12-09 16:04:00
4146,32,missed,205,2025-11-22 17:31:00
4147,7,connected,711,2025-04-22 13:47:00
4148,33,connected,566,2025-03-28 12:51:00
4149,14,voicemail,110,2025-05-23 19:07:00
4150,11,voicemail,897,2025-02-18 19:11:00
4151,35,voicemail,187,2025-09-26 17:06:00
4152,17,connected,863,2025-06-29 15:02:00
4153,42,connected,304,2025-12-05 11:13:00
4154,12,connected,618,2025-02-17 19:22:00
4155,42,connected,727,2025-05-31 12:18:00
4156,46,voicemail,202,2025-04-21 10:03:00
4157,30,missed,671,2025-09-21 09:52:00
4158,2,voicemail,45,2025-06-19 16:37:00
4159,36,voicemail,291,2025-12-06 19:47:00
4160,4,voicemail,99,2025-10-04 14:40:00
4161,30,connected,798,2025-03-24 11:25:00
4162,38,connected,770,2025-05-06 08:29:00
4163,14,connected,339,2025-09-20 11:18:00
4164,41,connected,503,2025-04-19 17:18:00
4165,5,connected,702,2025-06-26 08:56:00
4166,40,connected,470,2025-06-04 12:23:00
4167,21,connected,515,2025-07-29 16:48:00
4168,3,connected,114,2025-03-03 19:20:00
4169,6,missed,23,2025-04-27 08:25:00
4170,13,connected,443,2025-06-01 09:11:00
4171,57,missed,602,2025-11-27 10:24:00
4172,52,voicemail,823,2025-03-18 11:48:00
4173,25,connected,128,2025-02-26 13:28:00
4174,38,connected,309,2025-08-27 10:12:00
4175,30,voicemail,338,2025-09-29 08:28:00
4176,59,voicemail,671,2025-10-16 18:59:00
4177,20,connected,175,2025-08-24 11:48:00
4178,51,voicemail,870,2025-01-05 11:44:00
4179,45,voicemail,35,2025-06-10 09:11:00
4180,15,voicemail,860,2025-03-27 08:50:00
4181,7,voicemail,841,2025-03-01 12:39:00
4182,16,connected,378,2025-05-24 18:32:00
4183,59,connected,185,2025-03-19 09:48:00
4184,24,connected,579,2025-02-08 16:56:00
4185,53,voicemail,570,2025-01-01 17:21:00
4186,60,connected,836,2025-01-26 13:38:00
4187,51,connected,867,2025-04-26 09:45:00
4188,18,connected,756,2025-01-30 09:19:00
4189,44,connected,672,2025-06-29 16:25:00
4190,1,connected,174,2025-07-26 09:30:00
4191,48,connected,755,2025-06-07 08:59:00
4192,31,voicemail,759,2025-05-09 13:11:00
4193,9,voicemail,648,2025-06-01 12:42:00
4194,39,connected,468,2025-11-28 14:56:00
4195,15,connected,45,2025-10-19 08:28:00
4196,26,connected,724,2025-10-19 14:20:00
4197,44,connected,781,2025-10-13 09:22:00
4198,9,connected,790,2025-11-14 14:15:00
4199,49,connected,664,2025-06-22 19:27:00
4200,29,missed,355,2025-09-27 11:01:00
4201,18,connected,491,2025-06-05 13:41:00
4202,38,missed,712,2025-09-20 09:35:00
4203,41,connected,154,2025-07-26 18:19:00
4204,49,missed,341,2025-04-18 08:34:00
4205,60,missed,106,2025-12-02 09:08:00
4206,58,connected,539,2025-08-26 18:45:00
4207,7,connected,778,2025-07-16 17:33:00
4208,24,missed,40,2025-03-30 13:27:00
4209,43,connected,725,2025-07-31 17:36:00
4210,37,connected,674,2025-04-10 09:36:00
4211,30,connected,418,2025-05-20 11:40:00
4212,34,connected,628,2025-03-17 08:10:00
4213,50,connected,417,2025-09-27 09:51:00
4214,45,connected,746,2025-11-15 14:50:00
4215,35,connected,592,2025-02-17 09:01:00
4216,9,connected,526,2025-11-28 19:19:00
4217,3,missed,618,2025-03-31 17:14:00
4218,54,connected,756,2025-08-03 08:02:00
4219,48,missed,270,2025-12-08 09:39:00
4220,2,connected,584,2025-09-30 16:10:00
4221,21,connected,159,2025-09-26 10:01:00
4222,33,connected,144,2025-11-24 08:29:00
4223,32,missed,413,2025-05-30 08:11:00
4224,23,missed,501,2025-07-28 16:05:00
4225,6,voicemail,412,2025-12-20 17:03:00
4226,44,connected,890,2025-11-08 15:15:00
4227,12,connected,396,2025-12-02 15:48:00
4228,30,missed,288,2025-10-29 16:59:00
4229,17,connected,183,2025-01-01 10:33:00
4230,27,missed,555,2025-02-14 10:28:00
4231,10,voicemail,864,2025-07-29 08:24:00
4232,22,connected,178,2025-09-02 19:39:00
4233,59,voicemail,496,2025-11-04 10:33:00
4234,12,connected,766,2025-06-07 19:59:00
4235,40,connected,852,2025-08-25 14:32:00
4236,60,connected,554,2025-01-23 16:31:00
4237,33,voicemail,350,2025-12-16 17:33:00
4238,26,voicemail,725,2025-08-14 12:07:00
4239,58,connected,141,2025-11-07 18:23:00
4240,31,connected,189,2025-02-05 14:36:00
4241,25,missed,841,2025-08-25 16:36:00
4242,9,connected,825,2025-07-04 13:21:00
4243,55,missed,284,2025-06-22 14:58:00
4244,24,voicemail,249,2025-11-07 09:17:00
4245,13,voicemail,623,2025-01-30 13:14:00
4246,11,connected,876,2025-02-22 11:06:00
4247,56,missed,717,2025-11-28 11:02:00
4248,21,connected,404,2025-12-07 13:16:00
4249,35,missed,699,2025-04-17 16:35:00
4250,3,connected,633,2025-08-06 09:31:00
4251,19,connected,99,2025-03-30 16:54:00
4252,43,voicemail,778,2025-08-07 13:42:00
4253,27,voicemail,500,2025-07-13 09:53:00
4254,57,voicemail,765,2025-08-20 10:19:00
4255,55,connected,482,2025-12-11 19:22:00
4256,34,connected,828,2025-07-12 11:41:00
4257,50,connected,496,2025-10-16 12:42:00
4258,43,connected,58,2025-10-25 08:19:00
4259,20,connected,381,2025-02-02 18:03:00
4260,1,connected,23,2025-08-08 15:49:00
4261,42,connected,259,2025-11-01 14:14:00
4262,54,connected,99,2025-05-22 13:46:00
4263,28,connected,499,2025-06-13 17:51:00
4264,13,missed,658,2025-05-30 12:35:00
4265,26,missed,269,2025-11-06 16:45:00
4266,17,connected,501,2025-02-06 08:28:00
4267,34,connected,900,2025-08-29 18:12:00
4268,53,voicemail,104,2025-01-27 12:04:00
4269,8,connected,411,2025-09-17 18:03:00
4270,28,voicemail,555,2025-01-23 10:59:00
4271,46,connected,466,2025-02-11 14:17:00
4272,54,connected,35,2025-11-26 13:56:00
4273,32,missed,15,2025-06-02 13:02:00
4274,42,connected,24,2025-02-01 08:04:00
4275,34,connected,19,2025-12-01 19:25:00
4276,12,missed,139,2025-02-01 17:38:00
4277,1,missed,586,2025-07-16 15:56:00
4278,1,connected,70,2025-11-07 12:10:00
4279,16,missed,768,2025-03-18 18:54:00
4280,27,voicemail,372,2025-04-25 14:19:00
4281,22,voicemail,286,2025-01-19 08:45:00
4282,31,voicemail,838,2025-10-31 10:41:00
4283,23,connected,30,2025-11-03 10:04:00
4284,15,voicemail,349,2025-11-16 10:01:00
4285,31,missed,712,2025-07-31 11:21:00
4286,37,connected,445,2025-04-21 09:59:00
4287,42,voicemail,851,2025-09-18 11:44:00
4288,53,connected,817,2025-08-29 13:29:00
4289,54,connected,102,2025-09-03 18:26:00
4290,59,connected,308,2025-08-05 19:20:00
4291,47,connected,710,2025-10-16 18:33:00
4292,53,missed,290,2025-11-17 15:41:00
4293,6,voicemail,677,2025-08-07 17:44:00
4294,15,missed,115,2025-08-04 15:43:00
4295,21,voicemail,189,2025-07-12 18:53:00
4296,41,connected,799,2025-07-24 09:56:00
4297,50,voicemail,389,2025-05-13 13:42:00
4298,2,voicemail,358,2025-02-14 15:00:00
4299,1,voicemail,896,2025-05-25 09:31:00
4300,13,connected,357,2025-11-25 17:05:00
4301,7,connected,655,2025-11-23 14:44:00
4302,5,connected,549,2025-04-28 16:13:00
4303,40,connected,51,2025-06-23 09:26:00
4304,2,connected,691,2025-02-19 17:39:00
4305,48,missed,319,2025-07-09 10:22:00
4306,45,connected,155,2025-05-08 13:15:00
4307,29,voicemail,174,2025-01-08 08:53:00
4308,46,connected,863,2025-07-18 17:37:00
4309,58,voicemail,302,2025-06-15 12:00:00
4310,36,voicemail,610,2025-01-07 13:35:00
4311,39,voicemail,545,2025-03-21 10:52:00
4312,8,connected,328,2025-11-27 17:49:00
4313,42,voicemail,208,2025-12-19 08:32:00
4314,16,voicemail,505,2025-11-08 15:08:00
4315,43,connected,569,2025-06-23 16:14:00
4316,13,missed,619,2025-10-15 13:15:00
4317,20,missed,49,2025-10-28 10:51:00
4318,25,voicemail,770,2025-04-26 14:18:00
4319,38,connected,279,2025-04-23 17:39:00
4320,42,connected,362,2025-09-06 13:18:00
4321,24,connected,897,2025-04-08 10:09:00
4322,16,voicemail,45,2025-11-28 17:07:00
4323,29,voicemail,725,2025-01-18 17:20:00
4324,58,missed,327,2025-09-06 11:33:00
4325,10,connected,168,2025-08-08 16:10:00
4326,29,voicemail,546,2025-06-30 15:24:00
4327,34,connected,582,2025-01-23 09:02:00
4328,54,connected,251,2025-07-02 09:19:00
4329,28,missed,610,2025-10-26 17:14:00
4330,14,connected,775,2025-11-18 18:13:00
4331,17,connected,188,2025-07-03 11:24:00
4332,51,voicemail,168,2025-05-08 16:21:00
4333,48,connected,676,2025-09-15 17:34:00
4334,5,missed,279,2025-02-24 13:31:00
4335,24,voicemail,243,2025-09-28 16:56:00
4336,27,connected,390,2025-10-07 08:44:00
4337,30,connected,141,2025-06-04 13:11:00
4338,19,missed,554,2025-08-25 19:28:00
4339,48,missed,34,2025-02-13 18:02:00
4340,2,connected,68,2025-04-12 11:21:00
4341,43,missed,501,2025-03-10 13:06:00
4342,30,connected,417,2025-11-22 11:08:00
4343,18,connected,875,2025-11-16 16:31:00
4344,57,missed,260,2025-09-16 14:58:00
4345,49,voicemail,57,2025-01-20 10:38:00
4346,33,voicemail,731,2025-06-05 13:41:00
4347,23,connected,531,2025-10-06 09:18:00
4348,49,voicemail,491,2025-07-26 19:10:00
4349,54,connected,583,2025-08-29 17:07:00
4350,14,voicemail,814,2025-09-21 10:07:00
4351,32,connected,569,2025-12-12 11:25:00
4352,1,voicemail,447,2025-08-11 16:32:00
4353,49,voicemail,573,2025-05-20 15:37:00
4354,19,connected,477,2025-11-09 11:12:00
4355,60,connected,432,2025-03-10 10:17:00
4356,46,connected,179,2025-10-11 15:18:00
4357,14,missed,709,2025-06-21 13:24:00
4358,37,missed,814,2025-04-19 10:32:00
4359,32,missed,266,2025-05-16 12:08:00
4360,56,missed,353,2025-01-27 08:10:00
4361,19,missed,866,2025-01-29 08:22:00
4362,3,voicemail,742,2025-10-14 19:18:00
4363,23,connected,868,2025-01-30 15:51:00
4364,15,connected,198,2025-07-10 18:24:00
4365,59,connected,729,2025-10-18 18:46:00
4366,55,connected,84,2025-11-27 15:23:00
4367,6,missed,103,2025-07-07 16:59:00
4368,35,connected,742,2025-11-30 10:59:00
4369,44,connected,71,2025-09-17 10:04:00
4370,56,connected,681,2025-04-22 09:13:00
4371,39,voicemail,189,2025-10-24 11:09:00
4372,60,voicemail,531,2025-04-21 19:28:00
4373,54,missed,708,2025-05-24 18:18:00
4374,22,missed,179,2025-02-18 10:29:00
4375,27,voicemail,17,2025-11-30 15:52:00
4376,35,connected,472,2025-08-03 19:25:00
4377,19,voicemail,145,2025-05-28 08:58:00
4378,30,connected,120,2025-01-20 11:41:00
4379,24,voicemail,174,2025-12-12 19:15:00
4380,59,connected,575,2025-05-07 17:37:00
4381,33,connected,535,2025-06-11 19:27:00
4382,48,missed,17,2025-12-13 13:17:00
4383,9,missed,118,2025-04-13 18:10:00
4384,25,connected,475,2025-03-13 12:32:00
4385,39,connected,737,2025-05-24 15:19:00
4386,25,connected,386,2025-06-16 15:20:00
4387,43,voicemail,252,2025-02-02 12:08:00
4388,22,connected,664,2025-05-22 13:42:00
4389,1,connected,783,2025-10-02 09:05:00
4390,24,voicemail,286,2025-06-06 15:44:00
4391,54,missed,23,2025-07-11 18:18:00
4392,28,connected,878,2025-07-09 10:21:00
4393,20,connected,169,2025-12-01 16:35:00
4394,2,connected,171,2025-12-01 14:00:00
4395,11,connected,773,2025-10-19 19:47:00
4396,58,voicemail,39,2025-05-29 13:29:00
4397,39,voicemail,666,2025-08-06 16:28:00
4398,43,missed,791,2025-04-12 13:10:00
4399,3,connected,634,2025-02-21 15:25:00
4400,56,connected,715,2025-02-16 17:28:00
4401,54,missed,54,2025-08-10 10:52:00
4402,34,connected,751,2025-08-05 18:56:00
4403,60,connected,388,2025-11-29 19:42:00
4404,36,voicemail,883,2025-02-09 17:52:00
4405,36,missed,490,2025-07-01 17:57:00
4406,7,connected,97,2025-12-03 12:33:00
4407,26,connected,666,2025-10-13 11:35:00
4408,46,connected,700,2025-07-02 13:06:00
4409,2,missed,265,2025-12-09 12:25:00
4410,28,connected,533,2025-08-13 16:00:00
4411,17,voicemail,556,2025-10-05 09:11:00
4412,47,voicemail,146,2025-09-06 15:44:00
4413,18,connected,97,2025-08-09 09:05:00
4414,24,missed,876,2025-08-11 14:15:00
4415,41,missed,831,2025-03-03 09:01:00
4416,47,connected,394,2025-09-18 13:29:00
4417,45,voicemail,211,2025-11-07 17:43:00
4418,51,missed,545,2025-04-25 09:56:00
4419,10,connected,830,2025-05-09 12:31:00
4420,26,voicemail,422,2025-07-17 12:35:00
4421,17,connected,354,2025-08-09 17:06:00
4422,2,connected,187,2025-02-28 17:59:00
4423,29,voicemail,481,2025-12-02 18:12:00
4424,48,connected,704,2025-01-05 09:59:00
4425,50,connected,890,2025-02-05 15:56:00
4426,21,missed,210,2025-01-04 09:40:00
4427,1,voicemail,122,2025-07-30 15:14:00
4428,22,voicemail,648,2025-06-26 17:31:00
4429,8,connected,175,2025-09-02 09:27:00
4430,25,connected,827,2025-05-28 09:51:00
4431,25,connected,365,2025-04-02 11:16:00
4432,24,connected,784,2025-05-18 15:08:00
4433,35,connected,872,2025-12-13 17:48:00
4434,60,connected,343,2025-04-10 17:22:00
4435,53,connected,753,2025-08-08 16:38:00
4436,53,connected,523,2025-10-15 18:20:00
4437,2,connected,142,2025-02-24 18:02:00
4438,59,connected,783,2025-03-28 18:15:00
4439,26,voicemail,375,2025-05-22 19:30:00
4440,26,voicemail,816,2025-02-04 08:23:00
4441,9,connected,714,2025-09-13 15:52:00
4442,23,missed,347,2025-06-08 12:30:00
4443,31,missed,72,2025-10-12 09:20:00
4444,12,missed,26,2025-08-09 15:18:00
4445,35,voicemail,650,2025-07-17 11:21:00
4446,33,connected,511,2025-09-25 19:35:00
4447,49,connected,129,2025-05-17 19:43:00
4448,26,missed,599,2025-07-24 18:05:00
4449,19,connected,32,2025-06-04 11:11:00
4450,46,connected,284,2025-04-11 18:32:00
4451,42,missed,796,2025-10-17 12:52:00
4452,11,connected,711,2025-09-08 13:32:00
4453,37,connected,630,2025-02-22 14:20:00
4454,20,missed,570,2025-06-19 10:51:00
4455,31,connected,203,2025-04-22 08:16:00
4456,8,connected,615,2025-08-12 11:38:00
4457,45,connected,137,2025-05-17 16:55:00
4458,21,connected,616,2025-01-10 08:00:00
4459,25,connected,28,2025-01-11 16:45:00
4460,32,missed,289,2025-07-24 08:32:00
4461,9,connected,863,2025-10-14 11:40:00
4462,60,connected,606,2025-01-27 10:30:00
4463,14,connected,171,2025-04-29 16:57:00
4464,39,missed,520,2025-04-02 08:52:00
4465,10,voicemail,176,2025-07-24 09:34:00
4466,11,connected,877,2025-06-30 09:51:00
4467,24,connected,755,2025-08-20 09:30:00
4468,22,voicemail,247,2025-05-04 17:28:00
4469,35,voicemail,58,2025-07-15 11:25:00
4470,8,missed,260,2025-09-27 17:46:00
4471,27,connected,838,2025-10-02 17:32:00
4472,42,missed,436,2025-04-07 17:04:00
4473,38,connected,502,2025-06-22 16:13:00
4474,1,voicemail,43,2025-01-27 18:23:00
4475,25,connected,344,2025-06-08 16:38:00
4476,26,voicemail,718,2025-10-08 15:54:00
4477,20,connected,853,2025-09-24 16:29:00
4478,21,connected,228,2025-11-26 18:43:00
4479,13,missed,865,2025-02-19 18:15:00
4480,43,connected,782,2025-11-13 10:58:00
4481,55,connected,518,2025-02-14 11:52:00
4482,41,missed,21,2025-03-21 16:13:00
4483,45,missed,889,2025-07-30 19:24:00
4484,45,connected,495,2025-04-05 17:18:00
4485,31,missed,80,2025-04-30 08:37:00
4486,33,connected,316,2025-03-07 16:53:00
4487,8,connected,208,2025-07-28 11:27:00
4488,12,connected,849,2025-10-13 19:52:00
4489,24,voicemail,78,2025-09-02 09:23:00
4490,35,missed,432,2025-11-06 15:06:00
4491,37,connected,674,2025-08-01 14:41:00
4492,16,connected,870,2025-01-05 14:57:00
4493,27,connected,825,2025-11-11 11:08:00
4494,42,connected,861,2025-12-12 11:36:00
4495,48,voicemail,459,2025-10-17 14:11:00
4496,37,voicemail,223,2025-01-11 15:59:00
4497,19,missed,573,2025-02-04 11:46:00
4498,38,connected,467,2025-12-16 13:42:00
4499,52,connected,784,2025-07-13 13:02:00
4500,44,connected,725,2025-10-01 08:53:00
4501,46,connected,706,2025-05-21 19:49:00
4502,15,connected,148,2025-01-12 12:36:00
4503,44,missed,301,2025-01-15 16:33:00
4504,12,connected,575,2025-05-23 11:41:00
4505,53,connected,493,2025-04-21 10:01:00
4506,31,missed,79,2025-12-14 18:37:00
4507,2,connected,510,2025-02-25 11:46:00
4508,18,connected,192,2025-03-13 08:33:00
4509,37,connected,25,2025-07-08 17:01:00
4510,43,connected,91,2025-02-23 15:53:00
4511,19,connected,830,2025-12-06 17:32:00
4512,27,connected,432,2025-03-09 16:26:00
4513,31,connected,296,2025-05-06 11:40:00
4514,35,connected,802,2025-11-02 13:10:00
4515,16,voicemail,799,2025-07-03 10:41:00
4516,60,missed,884,2025-02-01 17:40:00
4517,3,missed,747,2025-02-05 14:23:00
4518,57,connected,489,2025-02-24 12:31:00
4519,29,connected,303,2025-03-23 11:43:00
4520,28,voicemail,304,2025-07-21 15:39:00
4521,34,voicemail,313,2025-12-03 18:27:00
4522,59,voicemail,22,2025-06-21 11:15:00
4523,23,connected,532,2025-01-10 19:03:00
4524,45,connected,152,2025-02-22 15:50:00
4525,26,connected,834,2025-06-28 14:02:00
4526,16,connected,869,2025-01-19 13:56:00
4527,45,connected,637,2025-09-14 18:50:00
4528,13,voicemail,253,2025-11-15 10:52:00
4529,53,voicemail,140,2025-03-30 17:16:00
4530,47,connected,511,2025-11-21 14:15:00
4531,42,connected,268,2025-05-11 17:37:00
4532,50,connected,265,2025-09-12 14:14:00
4533,3,connected,243,2025-08-12 15:45:00
4534,55,voicemail,675,2025-12-08 08:25:00
4535,8,connected,502,2025-11-11 16:46:00
4536,4,connected,491,2025-11-25 18:04:00
4537,27,voicemail,598,2025-07-16 11:17:00
4538,42,connected,887,2025-02-14 13:24:00
4539,32,connected,146,2025-12-13 15:51:00
4540,18,connected,670,2025-03-09 18:28:00
4541,57,missed,197,2025-09-20 18:29:00
4542,8,missed,79,2025-08-23 11:28:00
4543,55,missed,424,2025-06-25 12:35:00
4544,27,voicemail,130,2025-08-14 12:52:00
4545,15,connected,560,2025-07-31 17:56:00
4546,15,connected,487,2025-07-12 13:57:00
4547,59,missed,527,2025-11-03 16:40:00
4548,31,missed,28,2025-12-20 08:55:00
4549,10,connected,555,2025-07-08 16:59:00
4550,11,connected,418,2025-10-13 08:10:00
4551,49,missed,256,2025-06-16 12:18:00
4552,5,missed,190,2025-02-28 10:02:00
4553,5,voicemail,88,2025-04-25 14:01:00
4554,41,missed,167,2025-10-21 16:55:00
4555,40,connected,774,2025-04-07 17:46:00
4556,40,missed,443,2025-09-07 11:15:00
4557,10,connected,242,2025-10-17 18:57:00
4558,4,connected,223,2025-01-07 10:34:00
4559,45,connected,159,2025-06-15 12:00:00
4560,3,missed,148,2025-07-19 12:06:00
4561,31,voicemail,429,2025-06-05 08:01:00
4562,26,missed,621,2025-05-18 18:32:00
4563,33,connected,722,2025-03-22 14:38:00
4564,2,missed,188,2025-11-22 17:00:00
4565,56,connected,614,2025-03-31 19:38:00
4566,38,missed,855,2025-01-12 12:57:00
4567,21,voicemail,586,2025-01-24 10:01:00
4568,54,missed,807,2025-11-22 14:46:00
4569,56,connected,579,2025-11-15 10:52:00
4570,44,connected,900,2025-11-13 19:57:00
4571,22,voicemail,208,2025-04-20 19:57:00
4572,32,connected,469,2025-05-29 12:03:00
4573,5,connected,288,2025-04-06 17:02:00
4574,59,connected,314,2025-10-02 11:09:00
4575,42,connected,354,2025-01-05 17:14:00
4576,8,missed,545,2025-03-16 11:48:00
4577,50,missed,196,2025-09-30 15:38:00
4578,4,voicemail,338,2025-07-19 12:21:00
4579,29,connected,586,2025-05-02 19:21:00
4580,18,connected,153,2025-03-02 11:27:00
4581,25,connected,870,2025-02-06 13:11:00
4582,15,missed,800,2025-01-17 18:35:00
4583,5,voicemail,237,2025-11-02 18:47:00
4584,13,connected,321,2025-11-22 13:09:00
4585,50,connected,811,2025-01-08 10:17:00
4586,10,missed,377,2025-12-02 10:26:00
4587,44,connected,678,2025-09-09 16:39:00
4588,1,connected,402,2025-11-27 19:07:00
4589,16,voicemail,576,2025-03-03 15:44:00
4590,25,voicemail,694,2025-04-27 17:21:00
4591,19,connected,190,2025-01-22 10:00:00
4592,46,missed,459,2025-03-23 15:35:00
4593,36,voicemail,120,2025-08-03 10:30:00
4594,48,missed,515,2025-01-01 08:45:00
4595,11,connected,36,2025-09-05 18:14:00
4596,34,missed,75,2025-04-04 08:00:00
4597,43,connected,27,2025-01-20 09:07:00
4598,4,connected,595,2025-10-14 10:52:00
4599,36,connected,18,2025-03-28 11:54:00
4600,35,connected,122,2025-09-29 13:07:00
4601,58,connected,530,2025-05-29 17:53:00
4602,11,connected,71,2025-08-06 09:55:00
4603,52,connected,303,2025-07-21 10:38:00
4604,23,missed,392,2025-12-13 11:32:00
4605,31,voicemail,610,2025-01-26 09:20:00
4606,43,connected,194,2025-06-04 19:47:00
4607,56,connected,692,2025-01-27 11:08:00
4608,46,connected,79,2025-09-24 19:23:00
4609,60,missed,352,2025-09-29 12:16:00
4610,51,connected,200,2025-11-09 12:54:00
4611,10,missed,416,2025-05-30 14:03:00
4612,20,connected,277,2025-09-06 16:17:00
4613,10,missed,872,2025-04-05 17:01:00
4614,1,voicemail,244,2025-02-24 09:02:00
4615,5,voicemail,632,2025-08-11 15:46:00
4616,2,connected,61,2025-08-09 12:46:00
4617,16,connected,126,2025-01-06 17:13:00
4618,60,connected,737,2025-06-28 08:23:00
4619,18,connected,808,2025-03-31 13:31:00
4620,19,connected,578,2025-02-08 09:48:00
4621,16,missed,716,2025-05-09 16:40:00
4622,33,connected,688,2025-02-27 12:28:00
4623,47,voicemail,604,2025-05-04 08:20:00
4624,15,voicemail,683,2025-08-26 19:40:00
4625,38,connected,368,2025-10-19 18:57:00
4626,22,connected,748,2025-09-11 15:24:00
4627,36,voicemail,116,2025-06-04 16:48:00
4628,7,connected,583,2025-08-05 10:24:00
4629,8,missed,160,2025-04-12 12:14:00
4630,41,voicemail,604,2025-05-30 09:29:00
4631,43,connected,798,2025-11-17 17:20:00
4632,37,connected,384,2025-04-28 12:17:00
4633,47,connected,342,2025-01-15 12:49:00
4634,41,connected,158,2025-07-17 09:35:00
4635,12,connected,896,2025-08-16 14:49:00
4636,53,connected,873,2025-03-13 14:06:00
4637,54,voicemail,812,2025-01-22 12:19:00
4638,56,connected,53,2025-08-30 18:31:00
4639,32,connected,612,2025-11-04 16:36:00
4640,25,missed,548,2025-12-17 14:31:00
4641,19,connected,862,2025-04-22 19:39:00
4642,42,voicemail,548,2025-10-10 13:52:00
4643,51,connected,830,2025-03-21 16:32:00
4644,4,voicemail,422,2025-06-07 19:10:00
4645,23,connected,756,2025-03-27 13:56:00
4646,36,missed,735,2025-01-16 09:50:00
4647,21,voicemail,358,2025-04-24 11:04:00
4648,47,connected,379,2025-04-10 10:04:00
4649,20,connected,510,2025-09-17 13:04:00
4650,29,connected,845,2025-05-17 09:38:00
4651,53,missed,660,2025-04-05 14:08:00
4652,6,missed,807,2025-10-28 19:57:00
4653,16,connected,477,2025-02-23 10:27:00
4654,42,connected,346,2025-07-08 16:42:00
4655,28,connected,135,2025-07-21 17:43:00
4656,60,missed,725,2025-05-15 09:07:00
4657,28,connected,849,2025-01-01 08:31:00
4658,20,connected,178,2025-12-08 13:19:00
4659,41,missed,428,2025-10-07 09:41:00
4660,55,connected,558,2025-06-18 13:20:00
4661,8,connected,663,2025-02-17 16:58:00
4662,2,connected,718,2025-04-10 09:22:00
4663,19,connected,341,2025-09-02 15:34:00
4664,30,connected,487,2025-02-01 09:13:00
4665,49,connected,795,2025-02-26 17:19:00
4666,41,missed,724,2025-03-10 15:04:00
4667,3,connected,853,2025-02-01 14:27:00
4668,59,connected,170,2025-01-05 16:44:00
4669,48,voicemail,585,2025-08-30 09:48:00
4670,23,connected,702,2025-10-27 13:27:00
4671,48,connected,665,2025-02-01 13:20:00
4672,42,voicemail,125,2025-10-31 13:11:00
4673,49,connected,723,2025-05-17 13:42:00
4674,4,connected,400,2025-11-08 18:06:00
4675,22,missed,711,2025-04-11 14:16:00
4676,18,voicemail,405,2025-04-24 10:14:00
4677,1,missed,21,2025-01-14 08:19:00
4678,44,voicemail,189,2025-06-29 08:33:00
4679,49,connected,18,2025-03-23 17:24:00
4680,33,missed,539,2025-10-01 18:58:00
4681,36,connected,311,2025-04-28 17:25:00
4682,13,connected,522,2025-12-19 14:34:00
4683,17,connected,688,2025-05-16 10:07:00
4684,56,voicemail,509,2025-11-01 08:24:00
4685,10,voicemail,526,2025-03-15 16:37:00
4686,20,missed,437,2025-03-06 19:00:00
4687,13,connected,787,2025-03-19 19:57:00
4688,14,voicemail,178,2025-12-06 17:55:00
4689,8,connected,375,2025-06-21 17:19:00
4690,45,connected,808,2025-03-20 17:44:00
4691,36,connected,132,2025-02-22 08:21:00
4692,38,missed,102,2025-09-10 10:43:00
4693,17,connected,170,2025-12-12 19:57:00
4694,13,connected,160,2025-07-23 13:26:00
4695,32,missed,198,2025-05-01 19:10:00
4696,39,connected,183,2025-03-04 11:46:00
4697,12,missed,627,2025-01-27 19:20:00
4698,53,missed,16,2025-06-19 17:12:00
4699,18,missed,748,2025-04-28 16:40:00
4700,50,missed,601,2025-10-04 09:17:00
4701,36,connected,416,2025-01-29 14:23:00
4702,56,voicemail,218,2025-07-23 08:46:00
4703,2,voicemail,268,2025-11-21 16:43:00
4704,31,voicemail,440,2025-06-13 15:24:00
4705,57,connected,201,2025-02-11 16:08:00
4706,15,missed,880,2025-04-09 12:15:00
4707,53,voicemail,501,2025-01-11 09:19:00
4708,12,connected,838,2025-09-06 08:22:00
4709,6,voicemail,380,2025-04-09 12:50:00
4710,7,voicemail,128,2025-05-29 14:07:00
4711,42,connected,555,2025-02-15 12:09:00
4712,21,voicemail,626,2025-07-30 14:52:00
4713,12,voicemail,665,2025-05-04 14:47:00
4714,35,connected,106,2025-08-03 11:29:00
4715,31,connected,699,2025-03-15 17:00:00
4716,23,connected,26,2025-07-05 16:18:00
4717,43,connected,30,2025-09-22 11:54:00
4718,18,connected,288,2025-06-08 11:03:00
4719,59,connected,624,2025-08-19 16:53:00
4720,42,connected,635,2025-12-19 15:49:00
4721,42,connected,163,2025-07-27 15:32:00
4722,33,voicemail,870,2025-09-22 08:57:00
4723,49,voicemail,165,2025-02-04 14:56:00
4724,40,connected,637,2025-10-17 08:54:00
4725,53,connected,790,2025-08-03 12:19:00
4726,10,connected,37,2025-01-14 11:02:00
4727,28,missed,884,2025-06-22 09:50:00
4728,10,connected,750,2025-10-14 11:13:00
4729,43,connected,681,2025-05-28 16:49:00
4730,2,connected,462,2025-02-07 08:52:00
4731,59,missed,316,2025-06-07 15:16:00
4732,46,connected,195,2025-03-08 13:16:00
4733,48,connected,116,2025-10-02 16:50:00
4734,38,connected,342,2025-10-12 15:50:00
4735,26,connected,593,2025-10-26 14:10:00
4736,23,voicemail,319,2025-10-15 15:59:00
4737,41,connected,174,2025-01-10 09:30:00
4738,56,missed,667,2025-08-07 18:37:00
4739,45,connected,72,2025-10-31 13:14:00
4740,3,connected,242,2025-05-15 09:41:00
4741,57,connected,880,2025-11-09 08:25:00
4742,16,missed,384,2025-11-27 17:03:00
4743,31,missed,654,2025-01-01 15:59:00
4744,19,connected,265,2025-02-01 11:36:00
4745,32,connected,132,2025-04-22 08:49:00
4746,38,missed,609,2025-01-04 11:42:00
4747,14,connected,723,2025-02-15 16:53:00
4748,16,voicemail,716,2025-12-08 13:36:00
4749,5,voicemail,648,2025-05-11 11:55:00
4750,26,missed,746,2025-07-12 14:14:00
4751,38,voicemail,603,2025-02-04 08:02:00
4752,38,connected,15,2025-03-02 15:14:00
4753,41,voicemail,546,2025-03-24 17:49:00
4754,41,connected,673,2025-07-01 09:39:00
4755,32,connected,876,2025-04-15 16:25:00
4756,3,voicemail,105,2025-08-20 15:48:00
4757,47,connected,389,2025-09-07 08:31:00
4758,41,missed,420,2025-07-05 16:42:00
4759,28,connected,811,2025-10-08 15:31:00
4760,60,connected,746,2025-10-21 08:05:00
4761,52,connected,824,2025-11-19 19:34:00
4762,24,connected,568,2025-10-23 15:59:00
4763,5,missed,107,2025-10-24 11:39:00
4764,12,connected,514,2025-02-02 08:47:00
4765,21,missed,413,2025-10-25 14:37:00
4766,25,missed,279,2025-02-24 18:30:00
4767,38,voicemail,218,2025-08-22 16:37:00
4768,9,voicemail,552,2025-07-20 09:14:00
4769,43,voicemail,146,2025-05-07 17:42:00
4770,23,voicemail,662,2025-05-23 18:01:00
4771,23,connected,43,2025-05-29 12:08:00
4772,57,connected,755,2025-02-25 11:52:00
4773,6,missed,780,2025-12-19 14:22:00
4774,8,missed,615,2025-10-13 17:16:00
4775,2,connected,859,2025-04-12 19:16:00
4776,3,voicemail,862,2025-03-13 09:27:00
4777,33,missed,861,2025-09-07 16:40:00
4778,14,connected,176,2025-04-19 09:01:00
4779,2,voicemail,567,2025-04-26 13:32:00
4780,40,connected,594,2025-05-17 09:53:00
4781,22,connected,695,2025-07-09 10:06:00
4782,38,voicemail,432,2025-09-28 19:09:00
4783,14,connected,800,2025-01-15 18:29:00
4784,10,connected,507,2025-07-23 14:05:00
4785,9,connected,66,2025-05-22 12:16:00
4786,5,connected,718,2025-06-20 10:54:00
4787,47,missed,832,2025-11-29 15:09:00
4788,31,missed,597,2025-12-14 17:40:00
4789,37,voicemail,643,2025-05-31 12:54:00
4790,51,connected,787,2025-11-19 09:45:00
4791,34,missed,606,2025-11-13 10:24:00
4792,28,missed,800,2025-04-03 17:14:00
4793,49,connected,272,2025-11-27 08:32:00
4794,42,connected,765,2025-08-01 08:01:00
4795,51,missed,198,2025-03-26 17:21:00
4796,49,connected,320,2025-09-09 17:57:00
4797,13,voicemail,232,2025-06-27 12:07:00
4798,31,connected,628,2025-07-19 19:33:00
4799,32,connected,638,2025-07-21 11:56:00
4800,27,voicemail,141,2025-10-10 17:22:00
4801,12,voicemail,557,2025-01-23 12:24:00
4802,45,missed,518,2025-05-06 15:29:00
4803,17,connected,321,2025-02-23 14:55:00
4804,13,missed,324,2025-11-17 18:19:00
4805,60,voicemail,104,2025-03-04 10:35:00
4806,2,voicemail,325,2025-04-02 11:53:00
4807,37,missed,164,2025-05-13 08:57:00
4808,29,connected,84,2025-05-13 13:23:00
4809,39,connected,370,2025-08-23 14:20:00
4810,9,connected,95,2025-03-29 17:08:00
4811,48,voicemail,33,2025-08-03 15:23:00
4812,3,connected,411,2025-12-01 15:00:00
4813,33,missed,548,2025-05-01 16:45:00
4814,34,connected,832,2025-01-05 15:59:00
4815,16,connected,534,2025-04-12 15:32:00
4816,44,voicemail,650,2025-11-12 18:05:00
4817,44,connected,361,2025-08-15 10:35:00
4818,48,connected,891,2025-10-03 09:12:00
4819,28,voicemail,188,2025-11-02 16:31:00
4820,7,connected,230,2025-01-13 17:50:00
4821,31,missed,290,2025-08-20 11:04:00
4822,14,connected,807,2025-05-30 19:23:00
4823,5,connected,540,2025-07-28 16:48:00
4824,16,connected,639,2025-04-02 15:43:00
4825,51,connected,489,2025-02-28 13:16:00
4826,45,connected,94,2025-11-11 09:04:00
4827,49,connected,587,2025-10-01 09:26:00
4828,28,missed,756,2025-12-17 16:36:00
4829,36,missed,632,2025-12-02 09:45:00
4830,8,connected,321,2025-03-21 15:06:00
4831,18,voicemail,318,2025-05-02 08:06:00
4832,51,connected,661,2025-02-16 12:01:00
4833,59,missed,801,2025-12-18 11:12:00
4834,60,voicemail,449,2025-06-24 17:03:00
4835,4,connected,336,2025-08-24 11:01:00
4836,40,missed,762,2025-08-08 15:28:00
4837,6,connected,544,2025-10-10 14:34:00
4838,57,connected,470,2025-04-12 15:27:00
4839,12,connected,704,2025-07-27 12:46:00
4840,40,missed,506,2025-03-16 18:19:00
4841,24,connected,395,2025-05-06 18:25:00
4842,40,connected,420,2025-08-02 19:03:00
4843,46,voicemail,589,2025-07-26 08:19:00
4844,8,voicemail,397,2025-08-19 16:34:00
4845,44,connected,244,2025-04-22 13:03:00
4846,2,connected,417,2025-04-21 08:02:00
4847,12,missed,350,2025-09-23 08:13:00
4848,36,voicemail,811,2025-05-24 09:00:00
4849,27,voicemail,650,2025-09-22 15:12:00
4850,50,missed,268,2025-02-08 14:28:00
4851,54,connected,95,2025-03-18 08:59:00
4852,44,voicemail,653,2025-03-03 12:59:00
4853,23,connected,693,2025-10-23 09:15:00
4854,2,connected,877,2025-02-25 15:14:00
4855,2,connected,220,2025-10-06 12:32:00
4856,8,connected,362,2025-02-12 08:08:00
4857,50,voicemail,855,2025-08-25 13:41:00
4858,29,missed,191,2025-08-22 14:05:00
4859,55,connected,743,2025-11-06 12:49:00
4860,16,connected,181,2025-07-18 15:12:00
4861,58,voicemail,833,2025-06-29 16:42:00
4862,10,connected,553,2025-05-29 10:09:00
4863,34,missed,536,2025-01-04 13:28:00
4864,25,voicemail,231,2025-03-28 14:10:00
4865,16,connected,748,2025-10-22 09:50:00
4866,16,voicemail,161,2025-06-23 12:34:00
4867,56,voicemail,844,2025-12-06 13:55:00
4868,57,voicemail,195,2025-06-12 13:25:00
4869,33,missed,833,2025-08-17 18:03:00
4870,34,connected,727,2025-10-02 11:22:00
4871,55,voicemail,830,2025-09-03 17:32:00
4872,53,voicemail,165,2025-11-18 08:50:00
4873,23,connected,494,2025-06-06 19:54:00
4874,12,connected,113,2025-10-07 10:28:00
4875,6,missed,252,2025-07-24 09:40:00
4876,26,connected,841,2025-11-14 18:35:00
4877,60,connected,435,2025-01-31 16:16:00
4878,5,connected,452,2025-12-17 08:55:00
4879,11,connected,892,2025-11-19 19:58:00
4880,5,connected,123,2025-03-28 10:22:00
4881,35,voicemail,517,2025-06-07 10:15:00
4882,34,missed,542,2025-08-24 12:32:00
4883,37,voicemail,433,2025-04-27 17:58:00
4884,33,voicemail,185,2025-01-08 13:02:00
4885,37,connected,691,2025-02-23 19:29:00
4886,46,voicemail,108,2025-12-04 11:30:00
4887,45,connected,860,2025-05-17 09:19:00
4888,51,connected,496,2025-02-10 08:36:00
4889,39,connected,140,2025-07-11 08:48:00
4890,18,voicemail,366,2025-07-26 17:34:00
4891,38,connected,137,2025-10-17 09:01:00
4892,44,missed,761,2025-06-02 15:47:00
4893,43,voicemail,845,2025-07-31 09:44:00
4894,53,voicemail,287,2025-05-27 11:18:00
4895,1,connected,251,2025-06-27 14:59:00
4896,33,missed,328,2025-02-21 18:49:00
4897,59,connected,838,2025-12-05 13:51:00
4898,17,connected,338,2025-07-05 13:48:00
4899,33,connected,611,2025-11-05 13:23:00
4900,1,missed,165,2025-06-29 12:04:00
4901,7,connected,673,2025-01-02 09:20:00
4902,20,voicemail,641,2025-01-06 17:10:00
4903,12,missed,703,2025-11-13 11:18:00
4904,27,connected,476,2025-07-24 10:23:00
4905,47,voicemail,376,2025-05-31 12:50:00
4906,24,voicemail,480,2025-11-06 10:27:00
4907,14,connected,398,2025-06-03 13:42:00
4908,1,connected,715,2025-01-25 08:38:00
4909,47,connected,177,2025-11-30 17:58:00
4910,25,connected,566,2025-12-17 10:34:00
4911,26,connected,534,2025-07-13 10:56:00
4912,33,voicemail,290,2025-06-17 08:26:00
4913,9,voicemail,328,2025-01-28 11:51:00
4914,19,connected,170,2025-02-28 11:45:00
4915,60,connected,693,2025-01-09 11:03:00
4916,48,voicemail,265,2025-02-26 10:24:00
4917,16,voicemail,580,2025-05-07 14:32:00
4918,20,connected,441,2025-10-31 16:25:00
4919,31,missed,297,2025-04-13 19:32:00
4920,8,voicemail,600,2025-07-02 09:11:00
4921,11,voicemail,275,2025-02-11 11:44:00
4922,59,missed,48,2025-12-03 13:26:00
4923,37,connected,258,2025-01-29 14:50:00
4924,58,voicemail,275,2025-06-05 12:46:00
4925,49,missed,785,2025-12-05 17:16:00
4926,20,voicemail,747,2025-03-12 09:00:00
4927,27,connected,640,2025-08-15 18:02:00
4928,24,voicemail,53,2025-04-17 11:10:00
4929,27,connected,361,2025-11-17 09:40:00
4930,36,connected,278,2025-08-25 08:43:00
4931,54,connected,453,2025-06-06 12:48:00
4932,49,connected,605,2025-07-25 16:37:00
4933,10,connected,54,2025-03-14 09:19:00
4934,47,voicemail,645,2025-05-12 15:36:00
4935,3,missed,361,2025-11-28 18:31:00
4936,42,connected,78,2025-04-23 13:17:00
4937,8,connected,538,2025-08-09 17:45:00
4938,11,missed,54,2025-08-16 08:26:00
4939,43,voicemail,177,2025-12-12 09:21:00
4940,13,voicemail,713,2025-11-09 08:20:00
4941,59,voicemail,741,2025-01-13 15:45:00
4942,46,voicemail,657,2025-05-27 09:49:00
4943,53,voicemail,787,2025-08-17 16:45:00
4944,37,connected,661,2025-01-29 11:59:00
4945,3,missed,255,2025-05-04 15:22:00
4946,50,voicemail,767,2025-11-25 16:06:00
4947,50,voicemail,721,2025-04-21 09:53:00
4948,9,connected,640,2025-02-15 17:45:00
4949,19,voicemail,488,2025-05-26 09:34:00
4950,5,connected,77,2025-04-16 10:55:00
4951,39,connected,412,2025-01-14 17:06:00
4952,54,voicemail,355,2025-10-06 11:26:00
4953,5,connected,43,2025-01-30 15:25:00
4954,56,connected,21,2025-10-29 10:20:00
4955,46,voicemail,882,2025-09-28 10:30:00
4956,52,connected,263,2025-02-23 10:25:00
4957,35,connected,673,2025-12-01 15:34:00
4958,49,connected,367,2025-02-06 19:08:00
4959,33,connected,434,2025-10-31 18:44:00
4960,36,voicemail,90,2025-08-06 16:22:00
4961,24,voicemail,440,2025-03-06 15:24:00
4962,46,connected,639,2025-09-06 18:00:00
4963,21,missed,140,2025-06-03 09:27:00
4964,43,voicemail,110,2025-07-14 09:58:00
4965,23,connected,668,2025-04-17 13:09:00
4966,50,connected,878,2025-06-05 17:49:00
4967,40,voicemail,614,2025-07-30 14:36:00
4968,58,connected,452,2025-08-17 17:50:00
4969,37,connected,493,2025-01-06 16:11:00
4970,33,connected,27,2025-03-02 12:07:00
4971,49,connected,741,2025-05-05 18:27:00
4972,18,connected,594,2025-12-10 15:02:00
4973,14,connected,112,2025-10-10 08:15:00
4974,5,connected,379,2025-02-21 15:48:00
4975,41,connected,566,2025-09-04 11:00:00
4976,60,voicemail,534,2025-12-18 12:39:00
4977,59,connected,783,2025-01-11 12:22:00
4978,25,voicemail,737,2025-01-08 17:18:00
4979,59,missed,40,2025-04-29 09:12:00
4980,3,voicemail,828,2025-03-19 10:12:00
4981,37,connected,370,2025-11-24 12:03:00
4982,16,connected,253,2025-07-11 11:48:00
4983,36,missed,272,2025-05-14 15:10:00
4984,41,voicemail,148,2025-08-28 09:38:00
4985,25,voicemail,335,2025-11-29 18:53:00
4986,51,connected,393,2025-09-03 09:20:00
4987,43,missed,404,2025-05-28 08:43:00
4988,25,connected,736,2025-08-10 14:26:00
4989,18,connected,293,2025-09-06 11:18:00
4990,47,voicemail,851,2025-07-27 16:14:00
4991,17,connected,622,2025-09-27 15:21:00
4992,7,connected,516,2025-12-18 17:33:00
4993,54,connected,877,2025-01-22 16:14:00
4994,10,voicemail,497,2025-08-05 18:15:00
4995,26,connected,252,2025-01-27 19:57:00
4996,4,connected,636,2025-02-06 16:40:00
4997,10,voicemail,644,2025-02-16 13:39:00
4998,12,voicemail,264,2025-09-13 19:47:00
4999,59,connected,355,2025-04-30 17:46:00
5000,45,missed,250,2025-07-12 12:20:00
5001,8,connected,728,2025-02-08 09:44:00
5002,4,connected,336,2025-07-16 18:06:00
5003,14,connected,798,2025-09-21 10:10:00
5004,27,voicemail,216,2025-03-20 14:48:00
5005,22,connected,851,2025-09-19 12:46:00
5006,57,missed,410,2025-11-12 08:21:00
5007,10,voicemail,324,2025-01-18 16:34:00
5008,10,connected,853,2025-06-12 18:29:00
5009,44,connected,212,2025-11-04 16:32:00
5010,24,connected,425,2025-02-16 17:18:00
5011,57,voicemail,868,2025-01-20 16:55:00
5012,59,missed,556,2025-08-27 16:51:00
5013,9,voicemail,665,2025-11-01 15:34:00
5014,1,missed,444,2025-09-12 09:59:00
5015,24,connected,546,2025-05-11 19:00:00
5016,43,connected,547,2025-11-19 15:03:00
5017,2,missed,438,2025-02-11 13:04:00
5018,10,connected,446,2025-04-05 11:23:00
5019,29,voicemail,260,2025-07-21 14:19:00
5020,42,connected,715,2025-08-17 13:37:00
5021,36,connected,291,2025-07-02 10:51:00
5022,7,connected,631,2025-03-29 16:20:00
5023,14,missed,852,2025-06-14 09:16:00
5024,16,connected,835,2025-01-19 17:16:00
5025,12,missed,487,2025-07-22 11:25:00
5026,13,connected,838,2025-03-18 09:22:00
5027,16,connected,741,2025-02-16 12:41:00
5028,15,connected,313,2025-01-12 13:14:00
5029,6,voicemail,189,2025-01-18 13:39:00
5030,3,connected,315,2025-06-01 19:50:00
5031,31,voicemail,491,2025-08-12 09:14:00
5032,23,connected,672,2025-10-17 16:17:00
5033,27,voicemail,499,2025-10-25 10:32:00
5034,20,missed,162,2025-08-31 15:07:00
5035,40,connected,190,2025-11-04 12:05:00
5036,39,voicemail,566,2025-10-04 11:52:00
5037,16,connected,448,2025-04-30 13:22:00
5038,43,missed,832,2025-11-14 15:49:00
5039,26,connected,366,2025-02-05 10:45:00
5040,9,voicemail,172,2025-01-03 10:58:00
5041,54,voicemail,116,2025-08-16 18:31:00
5042,30,connected,104,2025-12-08 10:34:00
5043,3,connected,758,2025-10-10 13:44:00
5044,5,connected,619,2025-08-20 12:34:00
5045,36,voicemail,241,2025-11-02 19:44:00
5046,8,voicemail,600,2025-02-17 14:35:00
5047,16,connected,392,2025-07-05 10:43:00
5048,21,connected,275,2025-11-25 08:47:00
5049,57,connected,364,2025-07-17 14:19:00
5050,58,missed,636,2025-04-17 08:03:00
5051,33,voicemail,25,2025-10-09 17:04:00
5052,22,voicemail,525,2025-09-13 13:00:00
5053,49,voicemail,697,2025-08-09 14:10:00
5054,10,connected,195,2025-11-05 10:21:00
5055,1,connected,415,2025-06-26 13:55:00
5056,13,connected,338,2025-02-17 16:17:00
5057,34,connected,77,2025-05-16 17:16:00
5058,6,connected,297,2025-09-26 14:45:00
5059,49,missed,60,2025-03-22 12:54:00
5060,53,connected,766,2025-04-06 15:40:00
5061,57,connected,473,2025-10-27 11:49:00
5062,6,missed,888,2025-05-05 17:10:00
5063,53,connected,536,2025-02-15 08:32:00
5064,56,voicemail,178,2025-11-26 18:37:00
5065,15,connected,296,2025-10-05 11:33:00
5066,59,voicemail,675,2025-06-25 15:53:00
5067,12,connected,154,2025-11-08 09:42:00
5068,28,missed,140,2025-06-21 13:56:00
5069,24,voicemail,481,2025-08-07 11:47:00
5070,13,connected,64,2025-08-13 15:08:00
5071,51,connected,763,2025-08-13 16:55:00
5072,46,voicemail,660,2025-09-06 13:41:00
5073,48,missed,255,2025-11-07 10:18:00
5074,27,connected,502,2025-01-14 08:22:00
5075,2,voicemail,112,2025-03-11 17:08:00
5076,22,voicemail,393,2025-01-06 16:52:00
5077,56,missed,238,2025-12-05 14:45:00
5078,34,connected,81,2025-03-28 15:49:00
5079,4,connected,680,2025-11-23 13:41:00
5080,47,voicemail,830,2025-07-09 10:24:00
5081,57,missed,460,2025-08-21 17:43:00
5082,59,missed,326,2025-05-01 11:11:00
5083,49,missed,579,2025-03-09 11:28:00
5084,54,missed,216,2025-03-29 08:11:00
5085,44,connected,143,2025-09-11 08:19:00
5086,20,connected,672,2025-10-08 08:00:00
5087,18,connected,310,2025-07-01 12:25:00
5088,53,missed,526,2025-04-05 19:57:00
5089,52,missed,527,2025-11-06 09:31:00
5090,10,connected,806,2025-09-05 11:12:00
5091,17,connected,714,2025-08-28 08:16:00
5092,56,voicemail,284,2025-09-30 12:15:00
5093,53,missed,839,2025-09-08 10:40:00
5094,36,connected,391,2025-03-19 17:38:00
5095,20,connected,181,2025-10-13 19:50:00
5096,32,voicemail,388,2025-06-28 13:38:00
5097,36,connected,661,2025-09-10 19:48:00
5098,44,connected,123,2025-10-23 11:59:00
5099,2,connected,797,2025-01-02 18:50:00
5100,53,connected,447,2025-08-13 10:14:00
5101,22,voicemail,418,2025-11-08 17:13:00
5102,49,connected,702,2025-02-25 12:47:00
5103,55,missed,410,2025-05-22 18:18:00
5104,38,missed,423,2025-06-14 19:24:00
5105,43,missed,426,2025-12-06 19:26:00
5106,1,voicemail,520,2025-04-05 14:41:00
5107,10,voicemail,335,2025-05-24 09:57:00
5108,16,voicemail,129,2025-01-31 10:29:00
5109,47,connected,549,2025-04-26 13:52:00
5110,31,voicemail,331,2025-11-03 17:19:00
5111,5,connected,320,2025-10-13 10:27:00
5112,21,connected,667,2025-12-13 13:14:00
5113,29,connected,846,2025-01-21 13:17:00
5114,40,connected,539,2025-06-01 15:19:00
5115,18,connected,697,2025-11-02 08:11:00
5116,10,voicemail,352,2025-03-22 09:47:00
5117,35,voicemail,590,2025-07-10 17:28:00
5118,25,connected,404,2025-09-21 19:20:00
5119,23,missed,728,2025-01-03 16:38:00
5120,8,voicemail,881,2025-06-08 16:28:00
5121,28,voicemail,845,2025-11-06 13:29:00
5122,18,voicemail,45,2025-10-11 08:19:00
5123,47,voicemail,451,2025-09-16 17:02:00
5124,34,connected,745,2025-12-06 10:24:00
5125,53,voicemail,162,2025-09-12 10:16:00
5126,37,voicemail,631,2025-01-08 11:19:00
5127,9,connected,631,2025-09-13 15:32:00
5128,19,connected,183,2025-08-23 16:50:00
5129,5,connected,338,2025-07-09 14:11:00
5130,54,connected,645,2025-11-23 11:47:00
5131,32,voicemail,338,2025-03-13 19:59:00
5132,60,missed,733,2025-12-20 10:02:00
5133,18,connected,429,2025-04-16 08:18:00
5134,9,missed,781,2025-08-01 15:23:00
5135,40,voicemail,769,2025-11-04 15:44:00
5136,48,missed,533,2025-04-04 12:24:00
5137,41,missed,535,2025-09-23 13:29:00
5138,27,connected,689,2025-01-16 13:30:00
5139,24,voicemail,604,2025-11-02 15:23:00
5140,46,voicemail,182,2025-04-11 17:43:00
5141,6,connected,655,2025-09-30 18:42:00
5142,7,connected,367,2025-11-15 12:32:00
5143,54,connected,381,2025-05-09 10:37:00
5144,60,voicemail,562,2025-02-11 17:12:00
5145,24,connected,574,2025-09-25 11:03:00
5146,29,missed,155,2025-07-17 18:52:00
5147,1,connected,154,2025-06-12 14:01:00
5148,10,connected,738,2025-05-23 09:05:00
5149,31,voicemail,530,2025-04-27 12:39:00
5150,25,voicemail,283,2025-03-20 11:45:00
5151,52,connected,861,2025-12-20 19:19:00
5152,35,connected,37,2025-07-06 09:15:00
5153,45,connected,193,2025-06-04 11:20:00
5154,47,voicemail,298,2025-06-12 12:44:00
5155,48,connected,753,2025-01-13 19:07:00
5156,4,missed,147,2025-12-05 08:32:00
5157,57,connected,18,2025-11-27 09:41:00
5158,7,connected,162,2025-01-27 13:32:00
5159,60,missed,719,2025-09-17 08:18:00
5160,39,connected,154,2025-12-02 18:10:00
5161,21,voicemail,717,2025-01-23 08:07:00
5162,7,connected,347,2025-11-12 13:10:00
5163,26,connected,543,2025-02-13 19:08:00
5164,32,connected,400,2025-01-21 09:08:00
5165,24,connected,465,2025-10-16 17:31:00
5166,57,missed,272,2025-07-27 08:11:00
5167,29,connected,722,2025-02-26 11:49:00
5168,1,connected,542,2025-03-01 18:17:00
5169,38,connected,282,2025-06-29 08:55:00
5170,1,connected,129,2025-04-19 18:46:00
5171,36,voicemail,645,2025-09-18 11:17:00
5172,48,connected,870,2025-06-11 12:36:00
5173,20,connected,620,2025-08-15 15:39:00
5174,10,voicemail,698,2025-07-17 19:37:00
5175,41,connected,682,2025-02-06 19:46:00
5176,6,voicemail,279,2025-07-30 14:24:00
5177,26,voicemail,203,2025-12-10 14:27:00
5178,15,voicemail,97,2025-12-08 16:34:00
5179,9,missed,530,2025-11-02 18:55:00
5180,50,connected,729,2025-08-24 10:18:00
5181,24,voicemail,533,2025-09-24 13:05:00
5182,26,missed,451,2025-08-09 11:21:00
5183,29,connected,537,2025-06-15 12:21:00
5184,12,connected,369,2025-06-03 12:50:00
5185,8,missed,216,2025-07-31 11:07:00
5186,57,connected,700,2025-05-16 19:49:00
5187,20,connected,258,2025-08-28 16:02:00
5188,56,connected,65,2025-04-08 13:21:00
5189,20,connected,511,2025-05-23 12:58:00
5190,60,missed,797,2025-02-17 10:16:00
5191,15,missed,852,2025-03-21 19:21:00
5192,34,voicemail,45,2025-10-31 19:47:00
5193,31,missed,675,2025-11-09 12:41:00
5194,10,missed,887,2025-07-17 18:27:00
5195,7,voicemail,403,2025-12-14 18:29:00
5196,27,connected,549,2025-04-10 13:08:00
5197,57,connected,164,2025-10-03 17:20:00
5198,56,connected,728,2025-09-20 18:06:00
5199,60,connected,247,2025-03-18 19:58:00
5200,11,voicemail,422,2025-09-05 16:21:00
5201,24,missed,344,2025-10-19 18:10:00
5202,5,connected,516,2025-02-14 19:35:00
5203,54,connected,527,2025-01-09 09:55:00
5204,4,missed,232,2025-06-13 17:01:00
5205,52,connected,334,2025-05-06 19:07:00
5206,25,voicemail,37,2025-09-13 10:47:00
5207,6,voicemail,838,2025-06-04 18:48:00
5208,40,voicemail,540,2025-01-29 11:17:00
5209,1,connected,485,2025-02-21 18:08:00
5210,23,connected,139,2025-12-13 08:37:00
5211,35,voicemail,72,2025-06-23 18:27:00
5212,45,missed,293,2025-01-01 11:32:00
5213,41,missed,107,2025-03-17 11:23:00
5214,58,voicemail,814,2025-04-08 12:54:00
5215,6,voicemail,135,2025-12-17 16:53:00
5216,50,connected,293,2025-09-05 10:38:00
5217,13,voicemail,491,2025-04-29 13:27:00
5218,53,connected,217,2025-02-05 09:07:00
5219,24,missed,678,2025-10-31 17:51:00
5220,23,connected,326,2025-11-18 17:43:00
5221,5,voicemail,574,2025-08-23 16:21:00
5222,59,connected,256,2025-06-25 12:07:00
5223,48,connected,243,2025-08-10 09:57:00
5224,28,connected,191,2025-05-17 19:13:00
5225,29,voicemail,70,2025-04-29 19:17:00
5226,24,missed,300,2025-08-25 09:43:00
5227,9,missed,584,2025-11-11 14:01:00
5228,47,voicemail,501,2025-12-05 15:56:00
5229,37,missed,280,2025-01-15 10:20:00
5230,51,missed,502,2025-04-23 18:01:00
5231,9,connected,511,2025-09-10 10:06:00
5232,53,missed,803,2025-11-19 18:29:00
5233,43,voicemail,854,2025-09-21 15:46:00
5234,10,voicemail,535,2025-10-04 10:49:00
5235,25,connected,894,2025-06-24 18:13:00
5236,6,missed,397,2025-03-29 12:32:00
5237,48,connected,175,2025-04-29 13:14:00
5238,40,connected,578,2025-07-12 11:09:00
5239,50,voicemail,217,2025-04-21 08:09:00
5240,5,connected,371,2025-06-24 10:09:00
5241,14,missed,876,2025-10-31 11:06:00
5242,22,voicemail,693,2025-11-02 18:05:00
5243,3,voicemail,572,2025-07-02 19:21:00
5244,3,connected,816,2025-12-02 17:30:00
5245,51,connected,118,2025-03-06 08:46:00
5246,36,connected,725,2025-10-24 16:28:00
5247,1,voicemail,356,2025-09-22 08:02:00
5248,59,connected,575,2025-01-26 18:39:00
5249,7,voicemail,241,2025-02-21 10:57:00
5250,3,connected,591,2025-04-29 14:01:00
5251,13,connected,591,2025-04-27 14:55:00
5252,5,connected,858,2025-03-28 08:28:00
5253,9,connected,496,2025-09-15 17:15:00
5254,45,missed,826,2025-05-27 14:38:00
5255,25,connected,607,2025-11-07 09:03:00
5256,11,connected,796,2025-04-21 11:28:00
5257,38,voicemail,705,2025-11-23 16:59:00
5258,53,connected,892,2025-02-01 14:00:00
5259,1,missed,98,2025-09-10 17:58:00
5260,17,connected,353,2025-10-28 17:44:00
5261,46,connected,196,2025-12-05 15:55:00
5262,14,voicemail,70,2025-12-08 12:54:00
5263,37,connected,891,2025-10-18 08:21:00
5264,21,connected,299,2025-01-24 11:00:00
5265,7,missed,656,2025-02-23 14:31:00
5266,2,missed,155,2025-06-26 18:04:00
5267,4,connected,344,2025-08-31 11:22:00
5268,49,missed,713,2025-12-14 10:47:00
5269,16,connected,230,2025-08-07 15:22:00
5270,24,connected,113,2025-09-30 10:40:00
5271,36,connected,860,2025-04-02 12:11:00
5272,20,connected,814,2025-10-18 16:21:00
5273,55,connected,534,2025-11-14 17:18:00
5274,54,connected,823,2025-07-27 16:21:00
5275,17,missed,856,2025-08-14 17:35:00
5276,60,connected,30,2025-10-18 09:27:00
5277,8,missed,636,2025-04-02 10:19:00
5278,12,connected,542,2025-07-13 09:04:00
5279,53,missed,35,2025-06-14 15:07:00
5280,27,voicemail,144,2025-09-30 11:09:00
5281,50,missed,129,2025-03-02 09:17:00
5282,25,missed,229,2025-08-26 08:05:00
5283,21,connected,378,2025-09-07 15:47:00
5284,3,connected,858,2025-02-22 18:55:00
5285,2,voicemail,868,2025-03-16 19:25:00
5286,29,voicemail,599,2025-12-01 09:42:00
5287,33,connected,296,2025-03-07 08:17:00
5288,59,voicemail,245,2025-03-14 10:16:00
5289,11,connected,353,2025-01-14 12:05:00
5290,3,missed,316,2025-09-18 10:50:00
5291,39,voicemail,431,2025-08-28 15:25:00
5292,19,connected,754,2025-03-13 11:45:00
5293,14,connected,380,2025-03-04 14:52:00
5294,12,missed,662,2025-02-13 15:17:00
5295,6,connected,741,2025-12-19 13:23:00
5296,7,missed,806,2025-08-11 10:47:00
5297,39,connected,824,2025-08-28 10:39:00
5298,5,connected,795,2025-07-27 14:37:00
5299,15,voicemail,442,2025-05-23 09:29:00
5300,57,connected,575,2025-06-08 15:40:00
5301,46,connected,498,2025-09-15 18:37:00
5302,55,voicemail,886,2025-06-19 10:03:00
5303,32,connected,287,2025-06-23 18:49:00
5304,52,connected,708,2025-07-16 11:56:00
5305,57,missed,97,2025-12-10 13:13:00
5306,49,connected,442,2025-01-31 11:43:00
5307,8,missed,299,2025-09-07 16:06:00
5308,46,connected,246,2025-07-29 09:50:00
5309,56,connected,569,2025-03-16 10:29:00
5310,10,voicemail,443,2025-06-28 15:14:00
5311,19,connected,210,2025-12-07 18:06:00
5312,31,connected,728,2025-10-15 09:52:00
5313,28,missed,487,2025-12-01 19:21:00
5314,48,connected,636,2025-07-12 09:21:00
5315,30,connected,122,2025-12-19 13:29:00
5316,40,connected,282,2025-08-08 10:35:00
5317,60,connected,155,2025-04-04 19:35:00
5318,11,voicemail,554,2025-01-31 16:27:00
5319,9,connected,348,2025-03-20 11:54:00
5320,18,connected,243,2025-04-02 18:09:00
5321,46,connected,563,2025-10-13 15:44:00
5322,38,missed,238,2025-12-04 10:20:00
5323,37,voicemail,412,2025-10-15 08:39:00
5324,37,missed,627,2025-05-05 12:31:00
5325,23,connected,533,2025-10-07 17:15:00
5326,20,connected,769,2025-05-14 16:02:00
5327,50,voicemail,705,2025-02-20 08:39:00
5328,19,connected,479,2025-07-07 17:01:00
5329,45,connected,370,2025-02-25 12:52:00
5330,33,connected,889,2025-10-27 19:20:00
5331,4,connected,874,2025-07-10 14:08:00
5332,60,connected,29,2025-05-03 15:52:00
5333,27,connected,458,2025-10-12 11:28:00
5334,19,connected,875,2025-01-10 19:54:00
5335,21,connected,438,2025-10-19 13:51:00
5336,9,connected,510,2025-02-04 10:18:00
5337,35,connected,749,2025-11-10 14:20:00
5338,18,connected,626,2025-08-05 16:58:00
5339,37,connected,628,2025-10-27 11:00:00
5340,48,missed,15,2025-08-14 12:25:00
5341,27,connected,895,2025-08-02 19:23:00
5342,44,connected,435,2025-03-25 19:06:00
5343,54,missed,511,2025-03-11 09:12:00
5344,57,connected,18,2025-01-12 14:17:00
5345,46,missed,591,2025-01-14 09:39:00
5346,42,voicemail,860,2025-02-10 15:47:00
5347,57,connected,591,2025-01-08 11:20:00
5348,19,voicemail,736,2025-09-19 18:01:00
5349,56,voicemail,104,2025-03-24 09:16:00
5350,47,missed,103,2025-01-15 13:20:00
5351,51,connected,516,2025-10-01 11:33:00
5352,14,voicemail,614,2025-04-29 15:00:00
5353,54,voicemail,544,2025-05-30 11:20:00
5354,27,connected,496,2025-05-02 08:13:00
5355,26,voicemail,613,2025-02-05 11:09:00
5356,33,missed,673,2025-09-16 19:31:00
5357,22,connected,452,2025-03-12 16:52:00
5358,31,missed,200,2025-06-28 14:17:00
5359,16,missed,710,2025-08-13 15:58:00
5360,46,connected,360,2025-10-31 10:21:00
5361,20,connected,486,2025-03-08 09:48:00
5362,53,missed,136,2025-11-06 14:33:00
5363,18,missed,355,2025-11-06 17:35:00
5364,60,missed,402,2025-03-29 11:58:00
5365,60,voicemail,315,2025-06-08 18:20:00
5366,53,missed,58,2025-11-11 13:44:00
5367,14,connected,812,2025-08-26 18:43:00
5368,53,connected,637,2025-11-28 08:17:00
5369,39,connected,137,2025-11-20 09:45:00
5370,17,missed,95,2025-02-27 08:35:00
5371,40,missed,848,2025-10-01 18:10:00
5372,25,voicemail,374,2025-10-20 17:50:00
5373,20,connected,520,2025-08-19 11:37:00
5374,9,missed,406,2025-07-12 14:37:00
5375,24,missed,640,2025-12-18 16:04:00
5376,42,connected,498,2025-09-29 19:00:00
5377,13,connected,771,2025-10-24 11:45:00
5378,7,voicemail,655,2025-04-05 13:52:00
5379,18,missed,61,2025-11-15 15:22:00
5380,7,voicemail,831,2025-05-31 15:26:00
5381,32,connected,171,2025-06-08 16:25:00
5382,32,voicemail,440,2025-05-09 08:59:00
5383,30,voicemail,612,2025-05-03 16:23:00
5384,3,missed,502,2025-05-19 16:35:00
5385,9,connected,718,2025-06-23 14:06:00
5386,12,voicemail,185,2025-10-04 12:03:00
5387,54,connected,828,2025-09-24 18:28:00
5388,47,connected,794,2025-03-09 12:56:00
5389,3,connected,844,2025-07-13 08:34:00
5390,34,connected,312,2025-08-17 17:05:00
5391,42,voicemail,508,2025-07-28 19:12:00
5392,2,connected,386,2025-03-19 18:34:00
5393,32,connected,210,2025-10-28 10:47:00
5394,1,connected,54,2025-07-03 17:50:00
5395,43,voicemail,413,2025-05-17 13:38:00
5396,28,missed,515,2025-01-01 13:17:00
5397,51,connected,714,2025-06-26 10:11:00
5398,14,missed,23,2025-04-19 14:49:00
5399,45,connected,810,2025-10-31 12:28:00
5400,9,voicemail,608,2025-10-27 19:42:00
5401,15,missed,900,2025-03-22 13:08:00
5402,37,connected,420,2025-10-24 09:47:00
5403,52,voicemail,535,2025-08-20 16:22:00
5404,53,connected,743,2025-05-18 09:35:00
5405,33,connected,633,2025-03-12 18:46:00
5406,41,missed,618,2025-01-08 12:05:00
5407,45,connected,329,2025-04-04 15:08:00
5408,20,connected,49,2025-08-06 11:19:00
5409,22,voicemail,307,2025-10-03 08:37:00
5410,43,connected,533,2025-05-21 17:59:00
5411,19,voicemail,461,2025-05-07 14:26:00
5412,46,connected,703,2025-06-01 08:21:00
5413,20,connected,827,2025-12-18 17:36:00
5414,26,connected,722,2025-03-02 18:43:00
5415,54,connected,384,2025-01-24 15:44:00
5416,4,connected,34,2025-08-30 19:32:00
5417,2,voicemail,535,2025-03-21 15:33:00
5418,21,connected,151,2025-03-23 19:17:00
5419,20,missed,592,2025-01-16 13:12:00
5420,57,missed,90,2025-07-09 15:05:00
5421,30,missed,582,2025-03-05 16:08:00
5422,10,missed,137,2025-02-09 15:09:00
5423,15,voicemail,224,2025-07-12 10:56:00
5424,53,voicemail,572,2025-11-28 08:01:00
5425,3,voicemail,637,2025-02-23 12:59:00
5426,1,voicemail,500,2025-09-25 12:39:00
5427,23,connected,275,2025-01-16 14:28:00
5428,2,connected,474,2025-07-08 11:25:00
5429,43,connected,304,2025-05-17 08:11:00
5430,12,voicemail,449,2025-07-18 10:47:00
5431,1,connected,536,2025-11-16 12:45:00
5432,42,connected,761,2025-07-20 16:03:00
5433,10,connected,833,2025-09-27 11:36:00
5434,33,voicemail,212,2025-10-04 15:30:00
5435,55,missed,90,2025-03-06 16:13:00
5436,41,connected,725,2025-11-27 13:56:00
5437,6,connected,261,2025-09-04 08:39:00
5438,42,connected,716,2025-09-03 08:16:00
5439,33,voicemail,848,2025-07-27 16:06:00
5440,36,connected,302,2025-03-18 09:08:00
5441,49,voicemail,157,2025-11-02 13:02:00
5442,27,voicemail,885,2025-10-28 11:11:00
5443,5,voicemail,727,2025-05-11 12:23:00
5444,43,connected,871,2025-11-18 18:35:00
5445,42,missed,99,2025-08-05 12:26:00
5446,36,missed,21,2025-09-07 12:47:00
5447,56,missed,387,2025-02-10 09:26:00
5448,46,voicemail,336,2025-08-03 11:39:00
5449,9,connected,882,2025-02-13 19:06:00
5450,44,missed,866,2025-03-11 14:16:00
5451,43,missed,584,2025-09-25 08:28:00
5452,35,voicemail,66,2025-10-03 15:03:00
5453,51,connected,37,2025-08-26 17:35:00
5454,60,voicemail,196,2025-05-02 10:33:00
5455,10,voicemail,21,2025-03-03 10:07:00
5456,56,missed,215,2025-06-29 12:43:00
5457,53,connected,140,2025-09-27 15:45:00
5458,46,voicemail,143,2025-02-25 10:21:00
5459,29,connected,629,2025-02-16 09:32:00
5460,23,connected,126,2025-01-22 17:29:00
5461,45,connected,39,2025-09-12 11:25:00
5462,1,missed,134,2025-09-03 12:37:00
5463,46,connected,867,2025-09-25 11:28:00
5464,54,voicemail,810,2025-09-29 12:23:00
5465,31,voicemail,431,2025-11-22 18:29:00
5466,28,connected,781,2025-12-13 12:07:00
5467,45,voicemail,744,2025-04-17 17:11:00
5468,40,voicemail,205,2025-11-06 10:46:00
5469,15,connected,519,2025-10-27 18:34:00
5470,3,connected,45,2025-01-22 14:28:00
5471,8,missed,689,2025-07-04 14:13:00
5472,25,voicemail,455,2025-09-30 16:33:00
5473,43,voicemail,51,2025-02-01 17:40:00
5474,55,missed,627,2025-11-07 15:49:00
5475,14,connected,205,2025-05-15 17:03:00
5476,18,connected,384,2025-07-04 15:13:00
5477,9,voicemail,218,2025-07-29 08:22:00
5478,27,voicemail,782,2025-03-19 17:28:00
5479,10,missed,223,2025-03-08 15:01:00
5480,38,missed,333,2025-02-18 10:42:00
5481,42,connected,359,2025-10-02 16:57:00
5482,14,missed,796,2025-02-17 14:00:00
5483,19,connected,691,2025-11-03 08:39:00
5484,7,connected,521,2025-04-07 15:10:00
5485,57,voicemail,624,2025-07-20 10:32:00
5486,30,connected,317,2025-06-28 13:14:00
5487,51,connected,725,2025-12-18 16:08:00
5488,53,missed,394,2025-06-04 18:45:00
5489,33,connected,349,2025-02-01 15:25:00
5490,40,voicemail,398,2025-10-26 16:37:00
5491,13,missed,173,2025-11-05 13:06:00
5492,49,connected,446,2025-01-15 14:19:00
5493,6,connected,728,2025-08-26 16:20:00
5494,44,missed,561,2025-07-09 17:23:00
5495,42,connected,857,2025-06-17 12:22:00
5496,13,connected,227,2025-05-22 16:47:00
5497,24,connected,435,2025-03-28 09:04:00
5498,59,connected,753,2025-02-10 13:22:00
5499,39,voicemail,778,2025-08-25 19:17:00
5500,12,missed,782,2025-03-29 11:50:00
5501,18,connected,328,2025-02-23 10:26:00
5502,45,connected,766,2025-03-26 16:38:00
5503,48,connected,132,2025-04-19 17:22:00
5504,27,voicemail,380,2025-06-15 19:48:00
5505,27,connected,428,2025-01-04 14:07:00
5506,40,connected,761,2025-09-10 17:24:00
5507,52,connected,883,2025-05-14 14:42:00
5508,41,connected,19,2025-12-07 15:28:00
5509,39,voicemail,191,2025-05-16 08:03:00
5510,13,connected,539,2025-03-08 18:24:00
5511,25,connected,195,2025-04-10 09:26:00
5512,50,voicemail,502,2025-10-17 08:36:00
5513,5,missed,737,2025-03-19 14:26:00
5514,45,connected,500,2025-08-25 11:35:00
5515,9,connected,633,2025-04-21 15:06:00
5516,14,voicemail,831,2025-01-13 10:40:00
5517,31,voicemail,105,2025-02-06 11:55:00
5518,59,connected,614,2025-04-22 08:05:00
5519,35,missed,210,2025-09-08 14:15:00
5520,32,missed,508,2025-07-12 12:10:00
5521,4,voicemail,64,2025-10-04 08:11:00
5522,7,connected,170,2025-11-15 18:19:00
5523,53,connected,306,2025-02-09 12:41:00
5524,30,missed,548,2025-11-13 16:10:00
5525,17,voicemail,150,2025-10-07 11:40:00
5526,6,missed,281,2025-08-18 16:45:00
5527,20,connected,753,2025-12-16 12:07:00
5528,24,missed,812,2025-03-15 11:06:00
5529,20,connected,331,2025-08-26 18:33:00
5530,48,connected,403,2025-09-25 09:30:00
5531,20,connected,259,2025-09-08 19:25:00
5532,51,voicemail,514,2025-08-06 09:32:00
5533,52,missed,302,2025-04-18 17:39:00
5534,34,connected,316,2025-06-30 15:09:00
5535,23,connected,851,2025-07-07 19:27:00
5536,21,voicemail,893,2025-12-17 18:23:00
5537,21,connected,363,2025-07-20 17:48:00
5538,12,connected,609,2025-04-08 19:08:00
5539,21,connected,796,2025-02-25 17:07:00
5540,56,voicemail,848,2025-04-27 08:26:00
5541,35,connected,848,2025-04-26 18:11:00
5542,39,missed,365,2025-03-13 08:15:00
5543,17,connected,351,2025-02-13 17:02:00
5544,32,missed,491,2025-01-24 09:22:00
5545,6,connected,388,2025-06-13 19:45:00
5546,50,voicemail,201,2025-10-09 09:55:00
5547,32,connected,495,2025-01-20 16:04:00
5548,13,voicemail,96,2025-03-31 09:53:00
5549,8,voicemail,725,2025-02-27 10:41:00
5550,51,voicemail,749,2025-08-24 12:03:00
5551,24,missed,158,2025-11-28 15:14:00
5552,18,voicemail,550,2025-07-07 14:22:00
5553,46,connected,561,2025-11-15 19:46:00
5554,54,missed,197,2025-10-26 18:03:00
5555,36,connected,200,2025-07-02 12:48:00
5556,21,missed,29,2025-06-20 11:40:00
5557,7,voicemail,862,2025-08-09 08:30:00
5558,47,connected,623,2025-05-02 19:37:00
5559,35,connected,655,2025-06-15 13:04:00
5560,9,voicemail,372,2025-04-01 11:31:00
5561,27,voicemail,543,2025-11-25 12:33:00
5562,10,connected,281,2025-10-09 09:53:00
5563,4,missed,31,2025-05-20 18:28:00
5564,6,connected,780,2025-11-27 18:22:00
5565,27,connected,116,2025-04-24 16:47:00
5566,3,voicemail,371,2025-11-20 19:40:00
5567,32,voicemail,309,2025-07-15 17:13:00
5568,43,connected,605,2025-03-30 11:12:00
5569,3,missed,860,2025-12-07 12:10:00
5570,58,connected,634,2025-04-08 11:05:00
5571,50,connected,796,2025-01-21 16:34:00
5572,4,voicemail,292,2025-08-03 08:26:00
5573,13,connected,693,2025-08-25 11:27:00
5574,28,voicemail,635,2025-03-02 10:47:00
5575,36,connected,617,2025-03-25 14:15:00
5576,34,connected,401,2025-03-24 17:28:00
5577,7,voicemail,95,2025-08-02 15:56:00
5578,21,voicemail,849,2025-07-08 09:15:00
5579,14,connected,392,2025-01-17 18:04:00
5580,5,connected,54,2025-11-29 09:02:00
5581,60,voicemail,616,2025-06-20 19:38:00
5582,48,connected,832,2025-02-27 12:51:00
5583,17,connected,826,2025-04-23 18:46:00
5584,9,voicemail,293,2025-05-09 09:21:00
5585,48,connected,384,2025-07-18 12:52:00
5586,25,connected,31,2025-07-12 15:12:00
5587,53,connected,460,2025-09-18 13:43:00
5588,27,missed,592,2025-03-03 09:53:00
5589,6,missed,316,2025-03-30 18:40:00
5590,46,connected,781,2025-10-23 08:04:00
5591,10,connected,900,2025-09-03 12:43:00
5592,8,missed,811,2025-11-11 15:22:00
5593,2,connected,704,2025-03-19 15:12:00
5594,16,connected,283,2025-10-11 13:19:00
5595,40,missed,377,2025-10-02 14:11:00
5596,30,connected,476,2025-07-02 18:29:00
5597,36,connected,668,2025-04-11 19:55:00
5598,34,connected,223,2025-07-17 11:45:00
5599,29,connected,457,2025-03-17 18:33:00
5600,13,connected,70,2025-08-20 08:18:00
5601,21,missed,809,2025-02-03 13:22:00
5602,53,connected,85,2025-11-10 15:43:00
5603,35,connected,239,2025-03-16 19:51:00
5604,60,connected,131,2025-06-23 12:10:00
5605,7,connected,646,2025-09-06 17:33:00
5606,59,missed,148,2025-11-03 11:44:00
5607,54,connected,277,2025-08-15 10:32:00
5608,10,missed,278,2025-04-11 19:51:00
5609,10,voicemail,464,2025-11-15 09:11:00
5610,10,connected,814,2025-05-03 13:13:00
5611,43,missed,835,2025-01-07 15:09:00
5612,15,connected,574,2025-03-17 18:17:00
5613,18,connected,362,2025-05-12 09:12:00
5614,43,missed,662,2025-08-18 16:34:00
5615,29,connected,276,2025-01-29 16:00:00
5616,3,connected,199,2025-07-03 13:48:00
5617,10,voicemail,274,2025-10-22 12:39:00
5618,15,missed,733,2025-01-27 17:33:00
5619,45,voicemail,216,2025-03-24 19:08:00
5620,57,connected,696,2025-02-14 10:33:00
5621,56,voicemail,236,2025-04-04 11:09:00
5622,51,connected,440,2025-01-25 19:06:00
5623,49,connected,669,2025-07-12 12:22:00
5624,25,voicemail,58,2025-01-28 15:33:00
5625,29,voicemail,80,2025-03-06 11:41:00
5626,51,missed,512,2025-10-11 18:53:00
5627,4,connected,856,2025-06-07 10:31:00
5628,17,connected,715,2025-11-14 08:53:00
5629,48,connected,695,2025-12-19 10:50:00
5630,55,missed,751,2025-11-12 13:56:00
5631,24,connected,245,2025-04-26 09:22:00
5632,47,voicemail,256,2025-08-25 15:02:00
5633,15,voicemail,361,2025-10-12 15:28:00
5634,9,missed,18,2025-12-02 11:13:00
5635,13,missed,42,2025-07-12 14:12:00
5636,23,voicemail,621,2025-10-23 17:01:00
5637,51,connected,894,2025-07-16 08:08:00
5638,15,missed,801,2025-02-21 13:02:00
5639,57,connected,343,2025-09-27 11:21:00
5640,9,connected,196,2025-02-23 10:36:00
5641,27,connected,176,2025-07-02 09:50:00
5642,8,connected,443,2025-10-21 12:47:00
5643,18,connected,248,2025-09-01 12:05:00
5644,34,connected,116,2025-02-25 19:50:00
5645,46,voicemail,426,2025-07-12 08:24:00
5646,12,missed,442,2025-06-16 19:04:00
5647,55,voicemail,113,2025-04-16 16:17:00
5648,33,connected,863,2025-08-20 14:31:00
5649,54,connected,91,2025-08-29 08:55:00
5650,38,voicemail,263,2025-01-23 11:41:00
5651,48,connected,478,2025-03-24 18:25:00
5652,12,missed,233,2025-07-06 09:24:00
5653,39,connected,169,2025-07-09 16:20:00
5654,37,voicemail,430,2025-12-05 17:04:00
5655,23,voicemail,822,2025-10-06 08:39:00
5656,6,missed,256,2025-01-09 14:27:00
5657,30,missed,56,2025-06-17 18:34:00
5658,12,connected,516,2025-09-02 15:38:00
5659,40,voicemail,670,2025-08-19 17:49:00
5660,48,connected,369,2025-04-15 16:55:00
5661,40,connected,498,2025-04-08 12:41:00
5662,34,connected,548,2025-06-22 13:34:00
5663,57,voicemail,685,2025-08-30 10:23:00
5664,31,missed,250,2025-06-01 11:34:00
5665,52,voicemail,173,2025-08-28 11:16:00
5666,49,voicemail,165,2025-02-22 17:13:00
5667,37,voicemail,822,2025-11-11 09:05:00
5668,37,voicemail,895,2025-08-04 16:45:00
5669,27,missed,113,2025-04-06 11:31:00
5670,24,connected,527,2025-11-06 16:28:00
5671,48,connected,523,2025-03-31 17:56:00
5672,30,connected,590,2025-12-04 12:09:00
5673,33,connected,421,2025-02-11 18:37:00
5674,42,voicemail,609,2025-07-06 08:03:00
5675,5,missed,245,2025-01-15 16:57:00
5676,1,connected,832,2025-02-21 17:08:00
5677,58,voicemail,311,2025-05-12 14:47:00
5678,14,connected,600,2025-04-13 15:14:00
5679,54,voicemail,364,2025-10-20 17:36:00
5680,41,voicemail,781,2025-03-20 12:02:00
5681,59,connected,636,2025-04-13 10:49:00
5682,5,connected,228,2025-04-30 17:55:00
5683,44,connected,776,2025-01-22 16:16:00
5684,53,missed,783,2025-01-21 13:05:00
5685,21,connected,239,2025-07-17 13:07:00
5686,53,missed,253,2025-05-02 17:38:00
5687,20,connected,58,2025-10-19 19:04:00
5688,13,voicemail,224,2025-04-07 12:09:00
5689,11,voicemail,357,2025-10-05 19:06:00
5690,36,voicemail,858,2025-12-05 12:14:00
5691,9,missed,408,2025-07-09 13:00:00
5692,46,connected,577,2025-10-22 12:26:00
5693,45,connected,800,2025-12-08 13:23:00
5694,27,voicemail,22,2025-10-31 11:57:00
5695,13,missed,301,2025-07-24 13:15:00
5696,8,connected,329,2025-11-23 11:19:00
5697,30,connected,444,2025-10-30 12:40:00
5698,16,connected,216,2025-03-21 10:52:00
5699,38,voicemail,403,2025-11-12 08:17:00
5700,55,connected,678,2025-05-04 14:07:00
5701,51,connected,816,2025-02-16 15:46:00
5702,1,voicemail,500,2025-05-19 17:26:00
5703,49,connected,586,2025-06-29 12:12:00
5704,13,missed,271,2025-08-25 09:41:00
5705,52,connected,59,2025-08-20 17:53:00
5706,29,connected,436,2025-10-09 17:34:00
5707,7,voicemail,129,2025-09-04 18:26:00
5708,19,connected,755,2025-03-16 19:51:00
5709,32,missed,494,2025-05-10 13:43:00
5710,5,connected,845,2025-12-10 15:31:00
5711,33,missed,150,2025-06-06 13:07:00
5712,3,connected,362,2025-10-14 18:32:00
5713,35,voicemail,93,2025-09-05 09:36:00
5714,26,connected,518,2025-09-02 15:21:00
5715,54,missed,407,2025-04-21 10:42:00
5716,60,voicemail,58,2025-08-28 14:47:00
5717,25,voicemail,756,2025-10-19 13:22:00
5718,6,voicemail,76,2025-06-22 11:50:00
5719,60,voicemail,167,2025-03-19 14:09:00
5720,19,connected,826,2025-08-21 14:26:00
5721,52,voicemail,23,2025-07-27 10:35:00
5722,40,connected,724,2025-06-07 12:51:00
5723,24,connected,890,2025-06-12 09:55:00
5724,8,voicemail,340,2025-09-07 17:23:00
5725,33,missed,696,2025-04-21 16:09:00
5726,6,connected,621,2025-06-28 13:40:00
5727,27,connected,156,2025-06-06 19:38:00
5728,23,connected,234,2025-07-26 08:32:00
5729,21,connected,316,2025-06-14 11:46:00
5730,27,missed,612,2025-06-03 11:30:00
5731,20,voicemail,724,2025-09-05 16:32:00
5732,58,voicemail,744,2025-08-31 14:34:00
5733,36,connected,702,2025-04-15 19:17:00
5734,54,connected,609,2025-10-25 15:07:00
5735,48,connected,884,2025-07-07 14:47:00
5736,45,missed,619,2025-03-15 12:35:00
5737,2,voicemail,749,2025-07-23 11:21:00
5738,47,connected,810,2025-12-18 16:26:00
5739,10,voicemail,494,2025-07-27 15:52:00
5740,36,connected,225,2025-10-09 19:53:00
5741,56,voicemail,406,2025-08-11 14:06:00
5742,30,connected,659,2025-08-22 18:01:00
5743,11,voicemail,129,2025-04-27 17:15:00
5744,39,connected,37,2025-01-24 09:50:00
5745,50,connected,94,2025-05-23 14:08:00
5746,19,missed,330,2025-06-02 08:51:00
5747,2,connected,494,2025-11-13 10:56:00
5748,9,connected,324,2025-06-05 10:52:00
5749,20,connected,424,2025-04-25 17:26:00
5750,44,missed,341,2025-12-04 18:34:00
5751,4,connected,221,2025-10-15 08:01:00
5752,26,voicemail,191,2025-08-27 18:32:00
5753,19,connected,353,2025-07-21 13:21:00
5754,25,missed,163,2025-05-10 14:00:00
5755,55,connected,473,2025-12-09 13:38:00
5756,30,missed,857,2025-01-02 18:51:00
5757,6,connected,58,2025-10-21 12:29:00
5758,39,voicemail,672,2025-06-03 08:22:00
5759,6,connected,544,2025-07-10 16:32:00
5760,9,connected,733,2025-07-10 09:56:00
5761,12,voicemail,690,2025-01-30 18:11:00
5762,30,connected,783,2025-03-25 16:57:00
5763,8,connected,123,2025-11-26 14:32:00
5764,37,connected,427,2025-06-24 13:57:00
5765,29,missed,250,2025-04-08 10:34:00
5766,22,connected,156,2025-02-15 17:29:00
5767,17,connected,415,2025-11-17 14:30:00
5768,30,voicemail,60,2025-03-01 10:12:00
5769,13,voicemail,580,2025-07-13 19:28:00
5770,34,connected,818,2025-02-01 17:29:00
5771,2,voicemail,331,2025-09-12 15:10:00
5772,59,connected,151,2025-01-28 17:05:00
5773,47,connected,671,2025-09-11 08:34:00
5774,25,missed,162,2025-04-28 15:29:00
5775,46,voicemail,847,2025-07-23 18:35:00
5776,17,connected,184,2025-04-07 12:40:00
5777,3,voicemail,849,2025-11-10 16:47:00
5778,55,missed,702,2025-07-18 08:41:00
5779,17,connected,557,2025-05-06 17:36:00
5780,21,connected,134,2025-09-10 09:33:00
5781,24,connected,271,2025-04-27 10:14:00
5782,5,missed,278,2025-07-21 10:44:00
5783,50,voicemail,461,2025-03-04 11:49:00
5784,20,voicemail,95,2025-07-23 08:43:00
5785,43,missed,342,2025-10-07 18:36:00
5786,34,connected,564,2025-07-21 14:59:00
5787,16,missed,185,2025-10-05 12:02:00
5788,21,voicemail,881,2025-09-03 18:58:00
5789,38,missed,579,2025-03-20 10:44:00
5790,59,missed,290,2025-12-09 16:15:00
5791,31,connected,68,2025-06-21 14:45:00
5792,5,voicemail,62,2025-11-26 18:13:00
5793,56,connected,714,2025-06-17 13:28:00
5794,15,connected,500,2025-01-20 12:26:00
5795,51,connected,547,2025-07-06 11:19:00
5796,35,missed,102,2025-04-09 09:56:00
5797,20,connected,425,2025-07-09 12:20:00
5798,15,connected,897,2025-04-20 17:46:00
5799,59,connected,170,2025-06-17 12:00:00
5800,7,connected,722,2025-04-26 13:38:00
5801,54,missed,898,2025-10-14 12:26:00
5802,34,connected,818,2025-05-27 08:44:00
5803,33,missed,155,2025-07-03 10:34:00
5804,60,connected,507,2025-03-26 12:40:00
5805,51,connected,437,2025-04-08 10:41:00
5806,40,voicemail,335,2025-09-17 17:39:00
5807,22,connected,113,2025-11-27 12:45:00
5808,58,connected,757,2025-01-17 12:48:00
5809,53,connected,710,2025-01-27 08:24:00
5810,31,connected,729,2025-11-02 09:36:00
5811,40,missed,169,2025-02-06 08:52:00
5812,43,connected,125,2025-02-25 14:43:00
5813,59,missed,206,2025-03-16 19:03:00
5814,48,connected,415,2025-06-28 12:07:00
5815,56,voicemail,686,2025-11-01 08:41:00
5816,45,voicemail,686,2025-04-29 18:43:00
5817,30,voicemail,643,2025-01-05 15:47:00
5818,55,missed,641,2025-01-20 10:11:00
5819,7,missed,820,2025-01-08 13:26:00
5820,5,connected,625,2025-12-03 18:40:00
5821,37,connected,372,2025-10-24 10:23:00
5822,56,connected,77,2025-05-09 15:34:00
5823,35,connected,621,2025-04-18 12:17:00
5824,30,voicemail,115,2025-03-07 10:44:00
5825,8,connected,431,2025-03-09 18:50:00
5826,24,connected,598,2025-06-14 08:30:00
5827,3,voicemail,231,2025-02-23 08:23:00
5828,41,connected,101,2025-10-05 14:13:00
5829,57,connected,341,2025-05-23 09:54:00
5830,15,missed,844,2025-07-18 19:09:00
5831,47,missed,222,2025-06-07 14:59:00
5832,2,missed,496,2025-03-05 18:54:00
5833,34,connected,627,2025-04-03 09:31:00
5834,28,connected,715,2025-01-24 12:00:00
5835,9,connected,848,2025-12-19 19:20:00
5836,50,connected,571,2025-08-05 15:37:00
5837,60,connected,602,2025-07-11 17:06:00
5838,3,missed,154,2025-01-30 17:04:00
5839,28,missed,507,2025-11-04 08:34:00
5840,13,missed,570,2025-03-14 15:35:00
5841,9,connected,212,2025-07-01 18:18:00
5842,3,connected,495,2025-01-25 08:19:00
5843,29,connected,27,2025-07-25 11:55:00
5844,42,connected,64,2025-10-14 14:01:00
5845,13,connected,895,2025-03-14 10:16:00
5846,17,connected,475,2025-04-10 12:53:00
5847,37,connected,542,2025-06-27 17:27:00
5848,60,connected,897,2025-09-17 11:16:00
5849,31,connected,892,2025-01-23 12:27:00
5850,12,voicemail,611,2025-06-19 15:37:00
5851,34,connected,821,2025-10-17 14:08:00
5852,55,connected,691,2025-01-31 13:01:00
5853,25,connected,149,2025-09-05 11:24:00
5854,1,connected,360,2025-09-25 10:12:00
5855,57,voicemail,623,2025-04-19 17:52:00
5856,52,missed,443,2025-09-22 10:58:00
5857,42,missed,739,2025-12-16 15:49:00
5858,46,connected,522,2025-01-16 12:58:00
5859,58,voicemail,835,2025-10-08 17:48:00
5860,45,connected,205,2025-03-30 11:49:00
5861,7,connected,706,2025-04-08 17:58:00
5862,30,voicemail,827,2025-10-18 09:08:00
5863,16,connected,373,2025-02-01 19:22:00
5864,56,connected,122,2025-04-09 15:56:00
5865,56,voicemail,727,2025-06-03 12:53:00
5866,25,connected,455,2025-10-05 15:06:00
5867,48,connected,121,2025-11-05 12:59:00
5868,15,voicemail,639,2025-12-04 13:05:00
5869,43,connected,516,2025-08-02 10:17:00
5870,50,connected,605,2025-01-03 12:29:00
5871,29,voicemail,874,2025-03-16 09:14:00
5872,15,connected,305,2025-04-14 11:18:00
5873,42,connected,323,2025-06-12 16:47:00
5874,59,connected,677,2025-07-16 09:21:00
5875,13,connected,506,2025-10-30 11:44:00
5876,1,connected,81,2025-04-15 14:00:00
5877,20,connected,66,2025-07-17 18:30:00
5878,3,connected,53,2025-11-06 09:48:00
5879,18,connected,387,2025-03-13 18:46:00
5880,54,connected,390,2025-03-29 12:03:00
5881,50,connected,44,2025-06-20 09:46:00
5882,48,connected,189,2025-05-08 12:38:00
5883,15,voicemail,773,2025-10-04 12:44:00
5884,56,connected,395,2025-06-18 17:27:00
5885,49,voicemail,631,2025-07-30 09:53:00
5886,19,connected,364,2025-10-28 08:16:00
5887,27,missed,123,2025-02-10 15:04:00
5888,14,connected,130,2025-04-04 12:50:00
5889,57,connected,572,2025-09-09 13:24:00
5890,16,connected,66,2025-01-08 14:43:00
5891,54,voicemail,214,2025-08-11 09:11:00
5892,8,missed,584,2025-03-07 16:29:00
5893,17,voicemail,883,2025-08-02 16:15:00
5894,21,voicemail,96,2025-02-22 10:46:00
5895,49,connected,452,2025-04-08 19:07:00
5896,5,connected,224,2025-10-22 11:38:00
5897,49,connected,54,2025-04-09 14:57:00
5898,42,missed,677,2025-06-27 10:09:00
5899,36,missed,19,2025-04-28 08:36:00
5900,52,connected,324,2025-05-18 16:05:00
5901,36,missed,382,2025-08-02 13:37:00
5902,42,connected,104,2025-12-06 14:43:00
5903,54,voicemail,663,2025-10-10 09:17:00
5904,47,connected,577,2025-10-19 16:38:00
5905,40,connected,877,2025-03-06 08:12:00
5906,48,connected,736,2025-11-18 10:43:00
5907,30,voicemail,454,2025-04-22 11:41:00
5908,25,connected,666,2025-06-23 13:25:00
5909,38,connected,278,2025-07-16 10:02:00
5910,38,voicemail,172,2025-06-17 10:28:00
5911,42,connected,674,2025-06-12 12:18:00
5912,27,voicemail,405,2025-06-14 15:02:00
5913,8,voicemail,701,2025-08-02 17:54:00
5914,59,missed,530,2025-11-16 19:51:00
5915,46,missed,326,2025-07-02 17:42:00
5916,5,missed,381,2025-07-27 16:54:00
5917,20,connected,302,2025-10-30 12:07:00
5918,25,missed,403,2025-09-27 08:22:00
5919,12,missed,240,2025-07-01 18:43:00
5920,18,voicemail,537,2025-11-06 13:00:00
5921,14,connected,531,2025-01-21 17:09:00
5922,17,missed,609,2025-05-18 19:52:00
5923,53,connected,866,2025-01-31 09:59:00
5924,21,connected,98,2025-05-12 16:51:00
5925,20,voicemail,869,2025-04-12 10:13:00
5926,44,connected,528,2025-01-03 15:18:00
5927,55,connected,826,2025-06-29 18:54:00
5928,41,connected,864,2025-01-04 18:29:00
5929,42,voicemail,869,2025-05-29 08:09:00
5930,48,connected,519,2025-11-26 11:44:00
5931,43,voicemail,657,2025-07-11 10:34:00
5932,52,connected,418,2025-01-31 14:28:00
5933,19,missed,634,2025-08-02 11:08:00
5934,23,connected,831,2025-02-25 17:39:00
5935,33,connected,520,2025-09-05 18:59:00
5936,2,voicemail,646,2025-02-07 15:47:00
5937,11,missed,848,2025-04-25 16:59:00
5938,54,connected,481,2025-12-17 17:57:00
5939,33,missed,460,2025-01-26 14:22:00
5940,21,connected,590,2025-03-17 13:14:00
5941,3,connected,579,2025-05-07 14:52:00
5942,45,connected,274,2025-08-19 08:58:00
5943,43,connected,394,2025-01-04 11:24:00
5944,23,connected,219,2025-11-27 15:11:00
5945,39,connected,806,2025-04-04 15:24:00
5946,5,voicemail,811,2025-03-12 16:17:00
5947,18,connected,391,2025-02-26 11:41:00
5948,15,connected,188,2025-08-04 16:54:00
5949,28,connected,584,2025-11-05 16:31:00
5950,31,missed,855,2025-06-11 15:34:00
5951,32,missed,622,2025-04-12 12:50:00
5952,52,connected,262,2025-05-30 12:11:00
5953,33,connected,250,2025-12-09 13:30:00
5954,20,connected,64,2025-08-07 14:57:00
5955,27,connected,246,2025-06-24 13:45:00
5956,39,connected,379,2025-11-29 10:33:00
5957,37,connected,68,2025-09-18 09:57:00
5958,32,voicemail,846,2025-07-25 14:56:00
5959,26,voicemail,741,2025-08-08 09:20:00
5960,27,voicemail,34,2025-12-10 18:47:00
5961,29,voicemail,364,2025-07-06 15:59:00
5962,40,connected,407,2025-08-23 14:54:00
5963,36,voicemail,830,2025-01-25 08:10:00
5964,29,voicemail,112,2025-04-17 11:29:00
5965,9,voicemail,87,2025-08-03 10:20:00
5966,21,connected,648,2025-10-15 17:08:00
5967,57,missed,267,2025-07-11 12:40:00
5968,4,missed,101,2025-04-03 09:38:00
5969,40,connected,230,2025-01-31 14:39:00
5970,51,connected,606,2025-08-13 12:16:00
5971,54,voicemail,491,2025-08-21 12:52:00
5972,39,voicemail,857,2025-03-25 08:55:00
5973,23,connected,588,2025-01-20 10:30:00
5974,56,connected,788,2025-05-01 18:42:00
5975,60,connected,772,2025-03-31 09:44:00
5976,28,voicemail,489,2025-09-03 09:50:00
5977,2,connected,877,2025-09-26 17:48:00
5978,56,connected,268,2025-05-22 16:45:00
5979,48,connected,216,2025-01-29 17:08:00
5980,58,missed,571,2025-08-26 09:45:00
5981,31,voicemail,378,2025-09-26 18:11:00
5982,31,connected,604,2025-09-21 08:40:00
5983,13,voicemail,333,2025-01-16 13:06:00
5984,11,missed,467,2025-10-28 17:43:00
5985,39,missed,769,2025-02-22 14:47:00
5986,30,connected,267,2025-02-17 15:59:00
5987,3,connected,892,2025-02-22 09:06:00
5988,2,connected,374,2025-08-16 13:55:00
5989,11,connected,391,2025-09-10 19:07:00
5990,10,voicemail,79,2025-08-15 08:23:00
5991,58,voicemail,701,2025-12-04 16:44:00
5992,35,connected,644,2025-04-15 18:34:00
5993,29,connected,681,2025-12-11 17:47:00
5994,18,connected,787,2025-02-25 14:30:00
5995,38,voicemail,716,2025-08-16 16:01:00
5996,33,connected,491,2025-08-11 14:08:00
5997,22,voicemail,475,2025-10-23 10:48:00
5998,50,connected,410,2025-05-08 18:04:00
5999,45,connected,114,2025-08-28 15:30:00
6000,6,missed,675,2025-01-29 10:03:00
6001,14,connected,279,2025-09-06 09:59:00
6002,8,voicemail,317,2025-10-05 15:17:00
6003,31,connected,600,2025-02-09 11:33:00
6004,34,connected,562,2025-07-26 15:34:00
6005,27,voicemail,291,2025-05-07 14:38:00
6006,35,connected,435,2025-08-16 16:22:00
6007,49,connected,244,2025-06-29 09:10:00
6008,32,voicemail,233,2025-11-21 09:21:00
6009,54,voicemail,864,2025-03-07 16:05:00
6010,23,missed,300,2025-11-08 11:25:00
6011,41,voicemail,158,2025-02-18 17:53:00
6012,7,voicemail,709,2025-06-16 14:13:00
6013,39,connected,710,2025-05-27 10:51:00
6014,35,voicemail,592,2025-06-23 09:12:00
6015,49,connected,628,2025-01-03 16:54:00
6016,6,voicemail,862,2025-09-12 09:50:00
6017,8,voicemail,537,2025-06-17 15:09:00
6018,52,missed,774,2025-05-15 11:18:00
6019,16,missed,658,2025-01-28 14:30:00
6020,56,connected,515,2025-06-01 09:08:00
6021,16,connected,641,2025-10-31 09:13:00
6022,46,voicemail,620,2025-11-05 15:39:00
6023,25,connected,539,2025-09-29 17:38:00
6024,32,voicemail,216,2025-04-01 15:08:00
6025,20,missed,837,2025-11-24 11:27:00
6026,48,missed,144,2025-08-27 11:46:00
6027,47,voicemail,440,2025-07-07 11:29:00
6028,7,voicemail,719,2025-01-09 16:43:00
6029,37,connected,857,2025-08-15 13:47:00
6030,27,voicemail,665,2025-02-08 18:00:00
6031,35,connected,524,2025-06-20 09:36:00
6032,24,connected,230,2025-04-28 08:47:00
6033,57,connected,148,2025-08-22 09:32:00
6034,30,connected,215,2025-02-24 12:20:00
6035,56,voicemail,852,2025-11-27 16:16:00
6036,33,voicemail,835,2025-04-29 19:48:00
6037,31,connected,387,2025-05-29 11:07:00
6038,52,connected,281,2025-03-08 14:40:00
6039,39,missed,751,2025-03-27 17:31:00
6040,56,missed,246,2025-09-20 15:49:00
6041,4,connected,516,2025-02-06 09:59:00
6042,4,connected,244,2025-02-17 16:15:00
6043,42,connected,97,2025-04-21 10:37:00
6044,29,connected,274,2025-11-07 12:21:00
6045,12,missed,666,2025-09-06 14:42:00
6046,39,missed,716,2025-07-31 10:41:00
6047,60,connected,195,2025-06-05 11:31:00
6048,28,connected,538,2025-07-25 16:47:00
6049,16,connected,852,2025-02-15 14:26:00
6050,31,connected,223,2025-02-22 19:31:00
6051,35,voicemail,271,2025-07-29 11:12:00
6052,36,voicemail,453,2025-04-09 19:45:00
6053,50,missed,379,2025-05-15 18:19:00
6054,45,connected,265,2025-10-06 18:38:00
6055,24,connected,700,2025-05-13 18:06:00
6056,27,connected,591,2025-07-23 16:57:00
6057,31,connected,772,2025-02-19 10:46:00
6058,40,connected,669,2025-08-10 10:39:00
6059,9,voicemail,371,2025-06-09 17:03:00
6060,38,connected,125,2025-05-18 13:54:00
6061,58,connected,159,2025-06-26 19:21:00
6062,10,missed,745,2025-07-11 18:32:00
6063,33,voicemail,537,2025-07-07 10:57:00
6064,5,voicemail,75,2025-03-14 10:53:00
6065,14,connected,37,2025-09-14 18:51:00
6066,54,voicemail,778,2025-05-09 08:38:00
6067,35,connected,247,2025-08-27 11:06:00
6068,43,voicemail,358,2025-03-20 14:49:00
6069,45,connected,408,2025-10-11 11:41:00
6070,51,connected,257,2025-05-11 14:21:00
6071,37,connected,732,2025-05-30 18:22:00
6072,58,connected,750,2025-08-29 18:29:00
6073,11,connected,376,2025-08-30 11:51:00
6074,37,voicemail,491,2025-09-28 12:46:00
6075,51,voicemail,524,2025-06-22 11:53:00
6076,28,connected,630,2025-05-17 10:34:00
6077,26,voicemail,133,2025-05-25 16:56:00
6078,50,connected,688,2025-02-11 10:37:00
6079,2,connected,706,2025-01-25 19:05:00
6080,2,voicemail,683,2025-08-16 11:59:00
6081,25,voicemail,151,2025-07-20 08:21:00
6082,7,missed,630,2025-01-07 18:12:00
6083,12,voicemail,121,2025-09-28 10:45:00
6084,23,voicemail,382,2025-03-10 10:47:00
6085,57,missed,147,2025-01-14 17:32:00
6086,5,connected,151,2025-04-21 16:41:00
6087,16,connected,154,2025-05-06 16:47:00
6088,22,voicemail,815,2025-06-13 18:31:00
6089,36,connected,411,2025-08-04 19:12:00
6090,47,connected,250,2025-01-28 13:36:00
6091,34,voicemail,421,2025-09-25 08:03:00
6092,4,connected,695,2025-01-03 14:59:00
6093,34,connected,162,2025-04-14 19:19:00
6094,56,voicemail,71,2025-02-18 15:26:00
6095,23,voicemail,772,2025-03-23 19:54:00
6096,14,connected,62,2025-04-14 19:07:00
6097,38,connected,63,2025-02-22 17:08:00
6098,39,missed,70,2025-09-24 14:53:00
6099,45,missed,115,2025-06-28 13:08:00
6100,29,connected,170,2025-01-17 19:30:00
6101,18,voicemail,163,2025-01-01 17:59:00
6102,50,voicemail,493,2025-08-06 14:17:00
6103,9,voicemail,770,2025-05-17 13:19:00
6104,58,connected,101,2025-09-09 17:09:00
6105,52,missed,479,2025-03-12 16:49:00
6106,58,connected,763,2025-03-19 18:15:00
6107,44,connected,549,2025-03-13 08:54:00
6108,32,connected,145,2025-07-27 17:47:00
6109,9,connected,695,2025-09-02 13:49:00
6110,59,voicemail,420,2025-04-26 09:09:00
6111,49,connected,155,2025-02-12 11:53:00
6112,30,connected,858,2025-11-03 09:16:00
6113,45,connected,183,2025-09-25 17:32:00
6114,13,voicemail,490,2025-06-22 12:29:00
6115,20,connected,145,2025-05-18 12:01:00
6116,18,connected,206,2025-05-07 19:33:00
6117,48,connected,864,2025-09-21 13:47:00
6118,47,missed,97,2025-12-07 13:34:00
6119,42,connected,23,2025-03-29 10:16:00
6120,41,connected,392,2025-07-05 17:52:00
6121,12,connected,445,2025-04-23 11:45:00
6122,59,connected,91,2025-04-20 09:39:00
6123,49,connected,84,2025-05-10 09:31:00
6124,56,voicemail,258,2025-03-17 17:24:00
6125,15,missed,745,2025-11-23 17:41:00
6126,2,voicemail,726,2025-12-15 19:40:00
6127,3,voicemail,171,2025-08-23 11:31:00
6128,58,connected,451,2025-09-16 15:07:00
6129,11,voicemail,664,2025-04-22 08:04:00
6130,28,missed,825,2025-09-12 11:02:00
6131,10,voicemail,44,2025-02-23 14:25:00
6132,16,voicemail,477,2025-03-29 11:37:00
6133,24,voicemail,540,2025-09-24 11:59:00
6134,10,voicemail,319,2025-09-24 19:26:00
6135,18,connected,446,2025-03-05 11:01:00
6136,22,connected,674,2025-10-30 11:49:00
6137,54,connected,254,2025-03-26 11:04:00
6138,31,connected,251,2025-08-30 14:47:00
6139,19,voicemail,258,2025-10-30 11:20:00
6140,45,connected,103,2025-05-14 15:41:00
6141,47,missed,879,2025-06-25 13:30:00
6142,60,connected,525,2025-11-15 18:35:00
6143,4,connected,685,2025-07-15 14:24:00
6144,49,voicemail,413,2025-01-28 18:35:00
6145,47,missed,41,2025-07-01 15:23:00
6146,25,connected,416,2025-08-03 19:11:00
6147,15,connected,290,2025-04-10 09:49:00
6148,56,voicemail,88,2025-01-24 15:36:00
6149,60,connected,20,2025-06-28 19:17:00
6150,39,connected,443,2025-07-09 08:13:00
6151,21,voicemail,212,2025-08-07 18:35:00
6152,2,connected,345,2025-03-20 13:30:00
6153,36,connected,307,2025-02-14 14:12:00
6154,10,voicemail,134,2025-12-08 12:42:00
6155,27,connected,71,2025-08-22 18:09:00
6156,14,connected,426,2025-08-27 18:59:00
6157,7,missed,271,2025-11-14 10:17:00
6158,17,voicemail,429,2025-11-23 10:47:00
6159,49,voicemail,107,2025-06-05 14:55:00
6160,46,connected,605,2025-11-30 15:17:00
6161,34,voicemail,815,2025-11-06 16:14:00
6162,37,connected,286,2025-07-17 16:12:00
6163,52,connected,793,2025-02-27 09:53:00
6164,7,missed,320,2025-10-07 16:57:00
6165,24,missed,122,2025-01-17 16:28:00
6166,38,connected,274,2025-10-27 18:56:00
6167,56,connected,737,2025-05-24 08:47:00
6168,55,voicemail,332,2025-09-26 15:42:00
6169,38,voicemail,183,2025-03-09 17:56:00
6170,32,voicemail,806,2025-09-30 08:40:00
6171,51,missed,100,2025-10-24 15:36:00
6172,12,connected,642,2025-12-15 11:46:00
6173,49,voicemail,625,2025-12-13 19:50:00
6174,60,voicemail,539,2025-02-01 13:50:00
6175,49,missed,180,2025-06-27 15:31:00
6176,44,connected,380,2025-08-27 13:42:00
6177,52,missed,230,2025-01-26 15:05:00
6178,59,connected,707,2025-10-02 18:38:00
6179,25,connected,726,2025-03-15 15:27:00
6180,27,connected,619,2025-12-16 08:21:00
6181,56,connected,624,2025-04-13 18:30:00
6182,23,connected,350,2025-08-13 09:03:00
6183,7,voicemail,598,2025-11-20 16:16:00
6184,22,connected,357,2025-07-04 14:08:00
6185,14,missed,481,2025-03-31 17:06:00
6186,18,missed,28,2025-12-12 09:53:00
6187,34,connected,209,2025-11-28 19:22:00
6188,47,connected,92,2025-08-29 15:00:00
6189,10,missed,803,2025-11-04 10:31:00
6190,60,connected,151,2025-03-13 17:16:00
6191,23,voicemail,459,2025-06-24 17:47:00
6192,31,connected,285,2025-03-30 10:17:00
6193,20,connected,647,2025-09-24 12:06:00
6194,48,connected,521,2025-08-20 10:13:00
6195,4,voicemail,83,2025-10-12 18:08:00
6196,42,missed,304,2025-07-30 12:24:00
6197,23,connected,778,2025-07-05 11:30:00
6198,9,connected,705,2025-05-08 11:32:00
6199,10,connected,173,2025-04-14 13:26:00
6200,22,connected,404,2025-10-11 19:50:00
6201,55,connected,431,2025-04-12 19:32:00
6202,51,connected,295,2025-03-20 18:09:00
6203,41,missed,301,2025-06-11 11:30:00
6204,59,voicemail,596,2025-05-06 18:07:00
6205,56,connected,533,2025-09-30 08:56:00
6206,33,voicemail,708,2025-05-11 18:37:00
6207,56,connected,658,2025-05-21 14:40:00
6208,11,connected,491,2025-09-05 10:16:00
6209,36,connected,342,2025-10-05 18:54:00
6210,38,connected,871,2025-03-17 14:54:00
6211,58,missed,247,2025-10-23 11:31:00
6212,24,missed,836,2025-12-07 11:25:00
6213,59,connected,190,2025-02-12 14:38:00
6214,48,connected,495,2025-11-09 14:32:00
6215,35,connected,70,2025-12-17 17:47:00
6216,44,voicemail,287,2025-02-15 18:50:00
6217,8,missed,611,2025-03-28 13:47:00
6218,19,connected,277,2025-08-21 18:35:00
6219,53,voicemail,211,2025-11-06 09:37:00
6220,52,connected,331,2025-04-05 17:53:00
6221,39,voicemail,601,2025-03-26 16:10:00
6222,57,connected,814,2025-02-15 12:39:00
6223,17,voicemail,535,2025-07-03 14:30:00
6224,14,connected,114,2025-10-21 09:08:00
6225,8,connected,548,2025-10-21 15:11:00
6226,48,connected,28,2025-01-16 10:38:00
6227,12,connected,155,2025-08-28 10:44:00
6228,40,voicemail,326,2025-01-08 12:24:00
6229,48,connected,513,2025-09-09 13:01:00
6230,55,connected,88,2025-05-18 19:08:00
6231,60,connected,519,2025-12-12 09:17:00
6232,6,connected,224,2025-02-09 17:40:00
6233,49,connected,328,2025-12-20 13:02:00
6234,26,missed,97,2025-09-13 12:25:00
6235,49,missed,480,2025-02-26 15:24:00
6236,59,connected,230,2025-10-20 17:05:00
6237,8,voicemail,806,2025-01-16 18:44:00
6238,39,connected,657,2025-10-06 17:54:00
6239,30,voicemail,172,2025-04-08 15:13:00
6240,48,connected,113,2025-07-29 11:02:00
6241,46,voicemail,15,2025-05-19 12:29:00
6242,17,connected,860,2025-05-21 12:12:00
6243,34,missed,826,2025-04-27 11:37:00
6244,1,missed,140,2025-01-08 18:13:00
6245,27,voicemail,710,2025-06-12 17:07:00
6246,41,missed,122,2025-01-29 16:13:00
6247,22,connected,461,2025-06-27 17:45:00
6248,17,connected,130,2025-05-24 08:30:00
6249,55,voicemail,689,2025-11-29 10:52:00
6250,16,voicemail,343,2025-07-03 09:03:00
6251,30,connected,275,2025-03-26 18:45:00
6252,24,missed,185,2025-08-21 15:43:00
6253,36,connected,691,2025-11-05 17:09:00
6254,8,connected,147,2025-06-07 10:33:00
6255,40,connected,616,2025-12-05 10:44:00
6256,18,voicemail,217,2025-03-31 09:41:00
6257,52,missed,743,2025-01-23 16:18:00
6258,51,missed,469,2025-08-07 13:36:00
6259,60,connected,336,2025-04-02 17:37:00
6260,14,voicemail,808,2025-09-21 18:28:00
6261,41,connected,794,2025-09-19 16:57:00
6262,21,connected,684,2025-10-14 19:45:00
6263,9,connected,584,2025-10-07 17:25:00
6264,25,missed,168,2025-08-21 15:07:00
6265,34,missed,696,2025-06-16 16:45:00
6266,6,connected,370,2025-06-09 16:03:00
6267,36,connected,504,2025-01-08 17:04:00
6268,28,connected,620,2025-04-16 10:41:00
6269,41,connected,552,2025-10-07 09:04:00
6270,34,connected,741,2025-07-18 11:34:00
6271,2,connected,532,2025-02-18 08:45:00
6272,44,voicemail,693,2025-04-10 14:21:00
6273,3,missed,412,2025-04-15 18:49:00
6274,59,connected,359,2025-07-14 18:21:00
6275,52,connected,582,2025-09-12 12:45:00
6276,52,connected,800,2025-03-09 18:53:00
6277,6,voicemail,29,2025-06-07 14:25:00
6278,58,connected,786,2025-07-31 19:08:00
6279,9,connected,899,2025-07-07 14:00:00
6280,49,missed,227,2025-03-07 15:45:00
6281,32,voicemail,285,2025-10-26 13:03:00
6282,24,missed,866,2025-05-11 17:22:00
6283,11,connected,660,2025-03-20 19:50:00
6284,37,missed,412,2025-10-10 15:58:00
6285,40,connected,159,2025-11-29 08:23:00
6286,44,connected,593,2025-09-16 10:50:00
6287,32,voicemail,372,2025-08-29 09:14:00
6288,1,voicemail,261,2025-11-26 18:31:00
6289,15,missed,593,2025-03-19 15:50:00
6290,11,missed,744,2025-10-17 12:03:00
6291,50,voicemail,462,2025-04-04 16:02:00
6292,35,connected,422,2025-03-03 19:46:00
6293,50,missed,344,2025-05-07 13:49:00
6294,2,voicemail,454,2025-07-22 14:40:00
6295,55,connected,62,2025-11-23 15:37:00
6296,8,voicemail,864,2025-05-04 15:59:00
6297,2,connected,127,2025-06-21 09:49:00
6298,15,missed,681,2025-03-26 18:10:00
6299,56,connected,449,2025-04-30 14:10:00
6300,41,connected,232,2025-06-16 10:47:00
6301,5,connected,303,2025-07-14 13:51:00
6302,26,connected,68,2025-06-16 09:12:00
6303,13,connected,516,2025-03-29 19:13:00
6304,30,missed,856,2025-02-24 17:53:00
6305,18,connected,47,2025-01-21 15:07:00
6306,12,missed,497,2025-09-04 15:07:00
6307,40,connected,453,2025-02-15 12:41:00
6308,25,connected,861,2025-01-22 19:42:00
6309,35,missed,129,2025-03-13 18:50:00
6310,40,connected,415,2025-03-28 13:42:00
6311,53,connected,787,2025-08-24 13:11:00
6312,40,voicemail,863,2025-05-08 10:31:00
6313,28,connected,660,2025-09-10 08:10:00
6314,12,connected,15,2025-10-18 16:18:00
6315,35,voicemail,714,2025-06-23 09:05:00
6316,26,missed,772,2025-01-15 16:24:00
6317,42,voicemail,133,2025-03-08 14:18:00
6318,40,voicemail,34,2025-05-22 10:28:00
6319,54,connected,721,2025-09-25 11:11:00
6320,21,connected,564,2025-03-31 13:13:00
6321,7,missed,452,2025-09-13 16:08:00
6322,57,connected,722,2025-02-11 19:21:00
6323,27,missed,104,2025-09-07 17:08:00
6324,60,connected,281,2025-01-06 16:54:00
6325,20,connected,80,2025-06-06 18:22:00
6326,19,missed,791,2025-06-04 11:54:00
6327,38,connected,621,2025-07-13 08:31:00
6328,45,connected,336,2025-10-07 10:15:00
6329,17,voicemail,827,2025-10-16 11:43:00
6330,42,missed,516,2025-11-29 19:08:00
6331,27,voicemail,116,2025-10-29 17:42:00
6332,54,missed,206,2025-03-04 08:21:00
6333,34,connected,886,2025-06-15 15:16:00
6334,51,connected,65,2025-09-29 12:33:00
6335,12,connected,669,2025-11-18 12:09:00
6336,13,connected,607,2025-12-03 11:36:00
6337,1,connected,755,2025-11-04 15:11:00
6338,2,voicemail,59,2025-01-06 17:05:00
6339,9,connected,523,2025-07-06 18:34:00
6340,11,connected,430,2025-03-03 15:46:00
6341,51,connected,540,2025-04-29 08:26:00
6342,25,connected,436,2025-06-19 19:30:00
6343,2,voicemail,396,2025-06-25 11:18:00
6344,13,connected,423,2025-06-10 13:03:00
6345,9,connected,340,2025-08-06 11:47:00
6346,18,connected,819,2025-06-10 19:17:00
6347,1,missed,606,2025-05-31 17:10:00
6348,31,connected,690,2025-02-12 16:50:00
6349,13,voicemail,557,2025-09-04 15:36:00
6350,44,connected,82,2025-10-14 18:48:00
6351,34,connected,484,2025-07-29 11:35:00
6352,24,missed,322,2025-08-09 18:33:00
6353,36,voicemail,135,2025-01-29 18:08:00
6354,21,voicemail,50,2025-05-04 13:56:00
6355,14,missed,127,2025-04-06 13:45:00
6356,49,voicemail,215,2025-11-02 14:01:00
6357,51,connected,745,2025-05-30 10:18:00
6358,23,missed,508,2025-02-13 09:37:00
6359,20,connected,845,2025-10-19 13:08:00
6360,33,voicemail,94,2025-05-01 13:14:00
6361,57,connected,436,2025-05-03 08:06:00
6362,43,connected,577,2025-01-17 10:11:00
6363,29,connected,297,2025-12-07 17:44:00
6364,49,missed,700,2025-06-16 15:22:00
6365,27,missed,747,2025-08-27 18:19:00
6366,41,connected,228,2025-04-22 10:58:00
6367,12,voicemail,244,2025-06-14 10:44:00
6368,55,missed,478,2025-05-29 15:32:00
6369,59,connected,687,2025-03-05 19:47:00
6370,15,connected,422,2025-03-06 13:30:00
6371,6,connected,542,2025-02-10 15:13:00
6372,53,voicemail,719,2025-06-01 15:29:00
6373,30,connected,404,2025-09-21 13:37:00
6374,30,connected,817,2025-11-05 12:14:00
6375,25,connected,504,2025-04-01 09:43:00
6376,58,connected,277,2025-02-27 10:15:00
6377,4,connected,249,2025-10-14 19:48:00
6378,50,connected,880,2025-11-28 14:03:00
6379,48,missed,753,2025-12-02 12:25:00
6380,51,missed,828,2025-04-11 09:28:00
6381,33,connected,268,2025-11-11 14:53:00
6382,32,voicemail,863,2025-05-05 14:51:00
6383,15,voicemail,452,2025-08-11 17:07:00
6384,47,voicemail,775,2025-08-14 08:01:00
6385,7,voicemail,355,2025-08-23 11:34:00
6386,46,connected,170,2025-09-29 09:39:00
6387,31,connected,536,2025-06-08 10:15:00
6388,5,missed,268,2025-07-26 08:14:00
6389,23,connected,578,2025-10-21 09:32:00
6390,5,connected,142,2025-01-09 18:03:00
6391,23,missed,343,2025-01-31 11:35:00
6392,5,voicemail,24,2025-03-26 12:18:00
6393,27,voicemail,845,2025-11-17 17:22:00
6394,54,connected,267,2025-11-21 19:25:00
6395,45,connected,281,2025-12-04 13:20:00
6396,58,voicemail,872,2025-03-27 16:43:00
6397,50,connected,336,2025-01-05 17:21:00
6398,19,connected,256,2025-05-16 12:34:00
6399,31,connected,200,2025-02-02 17:21:00
6400,52,connected,41,2025-01-18 16:44:00
6401,7,missed,613,2025-01-25 16:19:00
6402,53,connected,893,2025-06-16 19:30:00
6403,27,voicemail,735,2025-02-14 16:45:00
6404,54,connected,283,2025-10-02 10:58:00
6405,31,connected,95,2025-05-17 19:33:00
6406,56,connected,289,2025-05-16 11:59:00
6407,21,voicemail,539,2025-01-10 09:56:00
6408,54,connected,252,2025-05-30 17:43:00
6409,26,connected,577,2025-09-18 13:37:00
6410,11,voicemail,261,2025-05-24 12:29:00
6411,15,connected,813,2025-09-07 15:28:00
6412,13,connected,579,2025-01-10 13:23:00
6413,41,connected,616,2025-07-15 08:34:00
6414,4,connected,328,2025-07-18 10:45:00
6415,22,connected,634,2025-10-08 15:28:00
6416,11,connected,672,2025-07-12 15:26:00
6417,10,voicemail,526,2025-03-09 16:10:00
6418,60,connected,848,2025-05-23 09:35:00
6419,9,connected,386,2025-06-03 11:45:00
6420,54,connected,806,2025-08-16 10:02:00
6421,4,connected,715,2025-11-08 19:38:00
6422,39,voicemail,689,2025-07-31 17:22:00
6423,10,connected,53,2025-10-03 15:46:00
6424,43,connected,551,2025-08-23 09:21:00
6425,34,connected,720,2025-06-11 19:10:00
6426,10,voicemail,225,2025-08-24 13:25:00
6427,10,connected,110,2025-06-21 14:21:00
6428,20,connected,763,2025-04-09 14:29:00
6429,60,voicemail,692,2025-01-30 15:14:00
6430,33,connected,602,2025-11-08 09:42:00
6431,6,missed,109,2025-03-19 09:01:00
6432,8,voicemail,846,2025-10-14 09:14:00
6433,55,connected,678,2025-12-11 08:23:00
6434,42,connected,213,2025-03-14 13:31:00
6435,9,missed,268,2025-12-04 12:17:00
6436,3,missed,564,2025-05-10 17:01:00
6437,12,connected,815,2025-02-15 15:11:00
6438,4,connected,321,2025-08-23 15:08:00
6439,55,voicemail,158,2025-12-02 15:27:00
6440,42,connected,82,2025-05-13 09:30:00
6441,12,voicemail,800,2025-03-27 19:52:00
6442,29,connected,562,2025-06-16 19:45:00
6443,45,missed,833,2025-03-10 18:40:00
6444,33,connected,275,2025-08-19 16:20:00
6445,39,voicemail,554,2025-06-27 17:31:00
6446,36,connected,817,2025-09-02 14:06:00
6447,39,missed,510,2025-08-10 19:04:00
6448,47,connected,471,2025-07-24 19:31:00
6449,57,connected,815,2025-06-26 19:07:00
6450,6,connected,825,2025-09-22 15:25:00
6451,11,connected,280,2025-10-31 17:53:00
6452,17,connected,640,2025-11-16 09:25:00
6453,47,connected,96,2025-03-01 08:11:00
6454,45,connected,845,2025-08-13 18:15:00
6455,58,voicemail,66,2025-01-08 09:48:00
6456,50,voicemail,514,2025-11-19 11:46:00
6457,1,connected,207,2025-05-31 09:37:00
6458,7,connected,230,2025-04-13 19:31:00
6459,21,connected,882,2025-09-05 15:53:00
6460,25,connected,841,2025-07-14 12:09:00
6461,4,connected,401,2025-11-06 14:51:00
6462,19,missed,76,2025-06-26 15:02:00
6463,32,connected,540,2025-04-11 09:19:00
6464,18,connected,177,2025-03-25 18:00:00
6465,38,missed,660,2025-01-20 09:25:00
6466,31,missed,328,2025-05-28 11:24:00
6467,45,voicemail,347,2025-02-15 11:33:00
6468,21,voicemail,317,2025-09-20 08:27:00
6469,34,voicemail,590,2025-06-24 17:41:00
6470,14,voicemail,713,2025-09-24 11:21:00
6471,60,missed,274,2025-03-13 14:11:00
6472,45,connected,56,2025-05-20 10:04:00
6473,44,missed,474,2025-09-04 08:08:00
6474,22,connected,821,2025-04-14 19:15:00
6475,44,missed,756,2025-08-07 17:31:00
6476,50,voicemail,883,2025-08-20 08:38:00
6477,39,voicemail,150,2025-04-03 08:35:00
6478,39,voicemail,534,2025-07-21 19:10:00
6479,56,connected,498,2025-11-19 19:18:00
6480,40,connected,389,2025-02-23 17:50:00
6481,11,connected,320,2025-07-02 14:00:00
6482,22,voicemail,692,2025-10-05 09:06:00
6483,57,connected,242,2025-10-30 19:26:00
6484,7,connected,464,2025-05-02 13:15:00
6485,20,connected,868,2025-04-04 17:49:00
6486,6,missed,827,2025-03-17 11:45:00
6487,25,connected,448,2025-10-01 18:17:00
6488,52,connected,136,2025-04-12 12:52:00
6489,24,missed,605,2025-11-06 19:09:00
6490,46,connected,659,2025-12-18 15:30:00
6491,4,voicemail,629,2025-09-28 13:53:00
6492,42,connected,267,2025-05-22 13:06:00
6493,25,voicemail,333,2025-01-15 19:05:00
6494,41,missed,722,2025-05-09 12:35:00
6495,13,voicemail,567,2025-01-27 14:03:00
6496,48,connected,398,2025-08-05 09:09:00
6497,35,connected,555,2025-03-02 12:03:00
6498,32,connected,270,2025-07-18 19:58:00
6499,37,connected,28,2025-01-17 15:35:00
6500,58,connected,213,2025-04-01 14:52:00
6501,8,connected,450,2025-07-26 19:58:00
6502,13,missed,193,2025-02-01 13:35:00
6503,53,missed,900,2025-05-02 19:45:00
6504,25,missed,168,2025-10-09 18:18:00
6505,4,missed,229,2025-07-17 19:33:00
6506,41,missed,758,2025-04-29 14:27:00
6507,5,connected,653,2025-02-25 13:14:00
6508,34,connected,597,2025-08-15 16:38:00
6509,29,connected,305,2025-11-19 11:14:00
6510,6,connected,515,2025-03-27 18:23:00
6511,25,voicemail,36,2025-01-10 15:39:00
6512,15,connected,188,2025-12-15 10:18:00
6513,8,missed,89,2025-06-07 17:34:00
6514,46,voicemail,809,2025-02-23 10:20:00
6515,2,voicemail,819,2025-09-10 13:12:00
6516,29,voicemail,810,2025-04-20 18:15:00
6517,21,missed,201,2025-01-03 08:27:00
6518,31,connected,221,2025-12-15 18:35:00
6519,51,missed,556,2025-03-09 09:16:00
6520,27,connected,515,2025-11-02 14:30:00
6521,6,voicemail,265,2025-06-02 16:25:00
6522,20,connected,829,2025-10-10 15:33:00
6523,45,missed,711,2025-11-26 18:30:00
6524,46,connected,879,2025-04-11 10:36:00
6525,18,connected,517,2025-07-12 14:59:00
6526,43,voicemail,153,2025-01-18 12:37:00
6527,7,missed,433,2025-03-07 17:01:00
6528,11,voicemail,405,2025-07-07 16:05:00
6529,28,connected,24,2025-08-06 09:31:00
6530,18,voicemail,622,2025-10-08 19:02:00
6531,8,connected,203,2025-04-23 16:30:00
6532,45,missed,216,2025-09-18 10:41:00
6533,4,missed,679,2025-08-07 18:28:00
6534,46,connected,797,2025-02-14 19:30:00
6535,41,missed,797,2025-02-01 09:08:00
6536,33,voicemail,836,2025-07-30 09:43:00
6537,16,connected,521,2025-03-14 19:21:00
6538,55,missed,200,2025-03-26 19:32:00
6539,20,voicemail,452,2025-04-26 11:54:00
6540,54,missed,161,2025-04-05 10:04:00
6541,31,voicemail,64,2025-01-30 15:21:00
6542,30,connected,509,2025-10-11 17:41:00
6543,57,connected,177,2025-10-30 14:17:00
6544,9,missed,464,2025-10-13 17:28:00
6545,4,voicemail,256,2025-07-08 10:26:00
6546,50,voicemail,409,2025-09-21 14:29:00
6547,39,connected,543,2025-02-01 19:24:00
6548,45,connected,737,2025-02-24 12:29:00
6549,58,missed,153,2025-07-14 10:05:00
6550,17,voicemail,120,2025-08-21 19:57:00
6551,37,connected,822,2025-07-03 14:22:00
6552,13,connected,852,2025-04-13 15:55:00
6553,29,voicemail,763,2025-04-23 13:57:00
6554,19,connected,355,2025-05-12 13:27:00
6555,34,connected,350,2025-12-10 12:10:00
6556,30,missed,142,2025-12-10 16:48:00
6557,22,connected,456,2025-11-30 16:42:00
6558,30,connected,80,2025-09-07 16:17:00
6559,35,connected,315,2025-05-24 18:33:00
6560,45,connected,428,2025-01-19 15:47:00
6561,28,connected,441,2025-03-01 12:56:00
6562,4,connected,231,2025-06-12 12:11:00
6563,11,connected,208,2025-04-03 16:25:00
6564,60,missed,557,2025-02-28 09:28:00
6565,50,connected,247,2025-05-07 08:39:00
6566,53,voicemail,66,2025-01-18 14:32:00
6567,5,connected,632,2025-10-11 09:08:00
6568,17,voicemail,486,2025-09-23 09:42:00
6569,16,connected,571,2025-09-10 19:31:00
6570,45,connected,61,2025-03-20 19:50:00
6571,3,connected,262,2025-03-12 10:16:00
6572,1,connected,813,2025-06-25 12:36:00
6573,6,connected,560,2025-02-20 08:47:00
6574,57,missed,672,2025-10-05 16:05:00
6575,15,missed,492,2025-08-31 18:41:00
6576,55,missed,850,2025-03-18 18:50:00
6577,57,missed,275,2025-02-05 10:08:00
6578,43,missed,339,2025-07-31 12:35:00
6579,35,connected,69,2025-06-25 09:00:00
6580,57,connected,681,2025-03-06 09:50:00
6581,15,connected,56,2025-12-09 15:32:00
6582,5,missed,454,2025-05-16 18:48:00
6583,26,connected,518,2025-05-07 13:36:00
6584,13,connected,343,2025-05-16 13:43:00
6585,16,voicemail,647,2025-06-16 15:34:00
6586,50,voicemail,762,2025-08-18 17:37:00
6587,28,connected,255,2025-05-05 16:53:00
6588,28,missed,191,2025-08-07 17:29:00
6589,43,voicemail,173,2025-05-14 12:19:00
6590,6,missed,227,2025-08-16 19:55:00
6591,48,voicemail,449,2025-11-02 15:29:00
6592,24,connected,156,2025-04-23 09:48:00
6593,1,missed,511,2025-03-14 11:47:00
6594,22,voicemail,76,2025-10-10 15:51:00
6595,45,connected,315,2025-10-31 15:55:00
6596,24,connected,882,2025-07-29 18:50:00
6597,1,missed,510,2025-08-29 08:11:00
6598,50,connected,848,2025-02-04 12:48:00
6599,24,missed,97,2025-06-11 18:17:00
6600,48,voicemail,158,2025-10-11 11:51:00
6601,18,connected,636,2025-12-03 17:14:00
6602,8,connected,356,2025-10-01 18:44:00
6603,29,connected,104,2025-06-16 15:03:00
6604,28,voicemail,216,2025-09-11 14:31:00
6605,55,missed,712,2025-08-06 14:36:00
6606,28,missed,768,2025-09-24 19:29:00
6607,37,voicemail,828,2025-11-12 10:49:00
6608,34,connected,67,2025-07-15 16:10:00
6609,21,voicemail,826,2025-04-24 08:01:00
6610,23,connected,401,2025-05-17 18:28:00
6611,45,connected,285,2025-01-04 17:09:00
6612,11,connected,895,2025-03-26 18:50:00
6613,55,missed,460,2025-08-12 19:26:00
6614,2,connected,400,2025-07-27 12:24:00
6615,11,connected,879,2025-08-27 19:27:00
6616,27,connected,19,2025-04-14 11:12:00
6617,7,missed,791,2025-04-09 15:23:00
6618,34,connected,63,2025-12-19 15:28:00
6619,25,connected,375,2025-08-16 16:15:00
6620,8,voicemail,665,2025-04-15 09:09:00
6621,38,connected,358,2025-09-08 10:36:00
6622,28,connected,646,2025-05-16 18:13:00
6623,38,connected,719,2025-10-09 19:40:00
6624,56,missed,738,2025-07-28 09:13:00
6625,38,connected,250,2025-07-03 12:03:00
6626,21,missed,704,2025-05-18 09:25:00
6627,53,connected,383,2025-12-04 19:35:00
6628,4,missed,88,2025-09-20 15:53:00
6629,45,connected,512,2025-09-16 15:58:00
6630,44,voicemail,561,2025-03-18 15:49:00
6631,15,connected,122,2025-08-10 09:00:00
6632,44,connected,231,2025-04-13 13:35:00
6633,16,missed,350,2025-11-11 10:20:00
6634,33,connected,857,2025-02-01 17:27:00
6635,13,connected,814,2025-02-13 08:36:00
6636,35,connected,217,2025-11-22 19:04:00
6637,60,connected,370,2025-07-27 17:14:00
6638,29,voicemail,340,2025-04-22 08:05:00
6639,3,connected,26,2025-04-18 14:06:00
6640,45,connected,794,2025-11-02 18:30:00
6641,13,connected,199,2025-01-04 12:42:00
6642,18,missed,586,2025-03-04 17:10:00
6643,16,connected,170,2025-05-23 10:18:00
6644,30,connected,348,2025-02-12 19:07:00
6645,21,connected,663,2025-02-17 10:32:00
6646,56,connected,795,2025-07-04 17:22:00
6647,40,connected,110,2025-09-25 09:39:00
6648,59,voicemail,638,2025-07-29 08:08:00
6649,8,connected,570,2025-04-23 14:51:00
6650,59,voicemail,676,2025-02-05 09:58:00
6651,47,connected,328,2025-10-06 19:39:00
6652,32,connected,517,2025-06-14 18:06:00
6653,10,voicemail,23,2025-10-25 12:10:00
6654,19,connected,194,2025-01-09 15:18:00
6655,25,voicemail,140,2025-02-23 14:52:00
6656,20,connected,669,2025-06-02 15:12:00
6657,2,connected,619,2025-11-07 08:25:00
6658,12,voicemail,757,2025-11-13 09:55:00
6659,47,voicemail,280,2025-04-26 09:00:00
6660,42,missed,69,2025-05-24 14:14:00
6661,14,connected,847,2025-02-27 14:31:00
6662,13,connected,642,2025-01-11 09:25:00
6663,19,connected,646,2025-07-15 19:48:00
6664,5,voicemail,379,2025-06-10 11:57:00
6665,3,voicemail,849,2025-09-23 15:16:00
6666,26,connected,769,2025-05-05 17:18:00
6667,22,missed,720,2025-03-21 11:46:00
6668,28,missed,637,2025-03-07 08:12:00
6669,27,voicemail,357,2025-02-08 12:14:00
6670,33,connected,677,2025-06-01 10:27:00
6671,15,voicemail,677,2025-03-25 14:11:00
6672,15,voicemail,801,2025-09-02 19:26:00
6673,14,connected,591,2025-05-18 14:52:00
6674,11,connected,394,2025-08-10 18:45:00
6675,57,connected,827,2025-12-15 10:44:00
6676,54,missed,483,2025-12-07 19:29:00
6677,17,missed,511,2025-09-27 14:25:00
6678,27,missed,802,2025-01-24 17:48:00
6679,27,missed,378,2025-06-13 19:46:00
6680,48,voicemail,667,2025-11-18 18:20:00
6681,18,voicemail,770,2025-05-26 09:28:00
6682,28,connected,319,2025-06-02 17:15:00
6683,12,connected,278,2025-09-03 16:57:00
6684,60,missed,444,2025-10-07 09:00:00
6685,56,voicemail,338,2025-01-29 17:16:00
6686,54,missed,499,2025-10-03 08:48:00
6687,27,missed,581,2025-11-02 15:41:00
6688,8,connected,644,2025-04-19 15:09:00
6689,59,connected,70,2025-09-19 10:52:00
6690,52,connected,63,2025-01-01 19:42:00
6691,43,connected,38,2025-07-26 10:33:00
6692,58,voicemail,215,2025-09-23 14:33:00
6693,24,connected,53,2025-09-06 19:05:00
6694,23,connected,265,2025-09-25 17:13:00
6695,49,voicemail,560,2025-11-09 16:43:00
6696,57,voicemail,538,2025-02-12 14:59:00
6697,38,connected,854,2025-08-02 08:19:00
6698,20,missed,662,2025-08-04 19:13:00
6699,46,connected,201,2025-01-27 08:29:00
6700,43,connected,795,2025-09-20 10:34:00
6701,11,voicemail,595,2025-08-24 16:02:00
6702,38,missed,562,2025-11-10 19:32:00
6703,49,missed,355,2025-12-09 11:30:00
6704,30,connected,414,2025-06-08 17:13:00
6705,2,missed,814,2025-05-28 19:21:00
6706,53,connected,386,2025-02-06 16:56:00
6707,46,connected,891,2025-04-22 12:38:00
6708,54,connected,77,2025-09-20 13:55:00
6709,59,connected,87,2025-06-03 16:32:00
6710,28,connected,66,2025-11-29 18:22:00
6711,23,connected,537,2025-01-09 16:16:00
6712,15,voicemail,858,2025-10-25 13:41:00
6713,49,connected,768,2025-12-05 17:56:00
6714,60,connected,311,2025-02-21 17:46:00
6715,46,missed,234,2025-09-28 13:02:00
6716,54,connected,376,2025-03-28 10:56:00
6717,34,voicemail,51,2025-09-03 13:39:00
6718,29,connected,700,2025-04-24 19:28:00
6719,48,connected,587,2025-08-15 09:03:00
6720,35,connected,56,2025-10-09 13:28:00
6721,22,connected,24,2025-05-19 11:06:00
6722,27,voicemail,414,2025-10-27 10:04:00
6723,60,voicemail,216,2025-04-15 16:57:00
6724,8,connected,280,2025-07-25 10:40:00
6725,17,connected,296,2025-04-19 10:40:00
6726,40,connected,809,2025-03-20 12:00:00
6727,28,connected,254,2025-05-31 16:19:00
6728,24,missed,475,2025-03-25 19:38:00
6729,49,missed,793,2025-11-10 12:06:00
6730,39,connected,471,2025-08-26 09:34:00
6731,35,missed,394,2025-04-03 11:15:00
6732,53,connected,822,2025-03-13 09:39:00
6733,23,connected,726,2025-03-04 13:17:00
6734,52,connected,466,2025-11-22 16:42:00
6735,39,connected,470,2025-09-06 12:49:00
6736,54,connected,284,2025-07-17 08:54:00
6737,40,voicemail,126,2025-01-05 12:13:00
6738,21,voicemail,268,2025-07-14 09:01:00
6739,35,connected,669,2025-03-20 09:07:00
6740,8,connected,206,2025-06-20 12:43:00
6741,42,connected,106,2025-09-19 18:06:00
6742,20,connected,382,2025-02-10 13:51:00
6743,53,connected,552,2025-06-26 12:05:00
6744,19,missed,801,2025-06-27 19:29:00
6745,19,connected,367,2025-09-03 16:58:00
6746,30,voicemail,342,2025-09-28 15:24:00
6747,31,connected,835,2025-02-09 11:19:00
6748,57,connected,591,2025-05-17 16:28:00
6749,16,connected,790,2025-04-13 09:36:00
6750,29,missed,392,2025-06-26 11:03:00
6751,42,missed,219,2025-05-31 15:53:00
6752,4,connected,895,2025-09-13 18:31:00
6753,56,connected,274,2025-02-20 11:59:00
6754,38,voicemail,878,2025-07-30 14:05:00
6755,37,connected,803,2025-12-05 10:57:00
6756,44,missed,664,2025-12-05 17:56:00
6757,48,connected,698,2025-04-29 13:02:00
6758,17,connected,756,2025-08-14 08:49:00
6759,37,connected,715,2025-11-24 09:16:00
6760,55,connected,347,2025-03-05 08:06:00
6761,44,voicemail,715,2025-11-27 09:43:00
6762,22,connected,642,2025-11-04 11:04:00
6763,56,connected,796,2025-10-09 19:04:00
6764,39,connected,103,2025-08-16 14:17:00
6765,17,connected,575,2025-08-17 17:19:00
6766,47,missed,642,2025-05-11 15:48:00
6767,54,connected,100,2025-07-13 19:49:00
6768,46,connected,878,2025-01-12 19:50:00
6769,48,missed,581,2025-09-07 13:47:00
6770,46,missed,186,2025-06-08 08:32:00
6771,47,missed,849,2025-06-02 19:55:00
6772,36,connected,835,2025-12-16 17:44:00
6773,60,voicemail,356,2025-12-01 09:57:00
6774,39,connected,470,2025-01-07 09:32:00
6775,28,connected,549,2025-09-01 13:47:00
6776,41,connected,198,2025-07-17 11:39:00
6777,41,connected,379,2025-04-03 09:15:00
6778,52,voicemail,100,2025-05-26 15:17:00
6779,39,voicemail,119,2025-12-08 11:40:00
6780,45,connected,146,2025-08-10 13:47:00
6781,58,connected,618,2025-05-18 13:01:00
6782,34,voicemail,423,2025-02-27 12:35:00
6783,31,connected,626,2025-08-31 15:40:00
6784,36,connected,476,2025-07-14 17:13:00
6785,36,connected,809,2025-11-27 19:08:00
6786,24,voicemail,850,2025-03-15 12:43:00
6787,29,missed,302,2025-01-06 14:21:00
6788,29,voicemail,245,2025-02-16 18:28:00
6789,30,missed,83,2025-11-21 13:51:00
6790,30,voicemail,197,2025-10-01 17:43:00
6791,15,connected,852,2025-01-02 16:50:00
6792,58,voicemail,814,2025-10-20 09:39:00
6793,12,voicemail,209,2025-01-09 16:10:00
6794,38,connected,398,2025-08-05 13:48:00
6795,45,connected,881,2025-04-29 13:32:00
6796,32,missed,523,2025-10-08 08:57:00
6797,48,connected,159,2025-03-12 18:16:00
6798,52,missed,883,2025-05-11 12:06:00
6799,48,voicemail,688,2025-08-06 14:24:00
6800,40,voicemail,361,2025-12-02 17:19:00
6801,33,voicemail,45,2025-04-17 15:17:00
6802,6,voicemail,870,2025-04-21 09:44:00
6803,19,connected,727,2025-12-18 10:09:00
6804,33,connected,230,2025-10-26 19:16:00
6805,31,missed,620,2025-07-25 14:06:00
6806,5,connected,847,2025-12-08 19:15:00
6807,40,connected,582,2025-07-20 11:55:00
6808,34,connected,460,2025-10-30 14:46:00
6809,10,voicemail,788,2025-03-08 12:04:00
6810,59,connected,501,2025-07-15 11:32:00
6811,60,voicemail,581,2025-12-06 19:00:00
6812,21,connected,405,2025-08-12 10:07:00
6813,30,missed,443,2025-12-17 10:27:00
6814,39,connected,810,2025-03-17 16:14:00
6815,47,connected,328,2025-05-07 14:46:00
6816,31,missed,524,2025-07-12 19:49:00
6817,13,voicemail,565,2025-08-13 16:37:00
6818,2,voicemail,530,2025-01-02 12:45:00
6819,42,connected,300,2025-04-18 16:23:00
6820,8,voicemail,401,2025-07-08 17:52:00
6821,51,missed,230,2025-10-10 10:10:00
6822,43,connected,597,2025-02-02 13:17:00
6823,13,connected,596,2025-12-11 08:12:00
6824,10,connected,125,2025-06-21 12:17:00
6825,15,voicemail,367,2025-09-25 09:57:00
6826,21,voicemail,803,2025-09-16 18:47:00
6827,12,connected,816,2025-08-18 11:48:00
6828,19,missed,889,2025-02-01 19:26:00
6829,27,connected,895,2025-06-30 14:52:00
6830,42,connected,734,2025-05-06 16:11:00
6831,15,connected,564,2025-03-28 08:35:00
6832,25,connected,99,2025-07-20 13:10:00
6833,41,connected,469,2025-09-06 15:26:00
6834,30,connected,414,2025-05-28 10:51:00
6835,45,missed,359,2025-01-20 14:44:00
6836,25,voicemail,294,2025-02-01 14:39:00
6837,32,voicemail,834,2025-10-06 13:03:00
6838,4,missed,502,2025-05-11 17:26:00
6839,56,connected,388,2025-03-19 15:33:00
6840,40,connected,670,2025-09-07 14:41:00
6841,36,voicemail,589,2025-03-16 17:55:00
6842,57,voicemail,829,2025-12-05 09:36:00
6843,58,connected,18,2025-03-14 16:28:00
6844,56,connected,421,2025-02-24 18:34:00
6845,10,missed,420,2025-03-01 13:32:00
6846,36,voicemail,175,2025-07-13 10:58:00
6847,28,connected,123,2025-04-27 12:42:00
6848,8,voicemail,419,2025-02-11 11:05:00
6849,44,connected,199,2025-09-10 14:00:00
6850,7,connected,826,2025-09-24 15:51:00
6851,36,missed,805,2025-05-22 15:01:00
6852,47,connected,85,2025-10-03 12:23:00
6853,1,missed,383,2025-07-29 16:58:00
6854,1,connected,593,2025-05-26 13:53:00
6855,58,missed,391,2025-08-31 13:58:00
6856,12,voicemail,461,2025-07-14 14:16:00
6857,45,connected,382,2025-02-04 15:00:00
6858,51,voicemail,647,2025-11-01 08:53:00
6859,30,voicemail,301,2025-11-07 13:40:00
6860,5,connected,699,2025-08-25 11:59:00
6861,34,voicemail,790,2025-10-10 16:44:00
6862,2,voicemail,819,2025-05-10 08:37:00
6863,22,voicemail,703,2025-07-24 18:36:00
6864,20,voicemail,242,2025-05-15 10:41:00
6865,11,missed,872,2025-02-14 18:33:00
6866,17,connected,681,2025-02-15 14:26:00
6867,56,voicemail,515,2025-02-18 13:36:00
6868,28,missed,102,2025-04-07 18:13:00
6869,27,connected,687,2025-05-21 17:57:00
6870,26,missed,668,2025-04-05 17:59:00
6871,32,connected,214,2025-07-14 17:59:00
6872,55,connected,723,2025-04-29 10:28:00
6873,45,connected,82,2025-11-22 12:46:00
6874,47,connected,275,2025-03-17 13:18:00
6875,29,connected,555,2025-09-24 17:47:00
6876,26,connected,165,2025-12-16 08:34:00
6877,26,connected,404,2025-04-02 14:36:00
6878,51,connected,89,2025-05-18 15:01:00
6879,1,connected,824,2025-12-10 16:50:00
6880,34,missed,487,2025-10-17 19:49:00
6881,52,connected,589,2025-06-26 14:10:00
6882,5,missed,686,2025-09-17 08:33:00
6883,7,connected,789,2025-11-24 14:02:00
6884,11,voicemail,434,2025-01-04 10:57:00
6885,36,voicemail,739,2025-08-05 14:03:00
6886,60,missed,18,2025-05-12 19:49:00
6887,55,voicemail,616,2025-11-05 15:22:00
6888,54,missed,78,2025-08-19 14:07:00
6889,58,connected,402,2025-10-14 16:32:00
6890,41,connected,330,2025-08-03 11:40:00
6891,29,connected,107,2025-09-21 18:51:00
6892,21,connected,81,2025-09-29 08:34:00
6893,45,connected,412,2025-10-08 13:09:00
6894,48,connected,688,2025-07-05 19:27:00
6895,39,connected,704,2025-01-19 10:12:00
6896,37,connected,885,2025-05-16 16:43:00
6897,4,missed,277,2025-11-21 16:30:00
6898,14,connected,876,2025-05-20 15:04:00
6899,30,voicemail,857,2025-11-12 13:29:00
6900,22,missed,281,2025-04-15 14:12:00
6901,19,connected,198,2025-04-11 08:52:00
6902,36,connected,900,2025-11-26 16:03:00
6903,42,missed,619,2025-03-09 16:08:00
6904,22,voicemail,779,2025-02-14 10:34:00
6905,6,connected,681,2025-07-21 10:47:00
6906,43,voicemail,400,2025-08-16 14:49:00
6907,54,connected,20,2025-05-21 08:04:00
6908,9,connected,286,2025-09-17 12:59:00
6909,40,connected,513,2025-03-26 18:14:00
6910,55,missed,536,2025-02-04 11:44:00
6911,32,missed,560,2025-01-11 17:55:00
6912,1,missed,522,2025-06-23 15:39:00
6913,37,connected,81,2025-10-01 17:55:00
6914,26,connected,316,2025-07-03 12:21:00
6915,19,connected,729,2025-02-01 17:31:00
6916,57,connected,638,2025-08-28 15:37:00
6917,56,missed,232,2025-10-20 10:46:00
6918,15,connected,132,2025-09-27 17:20:00
6919,56,connected,116,2025-01-08 13:44:00
6920,42,voicemail,412,2025-10-19 17:51:00
6921,14,connected,100,2025-12-13 17:32:00
6922,37,connected,57,2025-04-18 17:35:00
6923,59,voicemail,451,2025-10-23 13:37:00
6924,21,connected,399,2025-06-11 14:11:00
6925,27,missed,474,2025-05-13 19:28:00
6926,55,missed,481,2025-02-07 19:48:00
6927,35,voicemail,523,2025-10-29 19:02:00
6928,13,connected,415,2025-09-28 10:47:00
6929,8,connected,186,2025-08-27 17:13:00
6930,44,missed,290,2025-02-08 12:35:00
6931,60,missed,726,2025-08-19 19:38:00
6932,20,missed,629,2025-08-28 18:58:00
6933,16,connected,496,2025-03-14 10:24:00
6934,4,missed,811,2025-05-25 17:53:00
6935,2,connected,705,2025-11-16 10:49:00
6936,42,connected,249,2025-03-06 17:47:00
6937,51,voicemail,582,2025-01-18 08:09:00
6938,22,connected,391,2025-11-27 10:15:00
6939,20,missed,468,2025-10-11 18:06:00
6940,10,connected,509,2025-05-14 15:34:00
6941,32,voicemail,195,2025-11-18 14:32:00
6942,23,connected,892,2025-07-30 13:52:00
6943,48,missed,720,2025-01-08 10:33:00
6944,18,missed,321,2025-05-02 12:15:00
6945,42,connected,443,2025-06-04 12:48:00
6946,24,connected,248,2025-03-23 17:18:00
6947,36,missed,269,2025-01-22 19:15:00
6948,7,missed,563,2025-11-30 13:18:00
6949,16,connected,204,2025-09-09 18:27:00
6950,41,connected,679,2025-03-29 17:19:00
6951,51,connected,856,2025-06-25 18:12:00
6952,35,voicemail,356,2025-11-17 10:05:00
6953,19,connected,727,2025-11-06 18:48:00
6954,40,connected,417,2025-06-20 15:25:00
6955,2,voicemail,809,2025-03-30 12:18:00
6956,4,connected,794,2025-02-09 12:12:00
6957,12,connected,292,2025-01-25 16:32:00
6958,1,missed,183,2025-04-25 09:31:00
6959,52,connected,463,2025-10-12 16:19:00
6960,20,voicemail,854,2025-02-09 19:03:00
6961,24,voicemail,792,2025-07-25 10:35:00
6962,59,missed,68,2025-07-20 15:16:00
6963,35,missed,595,2025-06-19 16:24:00
6964,30,connected,159,2025-07-07 10:44:00
6965,35,missed,189,2025-05-04 12:31:00
6966,48,missed,668,2025-04-05 18:43:00
6967,2,connected,493,2025-12-19 10:31:00
6968,55,voicemail,797,2025-07-07 10:23:00
6969,33,connected,332,2025-10-16 10:21:00
6970,37,connected,249,2025-07-17 15:18:00
6971,7,connected,122,2025-12-19 10:06:00
6972,16,connected,134,2025-10-18 09:25:00
6973,31,connected,697,2025-04-14 17:31:00
6974,28,missed,679,2025-04-01 10:02:00
6975,12,connected,812,2025-02-18 12:08:00
6976,16,voicemail,254,2025-09-30 18:17:00
6977,44,connected,292,2025-08-16 11:29:00
6978,18,connected,514,2025-01-02 18:49:00
6979,35,connected,144,2025-01-09 19:46:00
6980,2,voicemail,183,2025-11-04 15:21:00
6981,7,voicemail,360,2025-07-05 19:41:00
6982,57,connected,893,2025-07-03 11:03:00
6983,17,voicemail,819,2025-06-30 09:44:00
6984,17,connected,600,2025-03-24 14:13:00
6985,31,connected,848,2025-02-19 17:57:00
6986,40,connected,107,2025-07-25 10:16:00
6987,38,connected,566,2025-07-06 16:43:00
6988,52,voicemail,80,2025-02-07 09:06:00
6989,50,voicemail,620,2025-03-13 15:52:00
6990,52,missed,453,2025-05-17 17:17:00
6991,8,voicemail,105,2025-02-06 15:43:00
6992,9,missed,685,2025-04-17 14:25:00
6993,2,connected,596,2025-04-30 08:07:00
6994,16,connected,549,2025-02-21 15:05:00
6995,34,connected,843,2025-01-29 11:51:00
6996,5,voicemail,474,2025-04-26 17:09:00
6997,7,connected,737,2025-10-20 10:47:00
6998,34,connected,662,2025-12-14 09:30:00
6999,55,connected,413,2025-02-11 08:24:00
7000,60,connected,560,2025-08-30 18:55:00
7001,40,connected,735,2025-09-26 11:11:00
7002,3,connected,495,2025-02-22 18:14:00
7003,50,connected,380,2025-12-12 16:12:00
7004,56,missed,39,2025-02-09 14:09:00
7005,57,connected,851,2025-02-13 16:38:00
7006,43,connected,620,2025-02-27 12:02:00
7007,17,missed,261,2025-10-20 19:26:00
7008,22,connected,878,2025-01-12 16:52:00
7009,11,connected,115,2025-11-14 09:35:00
7010,27,missed,633,2025-01-05 08:37:00
7011,42,connected,410,2025-02-27 14:21:00
7012,58,connected,586,2025-11-25 13:25:00
7013,57,connected,359,2025-03-14 13:12:00
7014,34,voicemail,645,2025-02-14 08:17:00
7015,10,missed,386,2025-10-19 14:20:00
7016,36,connected,265,2025-07-04 15:55:00
7017,40,missed,516,2025-09-06 13:53:00
7018,17,connected,97,2025-07-01 12:14:00
7019,1,connected,766,2025-03-16 12:22:00
7020,39,voicemail,174,2025-10-31 15:17:00
7021,50,voicemail,768,2025-07-25 14:10:00
7022,43,connected,727,2025-02-23 15:34:00
7023,21,connected,472,2025-07-01 14:00:00
7024,22,connected,644,2025-09-16 09:28:00
7025,25,missed,23,2025-04-20 10:38:00
7026,25,connected,542,2025-05-21 10:06:00
7027,33,missed,393,2025-05-24 18:50:00
7028,35,connected,291,2025-12-02 13:38:00
7029,53,connected,110,2025-10-27 16:33:00
7030,32,connected,558,2025-11-24 15:38:00
7031,34,missed,677,2025-09-19 10:12:00
7032,57,connected,462,2025-06-27 19:01:00
7033,51,connected,412,2025-10-19 08:21:00
7034,56,connected,377,2025-12-12 16:06:00
7035,20,connected,678,2025-12-06 18:06:00
7036,10,connected,357,2025-04-05 15:21:00
7037,14,connected,613,2025-09-20 09:23:00
7038,35,connected,597,2025-12-20 08:49:00
7039,9,voicemail,112,2025-09-28 19:03:00
7040,17,voicemail,126,2025-02-21 08:38:00
7041,30,voicemail,697,2025-11-08 10:37:00
7042,13,connected,177,2025-12-14 13:35:00
7043,20,voicemail,32,2025-01-17 19:49:00
7044,38,missed,888,2025-04-14 15:13:00
7045,55,connected,584,2025-03-31 19:00:00
7046,33,connected,200,2025-04-01 11:34:00
7047,36,connected,712,2025-07-08 19:59:00
7048,22,connected,318,2025-07-26 18:33:00
7049,28,connected,725,2025-03-12 18:24:00
7050,14,voicemail,359,2025-07-14 16:02:00
7051,1,voicemail,273,2025-01-07 16:42:00
7052,39,connected,884,2025-02-16 13:35:00
7053,43,connected,440,2025-06-08 13:56:00
7054,42,connected,898,2025-03-01 18:12:00
7055,40,connected,592,2025-11-14 15:15:00
7056,60,connected,689,2025-04-26 19:42:00
7057,33,connected,262,2025-07-25 17:30:00
7058,32,voicemail,322,2025-08-15 10:22:00
7059,46,connected,617,2025-12-01 13:11:00
7060,38,connected,442,2025-01-28 17:57:00
7061,24,voicemail,729,2025-08-04 13:38:00
7062,32,missed,131,2025-06-06 12:20:00
7063,7,connected,419,2025-09-29 13:06:00
7064,54,missed,540,2025-07-11 13:51:00
7065,19,connected,612,2025-05-03 10:00:00
7066,10,connected,585,2025-02-24 10:03:00
7067,12,connected,217,2025-05-24 16:56:00
7068,16,connected,202,2025-04-03 16:40:00
7069,30,connected,252,2025-12-16 18:38:00
7070,17,connected,255,2025-03-04 15:53:00
7071,5,connected,384,2025-08-25 16:31:00
7072,55,voicemail,680,2025-06-25 10:54:00
7073,36,connected,292,2025-06-17 11:13:00
7074,7,connected,474,2025-02-26 16:37:00
7075,26,connected,207,2025-02-04 19:27:00
7076,56,missed,515,2025-01-11 12:45:00
7077,13,voicemail,613,2025-05-02 19:36:00
7078,56,voicemail,647,2025-10-01 08:29:00
7079,23,connected,258,2025-01-25 19:14:00
7080,7,voicemail,887,2025-07-07 17:39:00
7081,36,connected,501,2025-11-30 08:17:00
7082,26,missed,83,2025-03-07 13:38:00
7083,16,voicemail,401,2025-04-20 16:32:00
7084,48,connected,701,2025-04-23 09:46:00
7085,47,voicemail,438,2025-07-30 12:05:00
7086,25,connected,98,2025-07-18 18:46:00
7087,16,voicemail,515,2025-06-25 18:27:00
7088,60,missed,131,2025-05-03 17:49:00
7089,29,connected,137,2025-10-29 16:15:00
7090,54,voicemail,53,2025-02-14 16:34:00
7091,30,connected,262,2025-06-03 13:05:00
7092,34,voicemail,451,2025-08-19 11:33:00
7093,22,connected,481,2025-10-02 15:45:00
7094,9,connected,609,2025-12-14 13:54:00
7095,3,connected,368,2025-04-22 16:35:00
7096,40,voicemail,238,2025-01-22 11:10:00
7097,21,connected,638,2025-06-20 15:42:00
7098,20,missed,860,2025-10-07 16:31:00
7099,53,voicemail,59,2025-07-20 12:11:00
7100,12,connected,302,2025-01-21 13:42:00
7101,34,connected,748,2025-11-10 11:45:00
7102,32,voicemail,148,2025-01-18 12:01:00
7103,10,missed,130,2025-05-13 16:30:00
7104,37,connected,347,2025-10-03 17:59:00
7105,54,missed,551,2025-03-19 19:46:00
7106,59,connected,459,2025-12-18 15:49:00
7107,44,connected,603,2025-02-28 09:56:00
7108,28,connected,729,2025-10-27 08:05:00
7109,24,voicemail,584,2025-12-02 16:20:00
7110,7,missed,665,2025-01-02 09:34:00
7111,49,missed,167,2025-05-19 13:40:00
7112,12,connected,337,2025-08-06 09:31:00
7113,40,connected,153,2025-06-20 09:39:00
7114,7,connected,607,2025-11-20 13:09:00
7115,59,connected,416,2025-02-25 10:52:00
7116,4,connected,366,2025-11-08 18:48:00
7117,39,missed,470,2025-02-22 15:26:00
7118,54,connected,720,2025-08-04 08:03:00
7119,29,connected,186,2025-03-08 19:48:00
7120,10,voicemail,855,2025-06-25 16:54:00
7121,46,missed,472,2025-07-09 10:45:00
7122,35,connected,684,2025-03-22 17:31:00
7123,7,connected,495,2025-03-14 16:22:00
7124,24,voicemail,555,2025-01-27 14:35:00
7125,4,voicemail,573,2025-05-29 15:52:00
7126,49,connected,824,2025-06-24 12:08:00
7127,45,connected,607,2025-02-25 10:04:00
7128,30,missed,478,2025-08-30 17:28:00
7129,32,missed,351,2025-02-12 17:50:00
7130,59,connected,707,2025-05-02 08:24:00
7131,8,connected,564,2025-11-22 18:39:00
7132,54,connected,392,2025-05-24 09:42:00
7133,56,connected,52,2025-11-26 11:03:00
7134,13,voicemail,537,2025-07-19 15:14:00
7135,53,missed,92,2025-05-06 09:21:00
7136,36,connected,741,2025-05-10 08:07:00
7137,15,connected,581,2025-02-02 15:56:00
7138,19,missed,519,2025-04-03 12:49:00
7139,38,missed,350,2025-11-08 10:19:00
7140,46,connected,618,2025-03-01 16:55:00
7141,18,connected,327,2025-01-10 18:35:00
7142,34,connected,290,2025-01-06 16:32:00
7143,4,voicemail,486,2025-02-27 14:14:00
7144,29,connected,191,2025-11-19 16:48:00
7145,46,voicemail,44,2025-03-22 18:39:00
7146,41,missed,826,2025-11-11 12:08:00
7147,18,missed,328,2025-12-15 13:11:00
7148,53,missed,890,2025-10-26 17:37:00
7149,44,missed,100,2025-11-18 12:12:00
7150,1,connected,46,2025-01-31 14:12:00
7151,55,voicemail,441,2025-09-25 19:41:00
7152,38,voicemail,532,2025-12-19 12:28:00
7153,21,connected,539,2025-10-22 14:21:00
7154,52,connected,37,2025-07-13 11:49:00
7155,21,voicemail,40,2025-05-20 14:55:00
7156,2,connected,232,2025-01-11 10:22:00
7157,36,missed,496,2025-10-30 12:34:00
7158,51,missed,520,2025-07-24 09:10:00
7159,5,connected,764,2025-01-04 16:53:00
7160,14,connected,265,2025-07-08 17:55:00
7161,29,missed,230,2025-10-12 18:16:00
7162,6,missed,470,2025-04-06 08:33:00
7163,41,connected,503,2025-05-05 11:00:00
7164,29,connected,175,2025-02-22 13:46:00
7165,45,voicemail,414,2025-03-16 13:28:00
7166,43,voicemail,253,2025-04-23 18:12:00
7167,20,voicemail,778,2025-02-07 18:09:00
7168,48,connected,275,2025-01-05 19:57:00
7169,25,connected,294,2025-07-06 14:25:00
7170,53,connected,466,2025-07-13 09:13:00
7171,5,voicemail,63,2025-03-11 09:14:00
7172,53,connected,266,2025-04-04 15:15:00
7173,60,missed,893,2025-04-26 15:34:00
7174,24,connected,464,2025-01-27 13:11:00
7175,16,connected,837,2025-05-05 18:16:00
7176,40,voicemail,57,2025-11-09 16:24:00
7177,30,connected,636,2025-06-17 11:12:00
7178,41,connected,703,2025-06-05 14:23:00
7179,45,missed,788,2025-10-16 13:14:00
7180,11,connected,826,2025-09-12 11:40:00
7181,40,connected,543,2025-06-14 13:58:00
7182,5,voicemail,233,2025-05-20 15:49:00
7183,4,voicemail,362,2025-05-22 13:06:00
7184,13,missed,242,2025-02-22 16:16:00
7185,15,connected,899,2025-07-29 09:12:00
7186,24,connected,744,2025-12-20 18:34:00
7187,36,connected,492,2025-05-21 18:43:00
7188,21,missed,659,2025-01-13 17:29:00
7189,53,voicemail,839,2025-06-29 17:39:00
7190,35,connected,78,2025-11-05 09:07:00
7191,5,connected,357,2025-10-02 08:23:00
7192,11,connected,587,2025-10-05 17:14:00
7193,47,connected,118,2025-01-23 08:28:00
7194,37,voicemail,533,2025-02-05 15:57:00
7195,32,missed,58,2025-10-28 16:31:00
7196,20,connected,296,2025-06-22 15:40:00
7197,41,connected,771,2025-05-03 16:15:00
7198,4,voicemail,787,2025-01-19 08:26:00
7199,14,voicemail,658,2025-04-28 09:27:00
7200,4,connected,476,2025-03-21 12:42:00
7201,10,connected,696,2025-02-15 10:44:00
7202,30,missed,876,2025-08-15 08:48:00
7203,23,missed,96,2025-01-14 19:42:00
7204,36,connected,738,2025-04-29 13:05:00
7205,10,connected,709,2025-02-11 16:13:00
7206,4,connected,651,2025-09-17 11:13:00
7207,60,connected,191,2025-05-27 14:55:00
7208,17,connected,847,2025-03-14 08:48:00
7209,45,missed,300,2025-02-23 10:23:00
7210,40,connected,283,2025-02-21 15:15:00
7211,36,voicemail,899,2025-04-13 11:25:00
7212,31,connected,181,2025-01-21 19:46:00
7213,34,voicemail,794,2025-01-10 17:43:00
7214,38,voicemail,34,2025-06-27 13:08:00
7215,55,missed,334,2025-06-08 08:35:00
7216,41,connected,796,2025-06-01 15:49:00
7217,45,connected,161,2025-02-25 15:21:00
7218,48,voicemail,563,2025-09-11 14:59:00
7219,35,voicemail,573,2025-09-04 09:07:00
7220,28,voicemail,143,2025-05-24 12:50:00
7221,55,connected,536,2025-10-05 17:27:00
7222,56,connected,674,2025-07-14 14:57:00
7223,42,missed,424,2025-08-30 11:03:00
7224,29,voicemail,478,2025-03-26 10:29:00
7225,49,missed,665,2025-07-01 11:06:00
7226,51,missed,706,2025-10-13 19:39:00
7227,7,connected,244,2025-04-12 11:35:00
7228,25,connected,176,2025-01-31 15:18:00
7229,26,connected,183,2025-03-12 10:20:00
7230,18,connected,837,2025-06-04 18:52:00
7231,16,connected,687,2025-11-13 11:48:00
7232,43,voicemail,403,2025-11-12 14:36:00
7233,7,connected,597,2025-11-04 14:12:00
7234,13,connected,309,2025-01-02 09:20:00
7235,49,voicemail,850,2025-11-14 12:37:00
7236,28,voicemail,278,2025-08-23 16:42:00
7237,53,connected,757,2025-06-09 14:31:00
7238,24,voicemail,308,2025-07-18 16:23:00
7239,41,connected,589,2025-08-07 11:50:00
7240,47,voicemail,533,2025-01-10 16:38:00
7241,49,voicemail,349,2025-01-28 13:03:00
7242,43,voicemail,75,2025-07-14 11:13:00
7243,43,voicemail,713,2025-07-01 10:27:00
7244,60,voicemail,63,2025-05-25 16:22:00
7245,45,connected,341,2025-10-19 09:19:00
7246,49,connected,156,2025-11-04 18:43:00
7247,11,connected,50,2025-10-15 19:20:00
7248,40,connected,157,2025-08-03 14:28:00
7249,6,voicemail,484,2025-08-02 16:47:00
7250,52,voicemail,414,2025-02-06 15:46:00
7251,57,voicemail,139,2025-12-15 12:35:00
7252,6,connected,515,2025-03-21 17:23:00
7253,57,connected,701,2025-08-07 08:44:00
7254,10,connected,359,2025-01-24 09:20:00
7255,29,missed,199,2025-03-13 12:41:00
7256,44,missed,782,2025-02-27 17:49:00
7257,2,connected,169,2025-06-29 14:12:00
7258,38,connected,348,2025-07-19 19:27:00
7259,39,connected,231,2025-01-23 14:09:00
7260,23,voicemail,393,2025-07-31 12:33:00
7261,59,voicemail,70,2025-02-23 09:50:00
7262,42,connected,819,2025-02-25 15:34:00
7263,58,voicemail,124,2025-03-06 15:26:00
7264,18,voicemail,863,2025-05-04 19:37:00
7265,38,connected,494,2025-08-11 13:08:00
7266,17,voicemail,385,2025-08-26 08:30:00
7267,51,connected,646,2025-11-30 15:42:00
7268,54,connected,770,2025-03-27 16:30:00
7269,7,connected,837,2025-05-05 10:50:00
7270,33,connected,169,2025-08-31 18:33:00
7271,57,connected,394,2025-10-25 14:29:00
7272,20,missed,161,2025-02-05 18:36:00
7273,20,connected,350,2025-12-07 08:17:00
7274,18,connected,81,2025-10-04 15:56:00
7275,13,connected,417,2025-01-23 19:20:00
7276,44,connected,606,2025-09-05 15:50:00
7277,4,connected,338,2025-05-24 15:16:00
7278,9,voicemail,225,2025-11-16 10:04:00
7279,23,connected,670,2025-11-07 16:09:00
7280,37,voicemail,231,2025-04-04 08:40:00
7281,57,connected,876,2025-09-05 17:53:00
7282,16,missed,510,2025-08-18 11:18:00
7283,36,voicemail,443,2025-06-15 15:21:00
7284,35,missed,680,2025-06-07 17:38:00
7285,1,connected,701,2025-11-24 17:30:00
7286,17,voicemail,466,2025-10-30 13:28:00
7287,51,connected,73,2025-10-17 19:32:00
7288,24,connected,92,2025-07-08 14:25:00
7289,51,connected,249,2025-06-28 12:53:00
7290,18,connected,461,2025-10-04 19:57:00
7291,56,voicemail,470,2025-02-26 15:05:00
7292,27,connected,202,2025-03-19 12:32:00
7293,10,missed,829,2025-10-21 09:13:00
7294,45,connected,748,2025-04-04 15:09:00
7295,58,connected,184,2025-07-02 10:26:00
7296,60,connected,317,2025-04-01 16:14:00
7297,8,missed,192,2025-06-12 19:08:00
7298,37,connected,127,2025-04-21 09:31:00
7299,39,connected,385,2025-07-16 09:54:00
7300,20,missed,768,2025-06-28 16:22:00
7301,17,voicemail,158,2025-11-16 12:47:00
7302,36,connected,69,2025-08-09 19:03:00
7303,7,missed,257,2025-06-23 09:17:00
7304,14,connected,700,2025-08-25 09:19:00
7305,14,missed,177,2025-09-20 19:00:00
7306,47,missed,428,2025-06-05 11:20:00
7307,35,connected,818,2025-06-20 09:57:00
7308,4,connected,630,2025-03-04 19:37:00
7309,55,connected,505,2025-03-28 08:22:00
7310,54,connected,759,2025-09-08 10:39:00
7311,31,connected,235,2025-07-11 18:21:00
7312,27,connected,874,2025-07-06 10:37:00
7313,20,connected,168,2025-07-19 19:32:00
7314,54,voicemail,281,2025-10-01 13:11:00
7315,49,connected,610,2025-10-30 18:14:00
7316,15,voicemail,525,2025-09-14 19:11:00
7317,28,missed,505,2025-10-28 08:30:00
7318,53,voicemail,484,2025-04-04 17:00:00
7319,35,connected,686,2025-09-06 19:12:00
7320,35,connected,400,2025-11-21 17:30:00
7321,44,connected,589,2025-07-02 11:44:00
7322,33,connected,769,2025-09-27 13:58:00
7323,23,voicemail,789,2025-10-14 09:40:00
7324,14,connected,738,2025-06-17 14:41:00
7325,23,connected,596,2025-03-17 15:59:00
7326,22,voicemail,641,2025-04-25 18:49:00
7327,26,voicemail,78,2025-10-15 09:03:00
7328,11,connected,681,2025-06-23 17:33:00
7329,11,voicemail,464,2025-11-14 19:27:00
7330,48,voicemail,469,2025-10-20 09:18:00
7331,28,missed,562,2025-09-22 17:25:00
7332,55,connected,148,2025-11-21 15:29:00
7333,22,missed,351,2025-05-19 13:22:00
7334,58,missed,572,2025-01-21 18:12:00
7335,49,missed,297,2025-05-15 08:13:00
7336,26,voicemail,649,2025-03-07 13:20:00
7337,19,missed,509,2025-06-09 17:53:00
7338,9,voicemail,508,2025-09-30 08:36:00
7339,11,connected,556,2025-07-26 09:09:00
7340,43,connected,567,2025-02-16 13:35:00
7341,56,connected,852,2025-10-01 11:38:00
7342,41,missed,393,2025-03-25 15:43:00
7343,35,missed,370,2025-07-17 08:52:00
7344,54,connected,676,2025-11-04 10:20:00
7345,58,missed,76,2025-07-21 16:00:00
7346,4,connected,722,2025-01-19 16:07:00
7347,2,connected,127,2025-08-20 10:27:00
7348,42,connected,648,2025-01-25 09:03:00
7349,15,connected,62,2025-02-07 15:42:00
7350,41,voicemail,836,2025-03-14 17:43:00
7351,49,missed,761,2025-06-05 12:48:00
7352,29,connected,813,2025-05-11 10:11:00
7353,26,connected,51,2025-11-14 15:24:00
7354,16,connected,659,2025-10-07 09:32:00
7355,26,connected,750,2025-04-27 13:20:00
7356,50,voicemail,27,2025-06-05 14:57:00
7357,3,connected,70,2025-11-20 13:19:00
7358,1,connected,187,2025-08-15 17:59:00
7359,34,voicemail,513,2025-11-13 17:00:00
7360,7,connected,451,2025-02-11 10:05:00
7361,58,missed,541,2025-06-21 15:14:00
7362,6,connected,56,2025-05-22 18:56:00
7363,15,connected,152,2025-05-08 11:23:00
7364,11,voicemail,216,2025-12-15 10:09:00
7365,3,voicemail,108,2025-10-11 10:43:00
7366,32,voicemail,261,2025-06-09 17:05:00
7367,51,connected,22,2025-11-04 19:59:00
7368,50,missed,148,2025-02-19 16:17:00
7369,49,voicemail,848,2025-01-28 19:31:00
7370,9,connected,735,2025-04-24 12:25:00
7371,47,connected,731,2025-09-13 18:49:00
7372,37,connected,797,2025-11-29 14:35:00
7373,54,missed,59,2025-10-29 16:57:00
7374,54,missed,428,2025-03-22 16:05:00
7375,52,connected,258,2025-06-12 16:11:00
7376,38,voicemail,638,2025-02-10 16:35:00
7377,3,voicemail,723,2025-05-24 09:38:00
7378,36,missed,510,2025-11-29 08:41:00
7379,2,missed,398,2025-03-01 17:07:00
7380,60,voicemail,473,2025-10-22 08:49:00
7381,29,voicemail,244,2025-06-02 18:42:00
7382,17,voicemail,534,2025-08-31 10:05:00
7383,53,voicemail,236,2025-08-27 16:50:00
7384,37,connected,389,2025-03-01 08:22:00
7385,27,voicemail,671,2025-11-25 18:42:00
7386,41,connected,301,2025-03-23 12:26:00
7387,20,connected,365,2025-03-21 17:52:00
7388,24,voicemail,184,2025-03-15 18:36:00
7389,12,missed,726,2025-05-27 08:50:00
7390,41,connected,171,2025-10-17 18:40:00
7391,23,missed,865,2025-09-30 12:14:00
7392,12,voicemail,107,2025-11-23 11:46:00
7393,59,missed,53,2025-09-02 15:31:00
7394,9,connected,126,2025-03-21 12:48:00
7395,26,connected,490,2025-04-24 16:35:00
7396,55,connected,654,2025-05-25 11:01:00
7397,21,connected,692,2025-01-05 17:35:00
7398,32,connected,338,2025-07-11 10:22:00
7399,32,connected,624,2025-03-27 10:49:00
7400,24,missed,495,2025-10-17 14:16:00
7401,2,voicemail,419,2025-01-23 17:27:00
7402,17,voicemail,131,2025-08-12 14:18:00
7403,18,connected,255,2025-12-07 19:28:00
7404,1,voicemail,678,2025-02-10 12:04:00
7405,22,connected,60,2025-07-07 13:49:00
7406,8,connected,351,2025-08-14 15:54:00
7407,33,connected,171,2025-07-13 11:52:00
7408,24,voicemail,878,2025-11-26 15:24:00
7409,25,connected,66,2025-03-23 17:05:00
7410,6,missed,261,2025-11-11 10:14:00
7411,25,connected,464,2025-03-23 16:27:00
7412,14,missed,77,2025-01-19 09:40:00
7413,41,voicemail,753,2025-04-18 09:43:00
7414,49,voicemail,581,2025-07-20 17:28:00
7415,34,missed,269,2025-01-26 18:45:00
7416,49,connected,449,2025-03-10 12:36:00
7417,60,connected,276,2025-06-22 17:04:00
7418,53,connected,577,2025-09-10 08:13:00
7419,57,connected,111,2025-01-29 19:18:00
7420,57,connected,52,2025-08-03 17:39:00
7421,23,connected,288,2025-09-21 12:04:00
7422,50,voicemail,796,2025-02-14 11:36:00
7423,31,connected,824,2025-04-29 11:52:00
7424,58,missed,393,2025-02-09 09:50:00
7425,37,voicemail,100,2025-07-17 12:47:00
7426,56,voicemail,724,2025-08-08 09:00:00
7427,29,connected,843,2025-07-16 19:09:00
7428,26,connected,205,2025-04-16 12:14:00
7429,58,connected,167,2025-10-03 12:45:00
7430,18,voicemail,358,2025-04-06 09:23:00
7431,16,connected,57,2025-10-07 10:19:00
7432,2,connected,203,2025-11-04 19:25:00
7433,2,connected,392,2025-12-20 19:17:00
7434,48,connected,116,2025-04-21 11:40:00
7435,46,voicemail,259,2025-01-02 15:30:00
7436,19,voicemail,656,2025-02-01 09:38:00
7437,49,connected,179,2025-05-16 16:22:00
7438,9,connected,819,2025-03-31 11:14:00
7439,46,voicemail,412,2025-01-05 10:14:00
7440,4,connected,290,2025-06-12 15:34:00
7441,9,connected,329,2025-08-29 19:22:00
7442,30,voicemail,305,2025-04-13 14:43:00
7443,21,voicemail,507,2025-03-16 19:41:00
7444,43,voicemail,580,2025-06-09 16:15:00
7445,59,voicemail,107,2025-06-23 17:38:00
7446,8,connected,267,2025-08-19 15:53:00
7447,28,connected,184,2025-07-27 13:38:00
7448,14,connected,308,2025-08-23 13:28:00
7449,53,connected,135,2025-05-25 13:13:00
7450,40,missed,48,2025-07-12 16:49:00
7451,27,voicemail,537,2025-01-23 17:36:00
7452,17,voicemail,587,2025-01-03 13:05:00
7453,56,voicemail,450,2025-05-31 16:29:00
7454,13,connected,769,2025-07-21 19:38:00
7455,19,connected,543,2025-06-12 17:42:00
7456,58,voicemail,255,2025-02-02 12:39:00
7457,47,voicemail,755,2025-04-12 14:55:00
7458,31,connected,46,2025-07-08 18:13:00
7459,58,missed,15,2025-12-04 17:12:00
7460,34,connected,648,2025-10-06 13:24:00
7461,13,voicemail,499,2025-08-22 11:47:00
7462,49,voicemail,511,2025-07-24 16:36:00
7463,43,missed,800,2025-09-24 08:59:00
7464,7,missed,182,2025-10-27 10:13:00
7465,7,connected,120,2025-05-15 09:42:00
7466,54,missed,262,2025-04-01 12:56:00
7467,1,missed,292,2025-05-21 18:18:00
7468,1,missed,790,2025-08-23 09:54:00
7469,5,missed,342,2025-03-05 17:24:00
7470,58,missed,835,2025-07-23 15:55:00
7471,37,connected,141,2025-06-30 11:39:00
7472,13,connected,87,2025-06-29 17:13:00
7473,51,missed,236,2025-07-26 11:37:00
7474,22,connected,784,2025-10-30 13:30:00
7475,31,voicemail,510,2025-09-15 18:31:00
7476,46,connected,463,2025-07-17 14:23:00
7477,8,voicemail,178,2025-05-12 12:46:00
7478,53,connected,836,2025-02-25 17:26:00
7479,39,connected,293,2025-01-19 09:32:00
7480,5,connected,431,2025-11-20 10:02:00
7481,27,missed,104,2025-07-17 08:54:00
7482,11,connected,732,2025-01-21 15:17:00
7483,24,voicemail,780,2025-02-28 16:41:00
7484,34,connected,472,2025-10-27 15:14:00
7485,5,connected,761,2025-01-30 08:25:00
7486,4,connected,782,2025-01-02 16:21:00
7487,38,connected,59,2025-08-31 14:07:00
7488,12,connected,376,2025-05-23 09:37:00
7489,24,connected,820,2025-02-02 19:08:00
7490,11,connected,457,2025-11-27 13:02:00
7491,39,connected,504,2025-10-04 18:53:00
7492,47,missed,720,2025-01-28 13:26:00
7493,37,voicemail,763,2025-06-01 08:17:00
7494,21,missed,805,2025-08-15 16:17:00
7495,32,connected,230,2025-03-02 13:04:00
7496,12,connected,895,2025-01-07 19:22:00
7497,46,connected,195,2025-03-05 19:35:00
7498,20,missed,352,2025-04-24 14:32:00
7499,47,voicemail,795,2025-07-09 14:39:00
7500,31,connected,809,2025-11-18 11:01:00
7501,10,connected,114,2025-08-20 09:29:00
7502,47,connected,462,2025-06-07 09:40:00
7503,34,connected,38,2025-06-20 13:16:00
7504,3,connected,809,2025-05-18 12:22:00
7505,41,connected,789,2025-08-26 16:08:00
7506,57,connected,243,2025-06-25 19:55:00
7507,11,connected,453,2025-02-07 08:30:00
7508,31,missed,92,2025-10-15 16:53:00
7509,47,connected,632,2025-05-26 19:14:00
7510,40,missed,466,2025-07-08 19:35:00
7511,56,connected,372,2025-05-13 08:21:00
7512,20,connected,285,2025-09-13 12:41:00
7513,22,connected,834,2025-04-20 16:50:00
7514,27,connected,219,2025-09-03 14:11:00
7515,60,connected,781,2025-12-16 18:35:00
7516,18,voicemail,855,2025-03-17 15:42:00
7517,19,connected,107,2025-01-21 15:45:00
7518,5,connected,683,2025-08-13 11:10:00
7519,10,connected,127,2025-10-11 11:33:00
7520,8,connected,710,2025-06-07 08:08:00
7521,35,voicemail,263,2025-09-05 18:18:00
7522,47,missed,433,2025-01-03 10:30:00
7523,41,connected,607,2025-06-21 13:09:00
7524,9,connected,242,2025-05-31 10:27:00
7525,30,voicemail,833,2025-05-13 10:54:00
7526,45,connected,448,2025-01-27 18:51:00
7527,2,connected,880,2025-09-05 16:47:00
7528,7,voicemail,238,2025-08-17 09:49:00
7529,7,connected,96,2025-08-12 19:53:00
7530,9,missed,754,2025-05-28 08:48:00
7531,13,connected,444,2025-08-07 08:34:00
7532,10,connected,373,2025-08-29 19:28:00
7533,46,voicemail,298,2025-07-03 17:35:00
7534,31,voicemail,824,2025-07-02 18:10:00
7535,34,missed,688,2025-02-05 19:37:00
7536,14,voicemail,686,2025-02-25 11:32:00
7537,37,connected,395,2025-07-25 10:14:00
7538,6,connected,354,2025-04-27 16:46:00
7539,27,connected,857,2025-04-01 13:01:00
7540,15,connected,799,2025-10-03 08:56:00
7541,18,missed,890,2025-05-18 16:24:00
7542,42,connected,95,2025-01-26 14:42:00
7543,14,voicemail,16,2025-03-17 08:19:00
7544,44,connected,615,2025-03-26 18:34:00
7545,41,connected,623,2025-10-19 14:44:00
7546,48,connected,209,2025-01-21 09:11:00
7547,24,voicemail,416,2025-08-03 09:16:00
7548,57,connected,144,2025-03-19 09:16:00
7549,50,connected,605,2025-01-19 17:42:00
7550,34,voicemail,884,2025-10-07 18:18:00
7551,44,connected,522,2025-03-06 09:42:00
7552,8,connected,216,2025-06-14 09:11:00
7553,35,missed,315,2025-11-30 09:51:00
7554,24,missed,877,2025-11-21 10:29:00
7555,31,connected,708,2025-07-12 13:51:00
7556,37,missed,383,2025-04-03 11:48:00
7557,10,connected,897,2025-05-17 12:44:00
7558,51,connected,346,2025-08-16 15:24:00
7559,12,missed,196,2025-06-03 17:49:00
7560,35,connected,123,2025-11-15 16:58:00
7561,30,connected,589,2025-06-17 18:56:00
7562,51,connected,470,2025-04-03 08:10:00
7563,59,connected,337,2025-08-07 16:22:00
7564,9,missed,858,2025-03-18 18:14:00
7565,6,missed,149,2025-08-10 08:35:00
7566,15,connected,545,2025-10-11 12:44:00
7567,43,connected,35,2025-08-08 16:26:00
7568,11,connected,685,2025-04-04 13:38:00
7569,6,connected,816,2025-11-03 19:26:00
7570,58,voicemail,278,2025-08-12 10:20:00
7571,58,missed,357,2025-01-17 14:42:00
7572,10,connected,360,2025-10-24 13:37:00
7573,15,voicemail,133,2025-04-14 17:44:00
7574,28,connected,637,2025-03-26 16:22:00
7575,48,voicemail,656,2025-12-18 09:21:00
7576,24,missed,728,2025-11-19 11:35:00
7577,33,voicemail,601,2025-05-28 18:28:00
7578,23,connected,315,2025-12-08 15:13:00
7579,25,voicemail,190,2025-06-24 15:47:00
7580,28,missed,140,2025-08-09 19:12:00
7581,7,connected,139,2025-09-03 13:47:00
7582,58,voicemail,782,2025-11-17 14:23:00
7583,48,missed,739,2025-01-02 16:58:00
7584,31,missed,584,2025-01-30 15:10:00
7585,59,voicemail,58,2025-09-25 09:00:00
7586,28,voicemail,416,2025-08-28 12:55:00
7587,41,connected,296,2025-12-08 08:22:00
7588,28,missed,183,2025-01-23 08:59:00
7589,46,missed,551,2025-12-09 15:13:00
7590,10,missed,778,2025-10-03 14:20:00
7591,57,voicemail,670,2025-10-13 19:38:00
7592,4,voicemail,658,2025-06-29 11:32:00
7593,1,voicemail,290,2025-06-28 14:21:00
7594,2,connected,742,2025-04-14 08:54:00
7595,55,connected,25,2025-04-16 19:14:00
7596,3,connected,715,2025-10-11 13:41:00
7597,18,connected,665,2025-11-24 12:48:00
7598,34,connected,792,2025-11-04 15:59:00
7599,42,voicemail,257,2025-07-31 16:37:00
7600,22,connected,543,2025-11-20 17:48:00
7601,56,voicemail,207,2025-09-09 19:42:00
7602,49,connected,515,2025-07-23 15:16:00
7603,27,connected,101,2025-01-31 18:02:00
7604,36,missed,654,2025-05-17 19:59:00
7605,38,missed,447,2025-01-28 18:40:00
7606,16,connected,375,2025-07-01 09:16:00
7607,26,missed,158,2025-01-11 13:12:00
7608,2,voicemail,384,2025-01-07 19:40:00
7609,33,connected,261,2025-11-26 18:46:00
7610,18,missed,606,2025-06-06 19:04:00
7611,47,connected,834,2025-10-19 19:56:00
7612,17,connected,477,2025-01-02 15:18:00
7613,40,connected,338,2025-07-03 12:16:00
7614,40,connected,885,2025-03-06 11:46:00
7615,4,voicemail,768,2025-06-12 19:05:00
7616,13,connected,199,2025-06-16 18:26:00
7617,51,connected,41,2025-12-06 16:38:00
7618,47,voicemail,471,2025-04-14 13:20:00
7619,40,voicemail,422,2025-10-08 16:53:00
7620,4,voicemail,449,2025-07-21 12:12:00
7621,2,connected,543,2025-08-05 15:20:00
7622,3,connected,574,2025-03-18 15:41:00
7623,54,missed,182,2025-04-09 09:35:00
7624,19,connected,484,2025-09-19 12:21:00
7625,21,connected,587,2025-09-28 19:56:00
7626,51,connected,444,2025-10-29 14:06:00
7627,31,voicemail,732,2025-05-04 15:18:00
7628,12,missed,608,2025-04-06 17:04:00
7629,19,connected,16,2025-04-11 18:36:00
7630,29,missed,508,2025-01-24 09:40:00
7631,48,connected,55,2025-01-23 10:41:00
7632,50,connected,197,2025-04-22 13:02:00
7633,40,connected,248,2025-07-26 08:14:00
7634,55,missed,192,2025-09-19 16:37:00
7635,36,missed,589,2025-03-02 17:46:00
7636,40,voicemail,178,2025-11-06 16:58:00
7637,17,missed,852,2025-01-22 15:32:00
7638,55,connected,695,2025-03-13 18:38:00
7639,14,voicemail,189,2025-02-08 12:50:00
7640,7,voicemail,75,2025-10-29 18:03:00
7641,44,connected,368,2025-04-01 17:44:00
7642,7,connected,884,2025-08-02 19:16:00
7643,22,voicemail,320,2025-04-19 10:40:00
7644,8,connected,569,2025-01-10 19:56:00
7645,39,connected,559,2025-02-25 11:07:00
7646,3,connected,716,2025-04-27 13:09:00
7647,50,connected,273,2025-08-20 12:46:00
7648,5,voicemail,328,2025-10-01 08:45:00
7649,20,connected,22,2025-04-18 15:57:00
7650,57,connected,294,2025-07-01 19:49:00
7651,3,voicemail,812,2025-06-20 18:23:00
7652,43,connected,399,2025-11-18 12:16:00
7653,21,connected,415,2025-03-15 13:01:00
7654,31,voicemail,226,2025-03-26 09:51:00
7655,43,missed,125,2025-05-08 17:06:00
7656,42,connected,590,2025-08-11 16:19:00
7657,18,connected,896,2025-10-03 15:48:00
7658,22,voicemail,321,2025-04-23 16:49:00
7659,54,connected,66,2025-01-03 10:50:00
7660,26,connected,670,2025-03-08 11:13:00
7661,10,missed,99,2025-11-13 17:47:00
7662,16,connected,58,2025-01-11 15:39:00
7663,1,missed,471,2025-07-18 11:54:00
7664,39,voicemail,51,2025-06-13 08:47:00
7665,35,connected,501,2025-12-16 12:19:00
7666,5,connected,800,2025-02-16 15:10:00
7667,47,missed,749,2025-05-04 16:51:00
7668,39,connected,462,2025-06-01 10:39:00
7669,33,voicemail,623,2025-02-07 15:32:00
7670,34,connected,670,2025-04-07 12:12:00
7671,18,connected,495,2025-11-21 14:48:00
7672,22,connected,31,2025-02-01 10:38:00
7673,6,connected,371,2025-11-05 18:07:00
7674,10,connected,557,2025-08-27 09:03:00
7675,60,voicemail,542,2025-10-27 12:50:00
7676,17,connected,153,2025-07-28 12:40:00
7677,54,voicemail,451,2025-09-28 13:08:00
7678,13,connected,328,2025-05-24 08:24:00
7679,56,connected,766,2025-04-23 18:09:00
7680,37,connected,102,2025-07-09 08:12:00
7681,24,connected,697,2025-03-23 09:23:00
7682,19,connected,746,2025-05-31 19:36:00
7683,22,connected,570,2025-09-24 13:44:00
7684,58,connected,35,2025-01-04 16:13:00
7685,33,missed,115,2025-10-23 09:26:00
7686,58,connected,30,2025-04-10 09:54:00
7687,26,connected,551,2025-07-06 11:43:00
7688,41,connected,150,2025-12-14 17:43:00
7689,44,voicemail,841,2025-04-19 11:06:00
7690,31,connected,758,2025-12-06 09:36:00
7691,31,connected,327,2025-04-22 18:04:00
7692,7,missed,850,2025-02-18 17:18:00
7693,43,connected,646,2025-11-01 08:42:00
7694,22,connected,778,2025-07-30 16:21:00
7695,33,connected,718,2025-07-30 17:03:00
7696,32,connected,565,2025-11-13 12:49:00
7697,47,connected,677,2025-01-27 09:52:00
7698,6,voicemail,238,2025-08-02 12:42:00
7699,4,connected,269,2025-03-04 11:56:00
7700,7,voicemail,240,2025-04-28 15:12:00
7701,26,connected,604,2025-02-08 16:18:00
7702,17,connected,633,2025-11-24 16:51:00
7703,13,connected,516,2025-07-10 12:41:00
7704,18,connected,138,2025-09-27 10:17:00
7705,49,connected,763,2025-02-02 13:39:00
7706,49,voicemail,713,2025-02-24 14:18:00
7707,58,missed,670,2025-10-15 18:39:00
7708,54,voicemail,305,2025-08-26 14:44:00
7709,50,voicemail,847,2025-06-05 08:07:00
7710,50,missed,618,2025-05-22 09:12:00
7711,16,connected,666,2025-09-07 12:29:00
7712,60,missed,157,2025-03-26 09:55:00
7713,25,connected,494,2025-05-01 15:49:00
7714,27,connected,310,2025-02-14 11:22:00
7715,21,connected,244,2025-11-25 14:16:00
7716,51,connected,31,2025-11-03 09:53:00
7717,25,voicemail,782,2025-11-15 13:56:00
7718,9,voicemail,657,2025-10-17 14:28:00
7719,42,connected,257,2025-03-25 12:41:00
7720,32,connected,641,2025-01-17 10:28:00
7721,37,missed,818,2025-02-20 10:47:00
7722,25,missed,526,2025-11-12 12:56:00
7723,43,connected,866,2025-03-17 08:24:00
7724,26,connected,436,2025-10-18 11:53:00
7725,41,connected,77,2025-08-11 12:17:00
7726,47,missed,797,2025-11-12 17:27:00
7727,60,voicemail,482,2025-11-30 18:52:00
7728,7,connected,61,2025-06-11 14:31:00
7729,51,connected,785,2025-12-04 19:59:00
7730,6,missed,577,2025-03-31 08:01:00
7731,10,connected,889,2025-06-03 16:52:00
7732,6,connected,533,2025-01-19 10:46:00
7733,42,voicemail,236,2025-07-06 11:19:00
7734,15,connected,900,2025-07-24 17:47:00
7735,19,connected,590,2025-08-18 09:41:00
7736,27,voicemail,407,2025-04-05 13:53:00
7737,37,connected,729,2025-06-20 17:36:00
7738,55,connected,740,2025-09-02 18:55:00
7739,51,voicemail,539,2025-12-17 19:23:00
7740,29,voicemail,322,2025-05-18 13:10:00
7741,34,missed,669,2025-10-06 10:20:00
7742,49,missed,813,2025-01-25 11:55:00
7743,14,voicemail,491,2025-11-17 16:02:00
7744,43,missed,184,2025-10-18 15:56:00
7745,13,connected,480,2025-07-05 17:30:00
7746,29,missed,542,2025-03-16 17:32:00
7747,29,connected,611,2025-03-19 11:51:00
7748,43,connected,567,2025-09-04 18:24:00
7749,16,missed,739,2025-10-24 16:17:00
7750,41,connected,230,2025-01-19 15:11:00
7751,33,connected,596,2025-07-10 11:42:00
7752,5,connected,15,2025-04-20 11:44:00
7753,60,connected,697,2025-07-23 11:41:00
7754,32,connected,63,2025-08-25 14:04:00
7755,16,connected,811,2025-11-28 14:59:00
7756,18,connected,788,2025-11-02 10:32:00
7757,34,connected,217,2025-11-18 11:34:00
7758,15,connected,312,2025-01-27 15:38:00
7759,20,missed,128,2025-02-15 10:14:00
7760,27,connected,654,2025-07-10 11:48:00
7761,40,connected,815,2025-04-10 18:20:00
7762,32,voicemail,276,2025-06-13 12:23:00
7763,54,connected,682,2025-10-04 18:29:00
7764,57,connected,522,2025-05-18 15:11:00
7765,2,missed,598,2025-05-14 11:17:00
7766,22,connected,644,2025-04-17 18:23:00
7767,7,connected,565,2025-10-23 15:33:00
7768,58,voicemail,261,2025-08-26 17:22:00
7769,60,connected,709,2025-01-15 16:23:00
7770,18,connected,417,2025-04-19 13:59:00
7771,55,missed,757,2025-09-22 09:39:00
7772,46,connected,16,2025-05-07 17:24:00
7773,28,missed,199,2025-08-21 09:27:00
7774,11,voicemail,580,2025-06-10 13:28:00
7775,35,connected,320,2025-10-01 15:21:00
7776,36,connected,65,2025-06-30 16:41:00
7777,28,connected,702,2025-02-02 15:09:00
7778,27,voicemail,857,2025-12-01 10:32:00
7779,58,missed,277,2025-12-16 14:45:00
7780,6,voicemail,343,2025-06-16 12:14:00
7781,37,voicemail,376,2025-03-03 09:00:00
7782,28,connected,678,2025-07-06 16:34:00
7783,25,missed,464,2025-11-19 11:33:00
7784,57,connected,410,2025-11-21 13:22:00
7785,59,voicemail,805,2025-12-09 17:38:00
7786,52,voicemail,638,2025-12-06 11:13:00
7787,53,missed,642,2025-02-24 18:39:00
7788,55,connected,820,2025-05-07 19:22:00
7789,12,missed,24,2025-05-06 18:01:00
7790,22,connected,435,2025-02-12 18:22:00
7791,10,missed,842,2025-04-17 11:04:00
7792,37,connected,775,2025-05-21 15:18:00
7793,58,voicemail,744,2025-11-15 16:04:00
7794,27,voicemail,326,2025-05-30 14:59:00
7795,12,voicemail,239,2025-05-18 19:51:00
7796,8,missed,354,2025-05-31 14:00:00
7797,16,connected,295,2025-05-10 14:11:00
7798,23,missed,865,2025-10-21 13:48:00
7799,18,connected,528,2025-02-22 08:43:00
7800,39,voicemail,216,2025-05-22 08:21:00
7801,44,connected,77,2025-06-13 18:01:00
7802,38,connected,307,2025-06-06 16:01:00
7803,60,connected,325,2025-05-21 13:29:00
7804,24,connected,352,2025-04-19 18:04:00
7805,23,connected,807,2025-11-25 14:01:00
7806,27,missed,41,2025-08-26 16:12:00
7807,6,connected,865,2025-04-05 18:22:00
7808,13,connected,822,2025-01-02 10:47:00
7809,53,voicemail,599,2025-03-31 13:21:00
7810,10,connected,190,2025-02-05 19:14:00
7811,7,voicemail,609,2025-05-13 15:40:00
7812,22,missed,389,2025-07-06 17:26:00
7813,33,missed,208,2025-05-14 16:36:00
7814,46,missed,554,2025-03-08 16:35:00
7815,30,connected,621,2025-06-21 19:39:00
7816,40,missed,770,2025-01-08 13:49:00
7817,51,voicemail,145,2025-07-20 08:09:00
7818,35,voicemail,366,2025-11-23 10:48:00
7819,33,connected,697,2025-08-19 15:49:00
7820,22,missed,498,2025-07-15 11:41:00
7821,7,voicemail,571,2025-07-09 19:17:00
7822,8,connected,295,2025-08-27 15:39:00
7823,52,missed,343,2025-07-15 09:38:00
7824,57,connected,422,2025-11-02 19:23:00
7825,8,missed,160,2025-07-11 08:54:00
7826,50,connected,534,2025-04-19 11:48:00
7827,26,connected,459,2025-09-27 15:56:00
7828,34,connected,784,2025-05-20 14:16:00
7829,6,missed,390,2025-03-04 18:56:00
7830,50,voicemail,834,2025-09-29 17:10:00
7831,57,connected,21,2025-12-03 08:41:00
7832,25,voicemail,168,2025-11-02 09:38:00
7833,10,connected,306,2025-11-07 13:01:00
7834,29,connected,559,2025-07-15 14:17:00
7835,17,voicemail,620,2025-10-22 16:06:00
7836,55,voicemail,364,2025-06-27 09:40:00
7837,55,connected,266,2025-08-23 12:03:00
7838,10,voicemail,838,2025-02-10 08:56:00
7839,11,connected,240,2025-01-10 12:33:00
7840,14,connected,899,2025-03-28 16:27:00
7841,13,missed,389,2025-05-16 10:06:00
7842,14,voicemail,506,2025-10-13 18:19:00
7843,7,connected,131,2025-11-25 12:19:00
7844,33,voicemail,23,2025-06-30 15:04:00
7845,16,connected,834,2025-10-15 14:33:00
7846,18,voicemail,105,2025-07-04 14:52:00
7847,56,missed,884,2025-03-23 16:17:00
7848,50,voicemail,579,2025-04-23 16:57:00
7849,40,voicemail,725,2025-04-22 08:41:00
7850,46,connected,776,2025-05-09 16:04:00
7851,53,voicemail,839,2025-09-25 13:53:00
7852,34,missed,160,2025-02-27 11:47:00
7853,41,voicemail,851,2025-09-19 18:25:00
7854,30,missed,488,2025-04-23 17:24:00
7855,2,connected,754,2025-01-14 08:41:00
7856,32,connected,601,2025-09-26 17:02:00
7857,14,connected,765,2025-04-17 18:54:00
7858,52,connected,197,2025-07-15 18:48:00
7859,22,missed,812,2025-11-27 18:48:00
7860,30,connected,558,2025-08-13 11:42:00
7861,27,voicemail,260,2025-08-31 17:01:00
7862,58,voicemail,891,2025-10-11 18:03:00
7863,34,connected,297,2025-06-16 08:07:00
7864,56,voicemail,191,2025-03-17 15:12:00
7865,6,connected,104,2025-07-08 10:22:00
7866,33,connected,430,2025-09-30 13:57:00
7867,30,connected,281,2025-01-27 12:46:00
7868,24,connected,611,2025-03-18 16:07:00
7869,19,connected,396,2025-09-22 12:34:00
7870,4,connected,26,2025-11-30 08:57:00
7871,46,missed,359,2025-11-13 09:27:00
7872,33,connected,156,2025-07-11 17:15:00
7873,22,connected,479,2025-05-11 11:28:00
7874,51,connected,865,2025-03-18 16:08:00
7875,12,connected,413,2025-07-02 13:41:00
7876,53,voicemail,552,2025-05-23 08:27:00
7877,13,voicemail,874,2025-12-02 12:47:00
7878,26,connected,258,2025-09-20 12:01:00
7879,32,connected,677,2025-01-12 15:46:00
7880,9,connected,125,2025-12-03 16:55:00
7881,35,missed,551,2025-01-05 09:18:00
7882,21,connected,632,2025-11-14 15:00:00
7883,30,connected,314,2025-11-19 19:53:00
7884,36,connected,314,2025-02-11 12:06:00
7885,5,connected,738,2025-03-02 12:36:00
7886,50,connected,880,2025-07-31 17:55:00
7887,18,connected,702,2025-12-01 15:42:00
7888,3,connected,325,2025-11-03 17:24:00
7889,21,connected,70,2025-05-13 08:54:00
7890,2,voicemail,533,2025-11-30 08:31:00
7891,16,connected,109,2025-07-08 13:41:00
7892,57,connected,305,2025-04-22 10:37:00
7893,51,missed,586,2025-12-16 09:19:00
7894,36,connected,246,2025-10-26 17:01:00
7895,40,voicemail,488,2025-01-02 09:28:00
7896,3,voicemail,196,2025-03-06 19:46:00
7897,33,missed,132,2025-01-20 11:52:00
7898,16,connected,30,2025-03-10 17:07:00
7899,6,missed,888,2025-10-18 12:32:00
7900,36,connected,869,2025-04-07 11:51:00
7901,57,missed,449,2025-06-28 19:31:00
7902,5,missed,634,2025-11-16 18:21:00
7903,60,connected,202,2025-06-22 09:46:00
7904,48,connected,68,2025-01-01 16:34:00
7905,20,connected,521,2025-01-14 13:13:00
7906,44,missed,402,2025-07-05 14:09:00
7907,13,connected,327,2025-12-14 14:28:00
7908,49,connected,239,2025-11-10 16:13:00
7909,29,voicemail,769,2025-09-12 17:21:00
7910,31,connected,350,2025-05-28 15:37:00
7911,13,connected,833,2025-08-23 08:51:00
7912,10,connected,391,2025-10-14 19:09:00
7913,38,connected,145,2025-09-19 12:51:00
7914,26,connected,164,2025-02-03 10:52:00
7915,22,connected,890,2025-10-14 18:32:00
7916,58,missed,383,2025-05-15 19:07:00
7917,8,connected,611,2025-01-02 14:51:00
7918,32,voicemail,504,2025-03-10 16:16:00
7919,5,missed,385,2025-09-29 14:29:00
7920,51,voicemail,541,2025-12-16 14:46:00
7921,14,voicemail,411,2025-03-31 10:13:00
7922,38,connected,674,2025-03-11 15:49:00
7923,12,missed,277,2025-05-10 12:43:00
7924,13,connected,470,2025-09-18 12:16:00
7925,12,connected,355,2025-02-12 08:19:00
7926,44,voicemail,855,2025-08-19 19:51:00
7927,47,voicemail,433,2025-08-27 12:19:00
7928,42,connected,70,2025-02-20 19:53:00
7929,32,voicemail,547,2025-11-13 13:12:00
7930,10,missed,410,2025-08-12 10:22:00
7931,50,voicemail,584,2025-03-30 15:45:00
7932,6,voicemail,311,2025-08-08 12:57:00
7933,17,voicemail,278,2025-03-26 17:35:00
7934,31,missed,257,2025-10-21 13:31:00
7935,34,connected,119,2025-05-27 11:33:00
7936,17,missed,741,2025-06-10 11:56:00
7937,52,missed,781,2025-01-03 10:38:00
7938,43,voicemail,43,2025-11-12 11:01:00
7939,14,connected,41,2025-12-08 17:23:00
7940,27,connected,45,2025-03-22 13:31:00
7941,60,voicemail,132,2025-07-07 12:36:00
7942,31,missed,79,2025-05-13 08:27:00
7943,43,connected,493,2025-08-07 14:14:00
7944,29,connected,494,2025-07-22 14:49:00
7945,50,connected,644,2025-01-09 12:08:00
7946,4,connected,833,2025-03-10 10:41:00
7947,56,voicemail,553,2025-06-26 13:08:00
7948,41,missed,296,2025-04-29 09:24:00
7949,46,voicemail,474,2025-05-27 17:35:00
7950,42,connected,277,2025-06-07 08:07:00
7951,36,connected,548,2025-02-01 09:14:00
7952,2,missed,824,2025-02-05 08:14:00
7953,21,voicemail,284,2025-07-19 17:55:00
7954,48,voicemail,709,2025-11-17 12:46:00
7955,58,connected,423,2025-11-05 09:07:00
7956,58,connected,512,2025-11-30 12:28:00
7957,60,connected,242,2025-08-28 18:13:00
7958,18,connected,827,2025-02-18 08:09:00
7959,53,connected,754,2025-08-28 19:15:00
7960,22,voicemail,263,2025-06-29 10:49:00
7961,44,voicemail,577,2025-09-17 15:04:00
7962,31,connected,794,2025-12-01 08:11:00
7963,52,connected,629,2025-05-18 17:07:00
7964,10,missed,701,2025-01-20 09:43:00
7965,22,missed,544,2025-06-23 17:47:00
7966,12,connected,765,2025-09-26 15:55:00
7967,23,missed,168,2025-04-03 11:55:00
7968,56,connected,370,2025-06-28 09:46:00
7969,21,voicemail,522,2025-03-04 18:21:00
7970,50,connected,17,2025-05-24 14:31:00
7971,23,connected,784,2025-09-21 16:48:00
7972,15,connected,350,2025-05-21 19:34:00
7973,4,connected,799,2025-05-30 09:04:00
7974,8,connected,586,2025-07-25 08:11:00
7975,50,connected,351,2025-09-15 17:22:00
7976,18,connected,293,2025-03-29 18:15:00
7977,20,connected,700,2025-05-31 10:01:00
7978,18,connected,880,2025-09-10 12:54:00
7979,35,missed,535,2025-10-17 08:16:00
7980,55,connected,481,2025-10-26 17:23:00
7981,13,connected,257,2025-06-02 08:24:00
7982,26,connected,298,2025-08-05 13:49:00
7983,56,voicemail,251,2025-03-19 14:46:00
7984,47,connected,560,2025-10-22 10:48:00
7985,11,missed,395,2025-01-19 08:11:00
7986,23,connected,586,2025-10-02 17:16:00
7987,28,missed,46,2025-10-09 13:14:00
7988,31,voicemail,870,2025-09-30 08:37:00
7989,34,connected,134,2025-08-05 17:34:00
7990,25,voicemail,835,2025-05-22 14:50:00
7991,18,connected,335,2025-12-06 17:49:00
7992,13,connected,269,2025-07-06 16:23:00
7993,31,missed,140,2025-02-21 18:09:00
7994,11,connected,20,2025-12-08 09:06:00
7995,37,voicemail,245,2025-03-12 13:28:00
7996,16,voicemail,766,2025-09-06 11:38:00
7997,15,connected,711,2025-04-06 08:04:00
7998,54,connected,501,2025-11-08 18:06:00
7999,60,connected,780,2025-10-22 15:53:00
8000,56,voicemail,28,2025-11-27 11:07:00
8001,1,voicemail,753,2025-06-17 15:07:00
8002,50,connected,621,2025-09-28 16:09:00
8003,2,missed,268,2025-06-10 18:12:00
8004,30,missed,358,2025-12-13 11:04:00
8005,10,connected,472,2025-09-28 19:38:00
8006,17,connected,388,2025-05-06 19:40:00
8007,10,connected,278,2025-02-11 18:16:00
8008,47,missed,769,2025-05-27 08:40:00
8009,30,connected,92,2025-12-11 15:33:00
8010,32,voicemail,43,2025-09-23 08:22:00
8011,59,connected,838,2025-08-30 13:31:00
8012,24,connected,404,2025-12-17 12:38:00
8013,44,voicemail,634,2025-03-10 14:52:00
8014,26,connected,887,2025-10-13 14:41:00
8015,15,connected,507,2025-01-05 18:10:00
8016,7,missed,792,2025-10-14 14:44:00
8017,23,voicemail,358,2025-05-07 11:34:00
8018,11,missed,125,2025-03-01 08:34:00
8019,36,voicemail,308,2025-07-29 10:39:00
8020,58,voicemail,253,2025-05-20 10:05:00
8021,53,connected,607,2025-05-16 11:46:00
8022,21,voicemail,133,2025-05-11 08:39:00
8023,32,connected,495,2025-07-10 19:59:00
8024,50,voicemail,841,2025-09-07 19:44:00
8025,28,voicemail,507,2025-12-02 17:25:00
8026,52,voicemail,75,2025-01-11 17:37:00
8027,40,connected,732,2025-04-15 10:28:00
8028,58,missed,631,2025-08-06 11:05:00
8029,30,connected,516,2025-11-21 15:08:00
8030,51,voicemail,699,2025-05-04 17:46:00
8031,55,connected,315,2025-08-08 09:27:00
8032,12,connected,377,2025-01-19 17:07:00
8033,22,connected,334,2025-08-27 11:01:00
8034,23,connected,410,2025-11-07 08:56:00
8035,24,connected,42,2025-01-14 11:21:00
8036,6,missed,223,2025-09-22 16:45:00
8037,26,connected,795,2025-01-22 08:01:00
8038,36,voicemail,584,2025-02-25 10:10:00
8039,42,connected,263,2025-03-14 10:52:00
8040,59,voicemail,698,2025-10-12 08:00:00
8041,26,connected,322,2025-06-11 10:17:00
8042,21,connected,478,2025-09-29 10:55:00
8043,16,connected,794,2025-10-16 10:18:00
8044,11,voicemail,676,2025-12-06 19:11:00
8045,28,connected,257,2025-02-21 11:25:00
8046,50,connected,214,2025-07-30 16:49:00
8047,54,connected,339,2025-10-27 10:18:00
8048,40,connected,345,2025-12-01 12:46:00
8049,50,connected,223,2025-02-04 15:05:00
8050,23,connected,888,2025-05-04 15:38:00
8051,22,voicemail,320,2025-04-28 19:21:00
8052,42,voicemail,144,2025-07-06 16:40:00
8053,7,voicemail,779,2025-06-14 09:49:00
8054,21,connected,261,2025-06-09 14:57:00
8055,24,connected,257,2025-04-08 11:25:00
8056,25,connected,16,2025-06-23 11:20:00
8057,55,connected,160,2025-05-20 16:00:00
8058,23,connected,255,2025-11-19 17:45:00
8059,7,missed,152,2025-04-16 10:23:00
8060,41,connected,729,2025-06-21 08:03:00
8061,7,connected,713,2025-01-31 13:19:00
8062,31,missed,453,2025-10-13 12:55:00
8063,15,connected,796,2025-08-25 10:43:00
8064,26,connected,832,2025-03-10 17:42:00
8065,36,missed,114,2025-07-29 16:47:00
8066,33,missed,531,2025-11-11 19:56:00
8067,26,connected,629,2025-04-12 09:09:00
8068,52,connected,299,2025-05-15 19:12:00
8069,7,connected,839,2025-11-24 08:08:00
8070,41,connected,650,2025-02-07 17:06:00
8071,46,voicemail,737,2025-05-25 10:05:00
8072,17,missed,120,2025-02-17 08:45:00
8073,6,connected,818,2025-11-05 13:18:00
8074,4,missed,806,2025-03-26 12:50:00
8075,35,connected,192,2025-02-01 08:19:00
8076,55,missed,580,2025-12-19 19:27:00
8077,13,voicemail,35,2025-04-17 18:03:00
8078,46,connected,238,2025-04-06 17:29:00
8079,56,connected,209,2025-01-29 12:36:00
8080,22,connected,131,2025-04-09 08:07:00
8081,16,connected,102,2025-08-06 18:22:00
8082,58,missed,779,2025-01-21 14:19:00
8083,29,connected,706,2025-07-01 14:06:00
8084,13,missed,88,2025-11-09 09:03:00
8085,31,voicemail,662,2025-07-22 12:29:00
8086,15,connected,260,2025-05-30 14:06:00
8087,52,connected,51,2025-12-13 14:06:00
8088,18,voicemail,339,2025-09-30 12:27:00
8089,50,missed,540,2025-01-17 09:59:00
8090,5,connected,867,2025-09-16 13:00:00
8091,14,missed,39,2025-03-08 15:31:00
8092,48,connected,771,2025-04-02 09:21:00
8093,28,connected,249,2025-10-07 18:15:00
8094,8,connected,468,2025-11-28 14:33:00
8095,46,voicemail,247,2025-05-24 16:34:00
8096,15,connected,446,2025-05-30 18:55:00
8097,14,connected,551,2025-12-17 16:18:00
8098,20,missed,712,2025-06-20 08:44:00
8099,11,voicemail,590,2025-07-07 12:14:00
8100,8,voicemail,593,2025-03-19 13:17:00
8101,15,connected,887,2025-03-03 19:02:00
8102,16,connected,622,2025-07-11 12:28:00
8103,12,missed,604,2025-11-23 08:00:00
8104,49,missed,204,2025-07-12 16:43:00
8105,11,connected,309,2025-06-16 12:11:00
8106,57,connected,798,2025-04-16 09:41:00
8107,6,connected,509,2025-04-17 11:17:00
8108,9,missed,460,2025-03-03 19:59:00
8109,38,missed,503,2025-08-22 08:55:00
8110,49,voicemail,584,2025-11-05 18:17:00
8111,24,missed,158,2025-03-26 08:21:00
8112,37,voicemail,555,2025-09-03 18:34:00
8113,18,voicemail,390,2025-12-10 13:19:00
8114,11,voicemail,18,2025-09-01 13:33:00
8115,8,missed,752,2025-07-30 18:53:00
8116,52,connected,92,2025-01-05 18:33:00
8117,52,connected,550,2025-04-27 09:22:00
8118,37,connected,457,2025-06-16 15:51:00
8119,28,missed,544,2025-12-07 15:49:00
8120,53,connected,490,2025-10-19 14:02:00
8121,22,connected,153,2025-11-06 18:28:00
8122,37,missed,527,2025-09-11 16:09:00
8123,17,connected,584,2025-08-08 18:22:00
8124,45,connected,88,2025-11-07 08:39:00
8125,36,missed,411,2025-06-19 13:52:00
8126,31,connected,133,2025-07-18 15:34:00
8127,9,voicemail,190,2025-11-03 14:32:00
8128,35,connected,99,2025-11-12 13:22:00
8129,41,voicemail,355,2025-02-21 15:42:00
8130,49,connected,676,2025-10-13 17:07:00
8131,50,missed,796,2025-08-28 11:07:00
8132,17,connected,353,2025-01-14 11:22:00
8133,20,connected,496,2025-09-23 08:11:00
8134,28,missed,610,2025-09-21 19:41:00
8135,12,missed,32,2025-01-29 13:35:00
8136,11,voicemail,368,2025-01-26 15:18:00
8137,57,missed,555,2025-05-26 09:18:00
8138,60,missed,693,2025-07-31 13:43:00
8139,41,missed,772,2025-01-24 09:45:00
8140,20,voicemail,789,2025-02-06 16:03:00
8141,53,connected,481,2025-05-11 10:04:00
8142,7,connected,166,2025-10-10 16:45:00
8143,49,connected,858,2025-10-01 13:39:00
8144,30,voicemail,870,2025-11-14 18:55:00
8145,4,connected,368,2025-04-10 09:04:00
8146,27,voicemail,447,2025-11-03 08:31:00
8147,52,voicemail,857,2025-09-11 19:19:00
8148,49,connected,706,2025-01-15 08:23:00
8149,46,voicemail,770,2025-11-06 11:11:00
8150,60,voicemail,534,2025-07-05 18:23:00
8151,34,connected,158,2025-01-14 14:51:00
8152,29,connected,440,2025-03-14 14:35:00
8153,9,voicemail,849,2025-06-02 12:51:00
8154,30,connected,203,2025-05-18 13:39:00
8155,29,voicemail,271,2025-08-02 14:41:00
8156,21,missed,75,2025-09-28 11:48:00
8157,22,connected,89,2025-03-14 10:03:00
8158,19,connected,328,2025-01-07 12:15:00
8159,31,connected,880,2025-02-27 11:05:00
8160,51,connected,107,2025-06-13 10:03:00
8161,54,connected,576,2025-05-14 08:25:00
8162,13,connected,87,2025-08-18 13:32:00
8163,27,missed,328,2025-11-02 13:05:00
8164,16,voicemail,136,2025-03-24 09:15:00
8165,53,connected,714,2025-08-21 11:18:00
8166,36,connected,538,2025-12-05 14:47:00
8167,16,connected,123,2025-09-02 10:56:00
8168,28,voicemail,513,2025-09-12 08:28:00
8169,39,connected,806,2025-05-18 10:57:00
8170,34,connected,562,2025-04-02 11:05:00
8171,20,voicemail,560,2025-05-21 10:43:00
8172,59,missed,833,2025-12-16 08:17:00
8173,55,connected,857,2025-01-10 16:00:00
8174,43,voicemail,625,2025-09-09 16:00:00
8175,44,voicemail,373,2025-01-08 17:23:00
8176,15,voicemail,597,2025-05-10 13:44:00
8177,31,missed,88,2025-07-17 11:38:00
8178,28,connected,111,2025-01-27 11:08:00
8179,6,connected,27,2025-01-15 19:54:00
8180,15,connected,151,2025-03-29 15:44:00
8181,8,voicemail,322,2025-03-17 14:50:00
8182,15,voicemail,555,2025-10-30 12:05:00
8183,36,voicemail,461,2025-05-31 17:54:00
8184,15,connected,561,2025-06-11 18:23:00
8185,1,connected,552,2025-02-22 17:29:00
8186,29,connected,716,2025-04-22 14:55:00
8187,59,connected,404,2025-09-21 14:51:00
8188,47,connected,469,2025-11-04 18:02:00
8189,12,missed,493,2025-08-31 13:47:00
8190,37,missed,35,2025-02-09 15:44:00
8191,11,voicemail,234,2025-05-12 13:06:00
8192,49,connected,20,2025-08-01 09:01:00
8193,16,connected,355,2025-12-14 14:23:00
8194,34,voicemail,743,2025-08-09 13:37:00
8195,60,connected,727,2025-05-21 11:59:00
8196,36,voicemail,364,2025-11-27 10:47:00
8197,12,voicemail,449,2025-02-24 14:51:00
8198,18,missed,887,2025-07-04 08:29:00
8199,6,voicemail,898,2025-11-04 08:26:00
8200,18,connected,70,2025-06-21 08:58:00
8201,10,connected,612,2025-05-23 13:42:00
8202,55,connected,40,2025-07-15 13:04:00
8203,5,voicemail,481,2025-11-19 10:20:00
8204,43,voicemail,542,2025-10-31 15:51:00
8205,31,connected,186,2025-07-17 14:42:00
8206,60,connected,89,2025-09-20 12:44:00
8207,45,missed,802,2025-01-02 08:02:00
8208,12,missed,861,2025-04-30 14:30:00
8209,14,connected,102,2025-08-11 15:04:00
8210,15,connected,360,2025-07-18 17:59:00
8211,48,connected,278,2025-04-02 17:38:00
8212,32,connected,97,2025-10-29 10:19:00
8213,26,voicemail,183,2025-02-05 19:57:00
8214,22,voicemail,733,2025-06-27 14:38:00
8215,12,connected,836,2025-05-07 11:53:00
8216,8,missed,887,2025-05-18 13:24:00
8217,3,connected,764,2025-04-09 16:13:00
8218,31,connected,121,2025-04-15 16:16:00
8219,42,connected,37,2025-12-11 14:04:00
8220,44,voicemail,297,2025-06-18 16:23:00
8221,20,connected,892,2025-09-20 11:37:00
8222,3,voicemail,180,2025-01-16 19:52:00
8223,4,missed,634,2025-09-16 09:16:00
8224,4,connected,427,2025-10-31 14:17:00
8225,12,voicemail,88,2025-06-06 16:10:00
8226,55,connected,317,2025-09-01 19:59:00
8227,14,missed,747,2025-01-22 09:19:00
8228,41,connected,526,2025-02-12 18:06:00
8229,49,connected,615,2025-07-07 17:49:00
8230,51,voicemail,485,2025-07-24 10:58:00
8231,14,missed,99,2025-08-11 19:04:00
8232,30,connected,520,2025-07-25 08:57:00
8233,11,voicemail,704,2025-08-17 12:41:00
8234,50,connected,552,2025-02-01 18:50:00
8235,25,connected,473,2025-02-06 10:17:00
8236,51,voicemail,820,2025-08-19 19:53:00
8237,36,connected,695,2025-11-12 14:22:00
8238,16,missed,98,2025-05-21 17:53:00
8239,42,connected,50,2025-03-30 08:05:00
8240,47,connected,607,2025-03-13 16:37:00
8241,41,connected,330,2025-06-29 16:55:00
8242,8,connected,503,2025-08-24 19:14:00
8243,5,connected,600,2025-12-08 11:18:00
8244,3,connected,110,2025-05-10 09:30:00
8245,17,voicemail,686,2025-07-09 14:51:00
8246,4,voicemail,829,2025-03-16 15:54:00
8247,5,connected,168,2025-06-08 08:46:00
8248,55,connected,222,2025-11-13 09:59:00
8249,29,missed,582,2025-12-12 14:16:00
8250,36,missed,113,2025-11-04 12:15:00
8251,39,connected,659,2025-08-11 18:40:00
8252,3,missed,875,2025-01-02 16:24:00
8253,29,connected,35,2025-10-02 08:04:00
8254,51,connected,210,2025-05-05 12:49:00
8255,40,connected,507,2025-01-08 13:05:00
8256,4,voicemail,97,2025-10-14 17:51:00
8257,42,missed,637,2025-04-19 08:07:00
8258,43,connected,38,2025-06-26 13:51:00
8259,26,connected,694,2025-03-28 13:37:00
8260,24,voicemail,350,2025-02-21 11:38:00
8261,60,missed,372,2025-10-05 12:58:00
8262,29,voicemail,24,2025-08-03 17:17:00
8263,6,connected,243,2025-06-22 09:36:00
8264,24,connected,364,2025-10-20 15:49:00
8265,45,connected,199,2025-10-26 18:10:00
8266,18,voicemail,258,2025-10-08 17:56:00
8267,57,connected,786,2025-12-18 18:16:00
8268,58,voicemail,774,2025-04-06 16:30:00
8269,9,connected,85,2025-09-09 19:07:00
8270,48,connected,875,2025-06-03 08:51:00
8271,2,voicemail,725,2025-09-13 11:07:00
8272,41,connected,388,2025-01-13 10:24:00
8273,31,connected,453,2025-09-08 11:36:00
8274,58,connected,89,2025-03-01 08:18:00
8275,44,connected,891,2025-05-07 09:02:00
8276,46,missed,532,2025-07-23 14:44:00
8277,17,voicemail,197,2025-09-13 11:05:00
8278,31,connected,709,2025-07-16 09:16:00
8279,29,connected,147,2025-11-21 12:55:00
8280,17,connected,349,2025-10-05 14:17:00
8281,9,connected,217,2025-07-24 17:42:00
8282,28,connected,377,2025-11-10 17:06:00
8283,23,voicemail,404,2025-02-28 09:15:00
8284,7,voicemail,806,2025-05-29 17:28:00
8285,45,missed,600,2025-02-07 13:21:00
8286,59,connected,199,2025-02-27 11:59:00
8287,2,voicemail,840,2025-03-01 18:13:00
8288,32,missed,890,2025-02-28 17:51:00
8289,13,missed,421,2025-03-17 14:23:00
8290,59,voicemail,530,2025-03-10 13:15:00
8291,1,missed,317,2025-08-16 19:47:00
8292,20,connected,295,2025-01-24 19:12:00
8293,26,voicemail,844,2025-08-05 12:46:00
8294,59,voicemail,180,2025-08-08 12:40:00
8295,28,connected,785,2025-07-24 19:17:00
8296,41,connected,603,2025-07-01 17:29:00
8297,5,voicemail,270,2025-09-17 09:38:00
8298,17,missed,804,2025-08-13 10:15:00
8299,53,connected,762,2025-06-20 12:33:00
8300,34,connected,112,2025-01-24 17:43:00
8301,43,connected,326,2025-07-26 10:36:00
8302,5,connected,413,2025-09-29 16:24:00
8303,10,missed,868,2025-02-27 10:19:00
8304,15,connected,549,2025-10-19 09:22:00
8305,39,connected,207,2025-12-10 10:17:00
8306,59,voicemail,671,2025-10-14 11:43:00
8307,8,connected,620,2025-11-09 12:59:00
8308,12,missed,574,2025-10-21 17:18:00
8309,23,missed,616,2025-09-11 17:32:00
8310,49,connected,800,2025-08-15 14:01:00
8311,32,connected,853,2025-02-25 19:01:00
8312,52,missed,893,2025-11-02 13:08:00
8313,50,missed,81,2025-10-10 19:48:00
8314,13,missed,640,2025-03-07 08:36:00
8315,46,connected,466,2025-08-26 19:40:00
8316,14,connected,633,2025-10-10 13:59:00
8317,34,voicemail,837,2025-04-08 12:15:00
8318,21,connected,519,2025-10-14 18:44:00
8319,12,connected,108,2025-09-05 11:19:00
8320,23,voicemail,861,2025-01-26 16:15:00
8321,10,connected,504,2025-07-17 14:16:00
8322,22,connected,505,2025-07-29 17:55:00
8323,20,connected,467,2025-07-23 14:29:00
8324,53,voicemail,775,2025-09-19 19:15:00
8325,18,connected,559,2025-01-18 10:48:00
8326,45,missed,639,2025-11-10 18:51:00
8327,59,connected,884,2025-08-28 12:40:00
8328,28,connected,170,2025-09-24 15:13:00
8329,44,voicemail,306,2025-07-04 15:05:00
8330,20,connected,360,2025-12-06 11:40:00
8331,20,connected,63,2025-12-06 17:36:00
8332,36,connected,440,2025-12-18 18:46:00
8333,48,connected,636,2025-05-13 18:42:00
8334,1,voicemail,495,2025-08-21 08:44:00
8335,50,voicemail,293,2025-08-16 11:17:00
8336,33,connected,55,2025-08-15 08:47:00
8337,12,missed,68,2025-10-17 17:26:00
8338,21,voicemail,308,2025-06-23 10:46:00
8339,5,connected,540,2025-12-16 13:05:00
8340,57,connected,518,2025-08-10 15:09:00
8341,1,voicemail,649,2025-09-25 09:41:00
8342,58,connected,434,2025-09-17 09:27:00
8343,20,voicemail,627,2025-07-11 18:14:00
8344,57,connected,758,2025-11-06 10:04:00
8345,26,connected,627,2025-02-13 17:21:00
8346,34,voicemail,180,2025-09-22 12:08:00
8347,45,connected,831,2025-12-07 16:47:00
8348,5,connected,71,2025-01-18 08:48:00
8349,2,missed,261,2025-09-02 15:55:00
8350,6,connected,498,2025-05-26 14:38:00
8351,54,voicemail,462,2025-01-24 10:25:00
8352,57,connected,250,2025-05-21 10:52:00
8353,30,voicemail,549,2025-10-06 13:22:00
8354,31,voicemail,615,2025-05-11 10:52:00
8355,25,connected,484,2025-03-15 19:28:00
8356,14,voicemail,221,2025-01-10 14:02:00
8357,16,connected,53,2025-02-22 16:49:00
8358,29,connected,93,2025-07-10 15:14:00
8359,53,voicemail,151,2025-10-23 18:02:00
8360,49,missed,88,2025-06-10 18:31:00
8361,42,connected,579,2025-08-28 16:58:00
8362,57,connected,276,2025-08-22 12:56:00
8363,46,connected,543,2025-04-01 09:04:00
8364,18,voicemail,712,2025-01-29 15:15:00
8365,7,connected,720,2025-11-15 18:37:00
8366,47,connected,440,2025-08-15 19:33:00
8367,15,connected,844,2025-03-31 15:01:00
8368,18,voicemail,460,2025-06-26 17:58:00
8369,36,missed,232,2025-08-18 12:33:00
8370,58,connected,488,2025-07-22 19:54:00
8371,51,connected,69,2025-03-09 11:01:00
8372,49,connected,641,2025-09-24 11:35:00
8373,58,connected,382,2025-10-11 14:31:00
8374,28,connected,846,2025-09-21 08:12:00
8375,17,missed,194,2025-08-16 11:15:00
8376,6,connected,576,2025-03-11 08:32:00
8377,57,connected,590,2025-02-11 16:50:00
8378,30,connected,297,2025-02-01 12:33:00
8379,41,missed,490,2025-01-21 15:12:00
8380,49,missed,246,2025-09-14 12:22:00
8381,13,connected,242,2025-07-20 13:37:00
8382,26,voicemail,738,2025-10-10 14:42:00
8383,33,connected,873,2025-12-14 17:00:00
8384,23,connected,423,2025-01-23 16:26:00
8385,27,connected,434,2025-09-07 12:01:00
8386,26,connected,595,2025-01-04 11:01:00
8387,16,connected,803,2025-08-28 08:47:00
8388,2,voicemail,459,2025-11-19 18:14:00
8389,40,connected,295,2025-03-12 16:44:00
8390,18,connected,117,2025-01-29 11:41:00
8391,16,connected,692,2025-09-24 15:17:00
8392,11,missed,289,2025-10-10 10:50:00
8393,34,connected,657,2025-06-16 15:56:00
8394,24,connected,858,2025-08-08 13:34:00
8395,34,connected,723,2025-05-10 09:34:00
8396,6,connected,281,2025-07-18 14:15:00
8397,25,voicemail,380,2025-09-20 10:16:00
8398,21,voicemail,361,2025-08-19 09:28:00
8399,3,voicemail,605,2025-07-12 13:09:00
8400,50,connected,102,2025-11-30 14:22:00
8401,23,connected,200,2025-05-06 18:42:00
8402,26,connected,450,2025-08-12 19:50:00
8403,58,connected,609,2025-06-19 18:58:00
8404,30,connected,890,2025-08-09 19:47:00
8405,9,connected,260,2025-07-21 13:00:00
8406,21,connected,606,2025-09-02 09:47:00
8407,48,connected,514,2025-09-01 14:26:00
8408,41,connected,575,2025-04-20 11:12:00
8409,9,voicemail,710,2025-04-17 18:32:00
8410,16,connected,513,2025-07-02 19:45:00
8411,14,connected,597,2025-08-29 09:52:00
8412,33,connected,885,2025-12-15 08:47:00
8413,26,connected,320,2025-01-02 08:38:00
8414,28,missed,195,2025-11-18 11:41:00
8415,46,connected,95,2025-02-01 11:18:00
8416,35,connected,765,2025-03-29 13:05:00
8417,9,missed,674,2025-10-02 15:35:00
8418,50,missed,535,2025-04-09 19:04:00
8419,42,missed,503,2025-10-22 09:19:00
8420,52,connected,502,2025-07-24 08:38:00
8421,1,connected,814,2025-04-11 18:22:00
8422,52,voicemail,479,2025-03-27 08:38:00
8423,26,connected,490,2025-06-19 15:09:00
8424,32,connected,739,2025-05-03 11:10:00
8425,38,voicemail,893,2025-09-01 17:48:00
8426,7,missed,264,2025-02-26 09:33:00
8427,50,connected,405,2025-10-03 13:45:00
8428,36,missed,805,2025-11-06 10:54:00
8429,29,missed,586,2025-09-18 09:26:00
8430,56,connected,495,2025-06-04 14:27:00
8431,8,connected,889,2025-05-12 19:03:00
8432,6,connected,204,2025-05-03 13:59:00
8433,35,connected,437,2025-09-13 15:06:00
8434,20,connected,473,2025-03-08 13:19:00
8435,7,voicemail,852,2025-01-26 17:28:00
8436,21,connected,746,2025-07-29 12:09:00
8437,2,connected,125,2025-07-29 10:17:00
8438,40,connected,326,2025-05-19 16:50:00
8439,21,connected,747,2025-05-16 19:36:00
8440,36,voicemail,32,2025-11-19 17:31:00
8441,33,voicemail,535,2025-05-12 11:33:00
8442,37,voicemail,721,2025-04-11 12:10:00
8443,43,voicemail,84,2025-12-02 09:08:00
8444,42,voicemail,177,2025-04-07 17:57:00
8445,46,connected,170,2025-04-21 16:33:00
8446,30,connected,762,2025-08-17 15:12:00
8447,8,connected,28,2025-04-26 11:22:00
8448,31,connected,607,2025-05-13 19:21:00
8449,57,missed,680,2025-01-14 11:55:00
8450,38,connected,537,2025-08-14 14:14:00
8451,1,missed,488,2025-05-15 12:06:00
8452,39,connected,551,2025-09-15 14:25:00
8453,16,missed,555,2025-02-21 11:25:00
8454,31,connected,221,2025-05-30 11:42:00
8455,52,connected,314,2025-12-15 17:17:00
8456,25,voicemail,57,2025-08-25 10:51:00
8457,56,connected,584,2025-12-04 08:40:00
8458,27,connected,587,2025-08-29 08:12:00
8459,35,connected,748,2025-04-17 11:49:00
8460,48,connected,46,2025-01-07 11:20:00
8461,48,connected,751,2025-07-01 09:24:00
8462,29,connected,23,2025-04-05 14:36:00
8463,8,connected,120,2025-03-17 16:39:00
8464,34,connected,162,2025-01-10 14:13:00
8465,5,connected,828,2025-01-08 11:51:00
8466,33,connected,713,2025-10-13 14:10:00
8467,39,voicemail,401,2025-11-25 18:26:00
8468,11,connected,135,2025-11-07 17:06:00
8469,41,connected,445,2025-03-26 15:22:00
8470,24,connected,569,2025-06-26 11:30:00
8471,42,voicemail,344,2025-04-17 15:38:00
8472,49,connected,703,2025-11-13 19:15:00
8473,20,connected,652,2025-07-23 11:39:00
8474,7,voicemail,364,2025-10-10 10:07:00
8475,58,missed,594,2025-05-11 13:38:00
8476,37,connected,617,2025-04-12 11:35:00
8477,14,connected,265,2025-12-13 16:23:00
8478,48,connected,173,2025-05-14 16:36:00
8479,54,voicemail,272,2025-07-11 10:07:00
8480,8,voicemail,783,2025-05-19 16:22:00
8481,25,voicemail,537,2025-03-03 08:52:00
8482,19,voicemail,820,2025-10-14 16:37:00
8483,42,connected,55,2025-01-06 09:33:00
8484,49,connected,889,2025-02-11 12:02:00
8485,30,missed,154,2025-11-28 17:17:00
8486,36,missed,224,2025-10-01 09:33:00
8487,5,connected,881,2025-01-03 15:42:00
8488,2,voicemail,842,2025-07-04 15:15:00
8489,32,connected,221,2025-09-03 17:48:00
8490,42,missed,116,2025-09-15 12:55:00
8491,3,voicemail,88,2025-10-31 17:33:00
8492,19,voicemail,814,2025-05-06 19:11:00
8493,12,connected,388,2025-01-15 12:18:00
8494,3,missed,270,2025-10-05 15:51:00
8495,11,voicemail,462,2025-09-06 19:15:00
8496,7,voicemail,79,2025-02-19 11:26:00
8497,52,connected,816,2025-07-21 19:47:00
8498,16,connected,628,2025-01-12 09:51:00
8499,14,voicemail,248,2025-04-27 19:18:00
8500,47,connected,87,2025-07-22 16:47:00
8501,19,connected,184,2025-08-15 12:02:00
8502,25,missed,165,2025-12-17 17:42:00
8503,14,connected,615,2025-08-17 13:43:00
8504,19,missed,512,2025-01-27 18:55:00
8505,32,voicemail,189,2025-09-04 08:32:00
8506,53,connected,326,2025-03-09 09:33:00
8507,41,missed,298,2025-10-13 14:37:00
8508,21,missed,289,2025-10-08 15:07:00
8509,14,voicemail,446,2025-07-26 12:52:00
8510,41,connected,131,2025-04-08 10:33:00
8511,5,connected,702,2025-02-11 09:57:00
8512,1,connected,780,2025-06-12 09:21:00
8513,27,connected,586,2025-04-04 19:13:00
8514,5,connected,297,2025-03-06 10:39:00
8515,44,voicemail,408,2025-11-22 12:55:00
8516,31,voicemail,439,2025-07-16 13:52:00
8517,4,connected,830,2025-05-06 16:21:00
8518,2,voicemail,208,2025-08-19 08:39:00
8519,24,voicemail,763,2025-06-24 15:28:00
8520,41,connected,658,2025-02-28 18:57:00
8521,45,voicemail,113,2025-08-10 15:04:00
8522,21,voicemail,831,2025-11-08 10:03:00
8523,19,connected,316,2025-07-14 14:08:00
8524,31,connected,706,2025-05-15 17:31:00
8525,57,connected,430,2025-06-05 17:36:00
8526,51,connected,458,2025-04-29 12:38:00
8527,4,voicemail,336,2025-07-02 10:00:00
8528,30,voicemail,583,2025-03-30 18:26:00
8529,13,voicemail,84,2025-02-24 11:17:00
8530,13,missed,589,2025-04-24 09:12:00
8531,10,voicemail,455,2025-01-06 08:30:00
8532,25,connected,45,2025-03-17 14:19:00
8533,55,connected,431,2025-01-15 16:19:00
8534,1,voicemail,475,2025-07-27 10:10:00
8535,23,connected,266,2025-12-14 18:04:00
8536,9,connected,203,2025-02-25 14:49:00
8537,52,connected,516,2025-06-06 10:20:00
8538,5,connected,711,2025-07-24 17:52:00
8539,27,connected,101,2025-05-14 14:59:00
8540,21,connected,260,2025-04-18 12:27:00
8541,39,voicemail,747,2025-11-06 16:00:00
8542,21,connected,541,2025-09-06 09:59:00
8543,36,connected,98,2025-09-13 15:29:00
8544,3,connected,212,2025-11-06 10:39:00
8545,47,connected,211,2025-03-18 10:51:00
8546,14,connected,309,2025-06-28 10:47:00
8547,15,voicemail,321,2025-06-14 12:44:00
8548,16,connected,549,2025-04-04 19:25:00
8549,16,connected,116,2025-03-12 14:35:00
8550,49,missed,406,2025-03-21 16:33:00
8551,48,connected,17,2025-03-31 16:26:00
8552,59,missed,389,2025-12-07 08:46:00
8553,11,voicemail,239,2025-02-04 14:03:00
8554,33,missed,61,2025-01-22 16:56:00
8555,15,connected,736,2025-11-22 15:17:00
8556,41,connected,511,2025-12-13 12:18:00
8557,34,voicemail,568,2025-10-31 09:24:00
8558,48,voicemail,256,2025-10-14 18:19:00
8559,33,connected,441,2025-05-30 10:47:00
8560,24,connected,142,2025-01-11 16:20:00
8561,52,connected,504,2025-07-05 14:06:00
8562,2,missed,548,2025-10-11 16:15:00
8563,17,voicemail,634,2025-08-08 08:24:00
8564,57,connected,272,2025-11-06 13:42:00
8565,25,missed,342,2025-04-13 10:20:00
8566,59,connected,339,2025-04-04 17:35:00
8567,48,connected,113,2025-04-06 19:03:00
8568,60,voicemail,451,2025-06-12 10:21:00
8569,3,connected,57,2025-08-08 11:40:00
8570,25,connected,339,2025-01-27 09:56:00
8571,48,connected,674,2025-07-15 11:30:00
8572,13,missed,230,2025-12-06 12:11:00
8573,54,connected,33,2025-11-08 08:44:00
8574,17,connected,424,2025-09-10 17:41:00
8575,17,voicemail,175,2025-06-11 14:32:00
8576,2,voicemail,490,2025-10-06 11:02:00
8577,60,connected,657,2025-10-20 13:10:00
8578,14,connected,826,2025-04-23 09:16:00
8579,22,voicemail,102,2025-05-19 13:11:00
8580,12,connected,345,2025-06-27 09:54:00
8581,38,connected,337,2025-12-01 15:31:00
8582,28,connected,756,2025-02-11 16:03:00
8583,50,connected,668,2025-05-21 09:49:00
8584,1,voicemail,23,2025-01-10 14:55:00
8585,9,voicemail,576,2025-03-05 10:13:00
8586,50,connected,223,2025-07-08 14:15:00
8587,47,connected,602,2025-10-06 11:05:00
8588,42,voicemail,843,2025-05-18 17:03:00
8589,20,voicemail,362,2025-05-23 10:26:00
8590,25,missed,390,2025-07-19 15:03:00
8591,43,missed,826,2025-03-19 14:56:00
8592,43,connected,333,2025-11-05 16:43:00
8593,1,connected,284,2025-05-12 09:09:00
8594,32,connected,390,2025-04-24 08:45:00
8595,50,missed,733,2025-07-05 11:23:00
8596,14,connected,881,2025-11-28 15:56:00
8597,53,connected,415,2025-08-01 10:09:00
8598,34,connected,716,2025-09-20 17:24:00
8599,42,connected,251,2025-01-30 13:52:00
8600,31,voicemail,406,2025-11-03 14:38:00
8601,48,connected,347,2025-11-10 14:38:00
8602,51,missed,721,2025-07-03 18:06:00
8603,51,voicemail,491,2025-04-28 13:38:00
8604,20,connected,410,2025-04-28 15:29:00
8605,51,connected,247,2025-10-15 15:04:00
8606,43,connected,739,2025-07-06 15:12:00
8607,15,voicemail,67,2025-01-29 14:08:00
8608,56,missed,160,2025-09-02 18:29:00
8609,6,voicemail,348,2025-02-02 18:25:00
8610,38,missed,512,2025-05-22 19:46:00
8611,5,connected,244,2025-03-28 14:21:00
8612,4,voicemail,263,2025-08-29 09:43:00
8613,17,connected,634,2025-01-15 08:00:00
8614,28,connected,181,2025-09-16 14:09:00
8615,3,voicemail,755,2025-04-01 10:14:00
8616,2,connected,556,2025-10-26 14:07:00
8617,11,connected,366,2025-01-09 16:13:00
8618,4,voicemail,352,2025-07-16 14:42:00
8619,55,connected,883,2025-05-02 13:12:00
8620,59,connected,389,2025-07-15 19:12:00
8621,3,missed,695,2025-11-27 12:04:00
8622,45,connected,337,2025-10-03 15:08:00
8623,15,connected,18,2025-08-09 11:01:00
8624,47,connected,76,2025-07-16 17:47:00
8625,59,voicemail,591,2025-11-03 19:28:00
8626,22,connected,332,2025-06-13 19:42:00
8627,49,missed,30,2025-11-16 12:31:00
8628,25,connected,619,2025-11-22 08:22:00
8629,45,connected,609,2025-08-11 13:57:00
8630,12,connected,623,2025-07-21 08:17:00
8631,13,connected,44,2025-05-21 15:22:00
8632,29,missed,413,2025-08-30 09:15:00
8633,1,connected,431,2025-04-26 18:00:00
8634,7,connected,465,2025-10-31 15:12:00
8635,6,voicemail,162,2025-09-30 10:17:00
8636,32,voicemail,78,2025-10-03 14:36:00
8637,44,missed,645,2025-03-16 08:45:00
8638,22,connected,222,2025-07-11 16:04:00
8639,11,voicemail,727,2025-10-15 16:11:00
8640,38,connected,567,2025-05-19 08:56:00
8641,1,missed,113,2025-04-05 19:10:00
8642,26,connected,330,2025-01-17 10:20:00
8643,41,missed,729,2025-11-19 16:22:00
8644,55,missed,336,2025-12-17 16:50:00
8645,3,connected,414,2025-02-06 12:19:00
8646,32,missed,614,2025-04-21 16:16:00
8647,31,voicemail,496,2025-01-16 18:18:00
8648,34,voicemail,383,2025-07-30 11:57:00
8649,7,voicemail,580,2025-03-31 18:23:00
8650,24,connected,861,2025-03-29 17:48:00
8651,13,connected,368,2025-07-15 12:32:00
8652,42,missed,20,2025-12-07 09:40:00
8653,45,connected,101,2025-01-29 15:43:00
8654,17,connected,516,2025-12-02 08:18:00
8655,6,voicemail,765,2025-09-27 15:34:00
8656,55,missed,822,2025-07-15 08:29:00
8657,33,connected,406,2025-02-03 13:37:00
8658,30,connected,557,2025-04-28 09:19:00
8659,43,connected,688,2025-05-03 19:38:00
8660,29,missed,745,2025-04-13 11:22:00
8661,60,connected,389,2025-02-11 10:16:00
8662,6,voicemail,471,2025-06-28 17:10:00
8663,41,connected,738,2025-06-18 13:13:00
8664,60,missed,857,2025-01-13 10:10:00
8665,28,connected,671,2025-07-14 16:08:00
8666,48,voicemail,688,2025-11-20 16:07:00
8667,57,connected,801,2025-05-18 17:12:00
8668,12,voicemail,370,2025-10-11 13:28:00
8669,39,connected,72,2025-02-28 13:12:00
8670,48,connected,830,2025-04-15 16:48:00
8671,21,connected,882,2025-11-28 10:09:00
8672,12,connected,648,2025-10-20 11:50:00
8673,22,connected,437,2025-11-29 08:00:00
8674,54,connected,131,2025-07-04 12:05:00
8675,51,missed,872,2025-01-24 16:32:00
8676,25,voicemail,366,2025-09-17 15:04:00
8677,44,connected,530,2025-05-15 12:46:00
8678,43,connected,621,2025-09-09 14:14:00
8679,1,connected,778,2025-10-06 18:43:00
8680,6,connected,663,2025-10-29 11:40:00
8681,39,connected,834,2025-09-05 10:51:00
8682,41,connected,706,2025-07-14 15:11:00
8683,31,connected,676,2025-04-14 09:18:00
8684,2,connected,678,2025-09-24 15:02:00
8685,33,voicemail,481,2025-06-25 14:28:00
8686,22,voicemail,424,2025-02-10 09:01:00
8687,9,voicemail,466,2025-09-06 17:57:00
8688,36,voicemail,262,2025-09-18 11:40:00
8689,38,connected,220,2025-08-10 18:51:00
8690,33,voicemail,507,2025-02-13 16:46:00
8691,10,connected,480,2025-09-20 17:26:00
8692,45,missed,763,2025-02-27 08:51:00
8693,54,connected,385,2025-12-07 17:31:00
8694,2,missed,177,2025-11-16 09:17:00
8695,8,voicemail,706,2025-10-09 16:18:00
8696,15,connected,651,2025-11-06 08:06:00
8697,32,missed,37,2025-05-26 11:39:00
8698,56,missed,770,2025-08-15 10:15:00
8699,18,voicemail,108,2025-03-30 13:19:00
8700,14,connected,852,2025-10-05 15:08:00
8701,51,missed,597,2025-12-09 10:13:00
8702,27,voicemail,470,2025-06-29 17:33:00
8703,38,connected,588,2025-02-23 13:27:00
8704,47,voicemail,204,2025-05-12 10:27:00
8705,54,connected,126,2025-02-01 15:09:00
8706,24,voicemail,52,2025-05-22 09:16:00
8707,36,connected,166,2025-08-10 15:06:00
8708,59,voicemail,818,2025-05-01 17:01:00
8709,22,connected,456,2025-04-10 09:28:00
8710,32,voicemail,350,2025-02-12 11:33:00
8711,42,voicemail,596,2025-10-26 14:49:00
8712,41,connected,313,2025-10-28 18:54:00
8713,26,connected,596,2025-11-03 10:55:00
8714,20,connected,693,2025-01-05 08:59:00
8715,48,connected,447,2025-08-15 13:25:00
8716,6,connected,886,2025-02-12 15:47:00
8717,49,connected,505,2025-05-13 19:16:00
8718,40,voicemail,794,2025-10-28 09:54:00
8719,24,connected,44,2025-07-03 09:22:00
8720,37,missed,464,2025-11-16 11:25:00
8721,56,missed,824,2025-05-29 13:47:00
8722,2,connected,768,2025-11-27 09:40:00
8723,52,connected,610,2025-11-14 13:00:00
8724,41,missed,850,2025-07-01 16:26:00
8725,60,connected,637,2025-07-19 09:46:00
8726,45,connected,305,2025-08-10 18:40:00
8727,52,connected,709,2025-11-14 19:33:00
8728,4,connected,826,2025-06-27 12:10:00
8729,6,connected,134,2025-09-26 10:03:00
8730,16,connected,164,2025-11-25 14:21:00
8731,49,connected,355,2025-04-23 14:18:00
8732,16,voicemail,673,2025-08-09 10:00:00
8733,29,missed,162,2025-07-09 13:22:00
8734,11,connected,725,2025-05-06 17:55:00
8735,16,voicemail,302,2025-03-09 09:20:00
8736,44,connected,55,2025-07-20 18:46:00
8737,30,voicemail,458,2025-03-15 08:01:00
8738,32,connected,647,2025-04-23 13:01:00
8739,42,connected,575,2025-11-28 08:58:00
8740,43,connected,24,2025-06-19 13:07:00
8741,45,voicemail,848,2025-02-10 11:05:00
8742,49,connected,333,2025-05-26 09:05:00
8743,41,connected,145,2025-07-07 10:33:00
8744,10,connected,492,2025-06-10 19:28:00
8745,54,connected,585,2025-01-05 18:02:00
8746,29,voicemail,670,2025-03-01 13:26:00
8747,2,missed,150,2025-06-26 16:53:00
8748,24,voicemail,712,2025-11-26 14:09:00
8749,22,voicemail,94,2025-06-16 19:48:00
8750,16,missed,433,2025-08-02 09:49:00
8751,35,connected,646,2025-10-12 18:50:00
8752,44,connected,392,2025-08-23 17:23:00
8753,58,connected,155,2025-06-16 10:06:00
8754,55,connected,713,2025-06-18 11:06:00
8755,43,voicemail,696,2025-05-23 08:17:00
8756,21,connected,838,2025-12-16 12:58:00
8757,54,missed,481,2025-09-06 13:53:00
8758,28,connected,134,2025-03-24 12:11:00
8759,47,voicemail,610,2025-03-24 10:29:00
8760,7,connected,622,2025-01-03 15:25:00
8761,52,connected,853,2025-08-17 13:40:00
8762,34,missed,96,2025-05-07 08:34:00
8763,54,connected,289,2025-02-23 16:38:00
8764,16,connected,313,2025-04-06 18:21:00
8765,6,missed,573,2025-12-11 14:20:00
8766,40,voicemail,493,2025-09-25 19:57:00
8767,49,missed,581,2025-08-09 19:42:00
8768,4,voicemail,870,2025-08-31 14:26:00
8769,46,connected,221,2025-02-26 08:46:00
8770,16,connected,659,2025-06-27 10:05:00
8771,13,connected,424,2025-06-23 12:30:00
8772,9,connected,661,2025-12-12 17:23:00
8773,35,connected,708,2025-08-29 09:44:00
8774,41,voicemail,772,2025-03-24 09:15:00
8775,45,connected,362,2025-04-24 15:42:00
8776,6,connected,385,2025-07-04 17:14:00
8777,13,missed,391,2025-09-03 09:13:00
8778,54,connected,790,2025-04-26 11:36:00
8779,40,connected,459,2025-08-19 16:09:00
8780,45,connected,500,2025-04-09 11:07:00
8781,9,connected,243,2025-07-08 12:02:00
8782,58,connected,591,2025-06-10 17:58:00
8783,42,voicemail,189,2025-01-05 14:21:00
8784,39,connected,426,2025-03-19 13:01:00
8785,54,missed,865,2025-10-17 15:12:00
8786,52,connected,437,2025-01-23 11:35:00
8787,35,connected,149,2025-02-06 18:09:00
8788,1,connected,753,2025-02-14 11:55:00
8789,12,missed,102,2025-09-21 09:04:00
8790,1,voicemail,488,2025-04-07 12:30:00
8791,10,missed,460,2025-11-03 19:48:00
8792,19,voicemail,665,2025-08-05 12:31:00
8793,45,connected,58,2025-02-07 15:51:00
8794,51,missed,446,2025-03-15 09:00:00
8795,12,voicemail,297,2025-09-16 17:27:00
8796,41,voicemail,655,2025-01-01 18:06:00
8797,25,missed,581,2025-05-22 11:07:00
8798,12,connected,535,2025-04-14 09:11:00
8799,21,missed,554,2025-09-17 09:41:00
8800,41,voicemail,830,2025-02-13 10:21:00
8801,12,connected,451,2025-09-08 18:06:00
8802,9,connected,51,2025-03-13 18:26:00
8803,45,connected,192,2025-02-18 12:20:00
8804,36,connected,318,2025-08-10 13:47:00
8805,55,connected,79,2025-09-19 11:56:00
8806,45,voicemail,183,2025-10-03 16:29:00
8807,53,connected,37,2025-04-12 15:28:00
8808,14,missed,233,2025-08-27 12:31:00
8809,18,connected,403,2025-08-27 12:00:00
8810,10,missed,377,2025-04-09 13:41:00
8811,20,connected,175,2025-02-11 12:09:00
8812,34,connected,668,2025-04-19 17:40:00
8813,17,missed,75,2025-07-21 18:26:00
8814,1,connected,302,2025-11-17 08:15:00
8815,15,connected,621,2025-07-17 19:07:00
8816,9,connected,839,2025-04-24 15:36:00
8817,7,connected,207,2025-01-15 11:06:00
8818,26,voicemail,395,2025-08-20 19:48:00
8819,48,connected,197,2025-11-09 08:31:00
8820,57,missed,768,2025-01-05 16:24:00
8821,29,voicemail,102,2025-12-15 12:12:00
8822,46,connected,397,2025-02-02 19:32:00
8823,24,voicemail,796,2025-06-12 15:52:00
8824,44,connected,828,2025-08-15 12:35:00
8825,8,voicemail,58,2025-11-20 18:28:00
8826,6,connected,96,2025-09-09 13:26:00
8827,27,voicemail,453,2025-04-09 10:29:00
8828,39,connected,654,2025-07-04 11:03:00
8829,19,voicemail,773,2025-01-28 12:35:00
8830,51,connected,161,2025-08-18 15:47:00
8831,1,voicemail,696,2025-05-18 19:36:00
8832,25,missed,119,2025-12-11 09:30:00
8833,31,connected,642,2025-11-30 12:02:00
8834,8,connected,435,2025-05-04 08:29:00
8835,21,voicemail,117,2025-10-16 08:52:00
8836,4,connected,162,2025-01-12 19:57:00
8837,55,connected,465,2025-10-03 08:09:00
8838,23,missed,47,2025-07-28 10:59:00
8839,45,missed,846,2025-10-02 13:25:00
8840,9,connected,239,2025-11-21 19:32:00
8841,38,connected,73,2025-11-24 13:17:00
8842,5,missed,413,2025-04-23 13:33:00
8843,46,voicemail,169,2025-08-26 08:22:00
8844,4,connected,694,2025-02-26 11:56:00
8845,9,connected,247,2025-09-05 10:01:00
8846,39,voicemail,332,2025-02-01 14:24:00
8847,45,connected,425,2025-03-02 11:04:00
8848,55,missed,418,2025-02-06 17:59:00
8849,31,missed,497,2025-02-21 19:04:00
8850,27,connected,586,2025-03-08 10:58:00
8851,58,connected,680,2025-02-10 14:29:00
8852,48,voicemail,350,2025-05-25 08:10:00
8853,59,connected,690,2025-07-27 13:33:00
8854,27,voicemail,401,2025-02-25 09:47:00
8855,54,connected,474,2025-05-03 09:31:00
8856,26,connected,214,2025-11-18 15:57:00
8857,37,missed,814,2025-10-08 19:26:00
8858,56,missed,272,2025-08-26 17:49:00
8859,23,connected,467,2025-11-03 16:27:00
8860,43,connected,722,2025-03-28 17:07:00
8861,55,connected,650,2025-03-04 14:12:00
8862,37,connected,626,2025-02-12 10:41:00
8863,59,voicemail,527,2025-04-22 16:14:00
8864,18,voicemail,690,2025-01-10 18:23:00
8865,33,connected,231,2025-07-17 16:01:00
8866,34,voicemail,482,2025-07-14 11:57:00
8867,9,connected,785,2025-02-28 16:29:00
8868,16,connected,320,2025-08-31 10:41:00
8869,19,voicemail,845,2025-06-08 13:56:00
8870,58,missed,542,2025-08-07 08:30:00
8871,33,connected,418,2025-10-20 10:28:00
8872,37,connected,359,2025-04-23 15:38:00
8873,52,connected,577,2025-07-19 16:28:00
8874,50,connected,741,2025-04-09 14:10:00
8875,11,voicemail,301,2025-05-26 12:08:00
8876,35,voicemail,183,2025-08-21 10:52:00
8877,15,missed,850,2025-02-21 18:12:00
8878,58,missed,16,2025-01-04 08:40:00
8879,22,connected,644,2025-02-03 12:33:00
8880,27,connected,827,2025-11-12 08:19:00
8881,39,connected,679,2025-07-03 12:03:00
8882,16,connected,53,2025-06-30 11:43:00
8883,41,connected,444,2025-03-28 18:47:00
8884,5,connected,158,2025-04-26 14:14:00
8885,37,connected,529,2025-10-05 12:58:00
8886,59,connected,99,2025-04-06 10:03:00
8887,1,voicemail,291,2025-10-15 09:14:00
8888,24,connected,851,2025-03-14 10:32:00
8889,37,connected,576,2025-09-19 13:02:00
8890,55,connected,889,2025-01-18 17:06:00
8891,47,missed,415,2025-11-04 13:29:00
8892,39,connected,819,2025-06-01 13:02:00
8893,13,voicemail,777,2025-02-21 09:49:00
8894,6,voicemail,685,2025-03-01 08:34:00
8895,32,voicemail,171,2025-10-15 11:32:00
8896,22,connected,888,2025-06-20 15:26:00
8897,42,connected,403,2025-09-17 15:20:00
8898,56,voicemail,412,2025-01-17 11:17:00
8899,17,connected,293,2025-08-28 12:19:00
8900,12,connected,505,2025-09-11 14:26:00
8901,18,connected,65,2025-06-02 14:07:00
8902,37,connected,540,2025-03-27 18:19:00
8903,49,voicemail,160,2025-02-05 10:02:00
8904,57,voicemail,520,2025-05-02 18:27:00
8905,29,voicemail,761,2025-04-17 12:08:00
8906,38,connected,404,2025-02-03 09:09:00
8907,9,voicemail,530,2025-05-05 10:19:00
8908,48,voicemail,114,2025-07-06 19:58:00
8909,19,voicemail,436,2025-01-18 13:15:00
8910,19,connected,886,2025-01-22 10:25:00
8911,57,connected,709,2025-07-17 11:06:00
8912,28,connected,667,2025-08-20 13:01:00
8913,20,connected,794,2025-04-07 12:18:00
8914,16,voicemail,471,2025-02-05 19:23:00
8915,17,connected,479,2025-03-11 10:32:00
8916,1,voicemail,786,2025-02-23 16:31:00
8917,2,voicemail,538,2025-06-23 12:22:00
8918,15,connected,379,2025-12-04 16:29:00
8919,3,voicemail,693,2025-08-22 18:16:00
8920,36,voicemail,817,2025-02-24 11:38:00
8921,34,voicemail,888,2025-03-25 09:40:00
8922,1,connected,325,2025-09-21 12:40:00
8923,59,connected,618,2025-02-20 11:33:00
8924,22,missed,565,2025-01-28 09:33:00
8925,5,voicemail,727,2025-05-24 17:26:00
8926,18,connected,261,2025-11-26 19:29:00
8927,7,missed,496,2025-06-12 19:16:00
8928,51,connected,320,2025-04-28 11:50:00
8929,18,connected,656,2025-02-06 16:11:00
8930,41,missed,120,2025-07-05 12:59:00
8931,35,voicemail,271,2025-07-24 08:50:00
8932,10,missed,283,2025-03-27 18:32:00
8933,16,voicemail,168,2025-01-31 18:09:00
8934,1,connected,188,2025-06-04 16:28:00
8935,20,connected,645,2025-12-07 12:12:00
8936,45,voicemail,414,2025-06-29 10:07:00
8937,16,connected,561,2025-11-19 18:17:00
8938,6,missed,757,2025-10-14 15:07:00
8939,41,missed,66,2025-08-16 17:35:00
8940,35,missed,605,2025-07-21 16:22:00
8941,20,missed,809,2025-02-06 11:11:00
8942,13,voicemail,356,2025-06-01 09:57:00
8943,13,voicemail,462,2025-09-16 09:28:00
8944,21,connected,349,2025-11-26 09:29:00
8945,14,missed,653,2025-11-27 12:59:00
8946,11,connected,47,2025-07-25 18:40:00
8947,41,missed,119,2025-08-05 17:57:00
8948,56,missed,240,2025-05-31 12:33:00
8949,24,connected,380,2025-03-26 16:48:00
8950,17,voicemail,669,2025-08-22 08:34:00
8951,22,missed,89,2025-05-28 18:08:00
8952,19,connected,583,2025-05-20 12:13:00
8953,4,missed,827,2025-01-10 18:54:00
8954,22,connected,834,2025-01-09 11:20:00
8955,13,connected,276,2025-06-17 12:16:00
8956,40,voicemail,766,2025-03-19 13:42:00
8957,31,connected,409,2025-11-01 18:59:00
8958,8,voicemail,430,2025-03-10 08:03:00
8959,14,connected,186,2025-05-11 18:10:00
8960,24,connected,296,2025-07-17 14:45:00
8961,47,connected,94,2025-09-11 14:25:00
8962,46,connected,263,2025-07-28 09:31:00
8963,43,connected,118,2025-03-18 14:10:00
8964,45,voicemail,845,2025-06-05 12:10:00
8965,5,voicemail,601,2025-08-01 14:04:00
8966,44,connected,17,2025-08-15 08:40:00
8967,20,voicemail,756,2025-01-30 11:49:00
8968,60,connected,709,2025-10-18 14:43:00
8969,27,connected,151,2025-07-17 14:57:00
8970,3,missed,360,2025-09-17 19:21:00
8971,36,missed,218,2025-09-16 18:30:00
8972,56,missed,227,2025-03-02 13:40:00
8973,22,connected,228,2025-10-14 15:31:00
8974,41,connected,256,2025-10-19 12:07:00
8975,30,connected,523,2025-06-08 09:59:00
8976,23,connected,130,2025-11-01 10:44:00
8977,8,missed,734,2025-05-07 13:51:00
8978,33,missed,43,2025-10-01 12:13:00
8979,10,missed,34,2025-01-19 19:16:00
8980,53,connected,755,2025-08-04 17:39:00
8981,4,missed,528,2025-01-27 16:40:00
8982,53,connected,505,2025-08-10 11:12:00
8983,48,missed,394,2025-05-19 17:32:00
8984,44,connected,732,2025-05-09 15:06:00
8985,50,connected,190,2025-08-25 12:28:00
8986,47,voicemail,851,2025-08-07 16:38:00
8987,22,connected,23,2025-01-09 13:11:00
8988,38,connected,298,2025-06-24 10:25:00
8989,42,connected,705,2025-03-24 13:34:00
8990,28,connected,484,2025-03-01 14:04:00
8991,52,connected,16,2025-06-10 09:11:00
8992,33,connected,312,2025-09-20 11:19:00
8993,8,voicemail,304,2025-10-01 13:12:00
8994,56,connected,428,2025-10-11 15:53:00
8995,31,connected,221,2025-03-20 11:36:00
8996,1,voicemail,766,2025-07-22 12:40:00
8997,11,connected,35,2025-03-26 09:11:00
8998,59,connected,578,2025-06-10 11:14:00
8999,31,voicemail,644,2025-01-09 08:02:00
9000,14,connected,299,2025-02-01 18:10:00
9001,57,voicemail,233,2025-08-25 09:25:00
9002,26,voicemail,824,2025-05-01 10:56:00
9003,18,missed,34,2025-02-13 16:05:00
9004,50,missed,810,2025-05-21 18:47:00
9005,36,missed,80,2025-06-08 13:08:00
9006,16,connected,173,2025-07-03 19:32:00
9007,1,connected,771,2025-04-12 12:55:00
9008,58,connected,820,2025-04-16 08:05:00
9009,29,voicemail,127,2025-07-23 12:01:00
9010,10,connected,638,2025-08-26 19:54:00
9011,6,connected,209,2025-11-07 11:30:00
9012,11,connected,378,2025-10-26 18:38:00
9013,15,connected,738,2025-06-28 18:50:00
9014,28,voicemail,620,2025-03-17 12:08:00
9015,54,connected,834,2025-01-19 15:26:00
9016,14,connected,106,2025-04-30 09:10:00
9017,2,connected,300,2025-06-12 12:58:00
9018,46,voicemail,606,2025-12-10 16:17:00
9019,9,missed,578,2025-08-27 16:23:00
9020,29,connected,145,2025-02-06 15:48:00
9021,14,connected,813,2025-10-20 14:16:00
9022,22,connected,578,2025-03-03 16:23:00
9023,48,connected,703,2025-01-10 09:33:00
9024,1,missed,64,2025-11-11 09:14:00
9025,41,connected,44,2025-02-10 18:34:00
9026,58,missed,180,2025-01-18 19:51:00
9027,29,missed,500,2025-03-29 12:04:00
9028,11,voicemail,552,2025-09-04 10:56:00
9029,12,connected,200,2025-03-28 11:10:00
9030,10,connected,666,2025-04-16 15:58:00
9031,41,voicemail,740,2025-01-29 10:24:00
9032,36,voicemail,255,2025-03-10 11:17:00
9033,9,connected,739,2025-04-09 11:49:00
9034,52,voicemail,166,2025-08-01 10:12:00
9035,58,connected,206,2025-10-28 15:03:00
9036,2,connected,644,2025-07-17 12:12:00
9037,50,connected,187,2025-10-20 12:08:00
9038,12,voicemail,317,2025-08-13 19:27:00
9039,11,voicemail,501,2025-12-04 13:51:00
9040,59,connected,506,2025-03-20 13:33:00
9041,33,connected,304,2025-09-29 11:44:00
9042,26,connected,608,2025-06-22 11:16:00
9043,30,connected,220,2025-11-05 10:33:00
9044,35,voicemail,289,2025-05-31 12:27:00
9045,56,connected,598,2025-07-04 19:19:00
9046,35,connected,414,2025-11-22 19:30:00
9047,38,missed,78,2025-03-09 16:39:00
9048,47,missed,427,2025-05-31 09:44:00
9049,10,missed,500,2025-03-03 13:30:00
9050,52,connected,584,2025-10-20 16:09:00
9051,28,voicemail,501,2025-08-07 08:05:00
9052,41,voicemail,255,2025-04-25 13:14:00
9053,2,missed,673,2025-01-01 14:22:00
9054,44,connected,806,2025-03-22 17:28:00
9055,34,voicemail,487,2025-03-30 13:14:00
9056,23,voicemail,537,2025-12-09 10:31:00
9057,5,missed,583,2025-11-26 10:04:00
9058,15,connected,112,2025-04-28 14:27:00
9059,13,connected,606,2025-02-26 16:14:00
9060,19,connected,394,2025-03-04 15:53:00
9061,53,voicemail,119,2025-01-26 15:30:00
9062,21,voicemail,313,2025-12-15 11:14:00
9063,31,missed,813,2025-05-26 17:42:00
9064,42,missed,300,2025-10-24 13:23:00
9065,50,connected,393,2025-04-25 10:40:00
9066,31,connected,261,2025-08-02 16:00:00
9067,53,voicemail,433,2025-02-01 11:16:00
9068,29,missed,821,2025-05-22 19:15:00
9069,35,voicemail,527,2025-03-20 10:21:00
9070,37,connected,389,2025-11-07 12:22:00
9071,51,connected,332,2025-06-27 09:49:00
9072,21,voicemail,676,2025-10-08 17:50:00
9073,59,voicemail,532,2025-01-15 08:57:00
9074,25,voicemail,494,2025-01-21 18:38:00
9075,47,missed,740,2025-04-02 12:38:00
9076,45,missed,146,2025-04-27 11:05:00
9077,36,connected,889,2025-03-10 17:03:00
9078,20,connected,766,2025-07-23 12:52:00
9079,3,missed,605,2025-09-17 12:50:00
9080,1,connected,217,2025-11-13 12:31:00
9081,53,missed,894,2025-05-17 15:39:00
9082,50,voicemail,543,2025-09-06 10:26:00
9083,33,connected,346,2025-08-06 16:12:00
9084,5,connected,606,2025-12-17 09:43:00
9085,41,connected,509,2025-08-15 10:28:00
9086,3,voicemail,650,2025-05-01 11:37:00
9087,24,missed,618,2025-05-17 19:35:00
9088,42,connected,250,2025-05-05 14:08:00
9089,10,connected,492,2025-11-15 13:03:00
9090,28,voicemail,505,2025-04-12 18:44:00
9091,40,voicemail,193,2025-04-21 19:58:00
9092,42,connected,603,2025-06-25 08:16:00
9093,8,connected,534,2025-10-06 19:46:00
9094,26,connected,93,2025-03-23 11:39:00
9095,25,connected,263,2025-09-10 12:43:00
9096,55,connected,680,2025-11-17 12:24:00
9097,57,connected,685,2025-08-14 08:04:00
9098,60,connected,188,2025-08-12 19:30:00
9099,14,connected,790,2025-06-28 17:52:00
9100,1,connected,315,2025-02-04 19:47:00
9101,15,voicemail,408,2025-07-17 12:22:00
9102,37,connected,67,2025-05-27 08:19:00
9103,2,connected,857,2025-02-25 19:26:00
9104,56,missed,157,2025-08-23 08:00:00
9105,15,voicemail,765,2025-06-07 12:43:00
9106,57,voicemail,337,2025-02-03 10:38:00
9107,37,connected,329,2025-03-24 08:35:00
9108,41,connected,751,2025-05-09 16:24:00
9109,53,connected,44,2025-08-30 18:13:00
9110,2,voicemail,680,2025-06-20 12:27:00
9111,24,voicemail,553,2025-10-08 15:50:00
9112,19,missed,877,2025-11-26 15:27:00
9113,33,missed,593,2025-06-10 11:52:00
9114,47,voicemail,460,2025-03-17 11:11:00
9115,30,missed,129,2025-04-22 18:10:00
9116,39,connected,602,2025-10-13 16:33:00
9117,16,connected,728,2025-09-18 12:07:00
9118,27,voicemail,482,2025-11-06 14:47:00
9119,40,connected,456,2025-08-15 11:10:00
9120,37,connected,523,2025-07-02 13:35:00
9121,18,connected,860,2025-10-25 17:31:00
9122,46,connected,172,2025-05-25 15:50:00
9123,57,missed,838,2025-02-20 09:40:00
9124,55,connected,164,2025-11-17 10:35:00
9125,16,connected,444,2025-01-10 15:49:00
9126,34,missed,529,2025-03-16 13:13:00
9127,31,voicemail,268,2025-11-18 16:40:00
9128,49,voicemail,320,2025-02-24 17:58:00
9129,45,connected,655,2025-07-25 12:40:00
9130,1,voicemail,176,2025-12-02 09:24:00
9131,17,voicemail,677,2025-08-02 15:06:00
9132,40,connected,688,2025-05-08 10:38:00
9133,35,connected,560,2025-08-02 10:39:00
9134,44,connected,867,2025-04-03 12:14:00
9135,9,voicemail,487,2025-03-25 09:57:00
9136,5,missed,227,2025-06-13 19:22:00
9137,47,connected,306,2025-09-09 16:07:00
9138,55,connected,826,2025-10-08 08:23:00
9139,45,voicemail,358,2025-05-25 16:08:00
9140,32,voicemail,83,2025-12-11 12:00:00
9141,17,voicemail,718,2025-02-28 14:44:00
9142,38,connected,843,2025-01-30 11:32:00
9143,2,connected,327,2025-06-01 13:23:00
9144,12,missed,434,2025-07-11 13:17:00
9145,25,connected,633,2025-01-29 10:26:00
9146,33,connected,252,2025-10-08 11:18:00
9147,45,connected,24,2025-07-11 17:27:00
9148,46,connected,15,2025-11-12 17:20:00
9149,48,missed,385,2025-07-25 13:03:00
9150,42,connected,829,2025-04-13 14:42:00
9151,52,voicemail,511,2025-06-05 16:37:00
9152,8,missed,642,2025-04-27 08:00:00
9153,31,connected,544,2025-06-03 14:36:00
9154,7,connected,354,2025-03-04 08:26:00
9155,60,voicemail,234,2025-11-26 13:32:00
9156,45,connected,420,2025-09-02 11:56:00
9157,7,connected,638,2025-08-12 16:44:00
9158,28,voicemail,396,2025-05-09 11:31:00
9159,27,missed,723,2025-08-15 12:05:00
9160,21,connected,106,2025-02-28 10:55:00
9161,50,voicemail,161,2025-12-01 08:25:00
9162,60,connected,625,2025-02-01 17:14:00
9163,18,missed,196,2025-03-05 09:44:00
9164,53,connected,769,2025-05-31 16:20:00
9165,6,connected,515,2025-05-19 19:36:00
9166,57,connected,368,2025-06-16 14:49:00
9167,3,connected,464,2025-09-03 09:48:00
9168,8,connected,199,2025-09-17 18:16:00
9169,57,missed,883,2025-03-25 13:51:00
9170,57,connected,739,2025-03-04 11:10:00
9171,9,connected,130,2025-01-05 17:16:00
9172,44,connected,252,2025-02-24 15:48:00
9173,46,missed,308,2025-02-23 18:16:00
9174,45,missed,310,2025-04-05 08:10:00
9175,3,connected,730,2025-11-01 08:46:00
9176,9,missed,528,2025-11-28 11:45:00
9177,17,connected,718,2025-09-20 18:23:00
9178,21,missed,814,2025-08-15 18:31:00
9179,48,connected,656,2025-06-10 15:55:00
9180,56,missed,740,2025-04-02 13:58:00
9181,19,voicemail,184,2025-02-02 13:46:00
9182,12,voicemail,768,2025-02-19 09:51:00
9183,48,voicemail,465,2025-07-22 19:12:00
9184,56,connected,293,2025-07-22 08:47:00
9185,48,missed,49,2025-11-25 08:58:00
9186,18,connected,799,2025-04-11 13:11:00
9187,27,connected,579,2025-09-25 19:47:00
9188,28,connected,646,2025-01-15 08:55:00
9189,3,connected,857,2025-11-15 13:35:00
9190,49,missed,799,2025-05-22 09:15:00
9191,27,voicemail,621,2025-12-15 13:26:00
9192,50,missed,366,2025-06-12 14:25:00
9193,26,connected,721,2025-05-03 16:00:00
9194,11,connected,494,2025-06-19 11:06:00
9195,56,connected,639,2025-07-20 16:29:00
9196,21,voicemail,743,2025-03-05 12:46:00
9197,26,missed,38,2025-05-15 19:54:00
9198,26,missed,745,2025-04-05 18:04:00
9199,3,connected,194,2025-05-18 16:03:00
9200,5,connected,308,2025-12-09 13:19:00
9201,28,connected,197,2025-11-05 14:18:00
9202,59,voicemail,506,2025-10-02 11:41:00
9203,1,connected,793,2025-02-23 09:52:00
9204,46,voicemail,595,2025-11-12 13:40:00
9205,56,connected,422,2025-07-22 17:30:00
9206,39,missed,226,2025-06-25 19:24:00
9207,50,connected,601,2025-01-11 14:41:00
9208,9,voicemail,509,2025-03-03 14:22:00
9209,47,connected,688,2025-09-16 08:45:00
9210,36,voicemail,867,2025-02-27 10:22:00
9211,57,voicemail,99,2025-03-03 11:14:00
9212,40,voicemail,502,2025-09-24 10:48:00
9213,32,missed,867,2025-01-26 12:04:00
9214,25,connected,422,2025-10-11 18:04:00
9215,55,connected,210,2025-07-06 14:15:00
9216,23,connected,632,2025-07-31 18:02:00
9217,28,missed,568,2025-03-15 11:49:00
9218,25,connected,843,2025-01-08 13:07:00
9219,7,connected,26,2025-08-08 19:14:00
9220,7,missed,851,2025-05-13 11:41:00
9221,56,connected,673,2025-08-27 17:09:00
9222,28,missed,765,2025-03-04 10:27:00
9223,17,connected,464,2025-01-31 17:35:00
9224,11,missed,40,2025-12-03 18:27:00
9225,13,connected,694,2025-05-07 08:26:00
9226,41,voicemail,442,2025-09-05 12:57:00
9227,11,voicemail,98,2025-01-06 10:04:00
9228,7,missed,656,2025-04-11 16:29:00
9229,57,voicemail,863,2025-03-02 15:01:00
9230,34,voicemail,752,2025-04-30 09:45:00
9231,41,missed,798,2025-06-20 19:54:00
9232,20,missed,477,2025-09-14 09:12:00
9233,20,connected,560,2025-11-20 11:36:00
9234,30,voicemail,661,2025-07-01 09:13:00
9235,46,voicemail,398,2025-05-28 13:09:00
9236,10,missed,459,2025-07-10 19:53:00
9237,47,connected,798,2025-06-17 08:54:00
9238,48,connected,638,2025-08-26 09:18:00
9239,11,connected,301,2025-04-05 15:05:00
9240,57,missed,898,2025-10-26 08:21:00
9241,30,connected,471,2025-05-10 17:52:00
9242,14,connected,102,2025-12-05 18:22:00
9243,19,connected,583,2025-06-04 15:16:00
9244,50,connected,432,2025-02-27 09:38:00
9245,39,voicemail,359,2025-09-18 10:26:00
9246,37,voicemail,308,2025-10-15 16:33:00
9247,30,missed,436,2025-02-08 17:21:00
9248,46,connected,873,2025-07-19 09:19:00
9249,26,voicemail,612,2025-06-27 19:11:00
9250,44,missed,650,2025-07-21 14:15:00
9251,5,connected,728,2025-08-13 09:33:00
9252,6,connected,400,2025-04-30 09:10:00
9253,6,connected,259,2025-04-01 12:10:00
9254,14,missed,796,2025-02-26 14:27:00
9255,56,connected,368,2025-12-14 18:32:00
9256,32,connected,769,2025-12-10 17:40:00
9257,39,connected,379,2025-11-28 11:06:00
9258,7,missed,823,2025-01-15 17:00:00
9259,14,connected,297,2025-07-25 08:51:00
9260,53,connected,647,2025-09-04 19:42:00
9261,48,connected,849,2025-10-15 15:55:00
9262,29,connected,558,2025-05-06 15:36:00
9263,35,connected,85,2025-08-13 09:06:00
9264,54,connected,464,2025-04-21 16:53:00
9265,58,connected,579,2025-12-03 18:11:00
9266,5,missed,178,2025-01-17 14:05:00
9267,52,connected,304,2025-03-07 08:32:00
9268,43,missed,712,2025-11-16 14:52:00
9269,2,missed,865,2025-03-17 18:25:00
9270,44,connected,644,2025-03-25 18:34:00
9271,51,missed,158,2025-09-12 12:37:00
9272,21,connected,637,2025-09-15 13:13:00
9273,1,connected,236,2025-03-14 11:04:00
9274,44,connected,252,2025-06-23 17:51:00
9275,13,connected,897,2025-09-20 11:29:00
9276,37,voicemail,210,2025-09-11 13:19:00
9277,55,missed,794,2025-10-27 13:56:00
9278,46,connected,282,2025-09-12 19:00:00
9279,55,connected,805,2025-05-20 13:40:00
9280,14,connected,819,2025-09-09 18:03:00
9281,58,connected,865,2025-07-30 11:13:00
9282,1,connected,367,2025-07-18 14:58:00
9283,54,connected,404,2025-04-04 09:12:00
9284,30,connected,33,2025-02-12 11:09:00
9285,57,voicemail,655,2025-05-18 19:44:00
9286,13,connected,57,2025-06-27 08:50:00
9287,30,connected,899,2025-02-05 14:47:00
9288,37,connected,300,2025-02-12 09:35:00
9289,29,connected,108,2025-09-18 18:45:00
9290,51,voicemail,763,2025-05-24 11:05:00
9291,19,missed,849,2025-12-04 14:51:00
9292,1,connected,469,2025-03-02 13:31:00
9293,53,connected,832,2025-07-06 12:41:00
9294,16,voicemail,95,2025-01-06 15:48:00
9295,5,connected,355,2025-02-25 16:12:00
9296,34,missed,474,2025-06-29 15:42:00
9297,10,connected,542,2025-10-07 17:31:00
9298,51,connected,391,2025-06-24 13:06:00
9299,47,voicemail,182,2025-03-10 19:17:00
9300,19,connected,550,2025-11-08 19:32:00
9301,32,voicemail,732,2025-01-30 17:13:00
9302,18,missed,316,2025-07-26 18:46:00
9303,18,connected,750,2025-09-17 14:38:00
9304,1,connected,814,2025-11-01 14:42:00
9305,16,missed,191,2025-07-18 08:23:00
9306,29,missed,185,2025-01-09 15:34:00
9307,29,voicemail,756,2025-08-16 09:11:00
9308,58,missed,86,2025-08-25 14:07:00
9309,13,connected,565,2025-02-22 18:35:00
9310,7,voicemail,592,2025-04-20 08:51:00
9311,8,connected,397,2025-12-18 13:27:00
9312,25,connected,52,2025-06-19 08:28:00
9313,46,voicemail,822,2025-02-14 10:48:00
9314,3,missed,249,2025-09-15 11:43:00
9315,12,connected,169,2025-05-26 13:18:00
9316,37,connected,112,2025-08-06 19:13:00
9317,16,connected,389,2025-06-07 18:12:00
9318,26,connected,796,2025-09-26 08:37:00
9319,35,missed,856,2025-09-09 14:30:00
9320,19,connected,99,2025-10-18 17:45:00
9321,45,voicemail,523,2025-05-14 09:09:00
9322,24,voicemail,263,2025-01-22 15:03:00
9323,52,voicemail,98,2025-01-20 09:26:00
9324,47,connected,502,2025-06-11 15:57:00
9325,22,connected,192,2025-05-26 16:19:00
9326,3,connected,691,2025-07-22 11:46:00
9327,12,missed,226,2025-09-15 17:55:00
9328,27,connected,391,2025-09-09 18:52:00
9329,52,connected,637,2025-09-12 16:58:00
9330,23,connected,691,2025-05-11 09:19:00
9331,37,voicemail,583,2025-10-28 17:43:00
9332,7,connected,387,2025-08-11 10:59:00
9333,39,connected,167,2025-05-02 11:50:00
9334,51,missed,117,2025-12-09 12:59:00
9335,5,connected,413,2025-01-03 16:28:00
9336,7,voicemail,440,2025-06-29 09:09:00
9337,12,missed,450,2025-01-04 14:45:00
9338,29,missed,391,2025-02-08 18:23:00
9339,26,connected,695,2025-06-24 14:28:00
9340,25,missed,52,2025-07-06 13:53:00
9341,28,connected,488,2025-01-27 10:13:00
9342,25,connected,504,2025-11-24 12:35:00
9343,16,voicemail,592,2025-01-01 08:30:00
9344,53,connected,731,2025-08-05 12:44:00
9345,58,connected,346,2025-08-12 09:07:00
9346,42,connected,728,2025-09-20 10:10:00
9347,18,voicemail,824,2025-10-07 13:34:00
9348,8,voicemail,341,2025-11-01 18:55:00
9349,58,missed,486,2025-04-03 09:54:00
9350,5,connected,139,2025-05-01 19:28:00
9351,28,connected,575,2025-09-04 10:15:00
9352,50,connected,240,2025-07-02 13:12:00
9353,12,connected,157,2025-08-23 11:22:00
9354,6,voicemail,306,2025-12-07 08:14:00
9355,33,voicemail,748,2025-02-01 19:30:00
9356,52,missed,489,2025-10-13 16:20:00
9357,5,connected,386,2025-12-03 11:42:00
9358,33,connected,541,2025-10-13 11:33:00
9359,25,connected,488,2025-07-14 08:40:00
9360,38,missed,261,2025-09-18 14:59:00
9361,55,voicemail,238,2025-08-25 11:36:00
9362,21,voicemail,760,2025-12-01 14:17:00
9363,10,connected,323,2025-03-14 12:37:00
9364,56,connected,81,2025-01-22 15:11:00
9365,9,connected,889,2025-07-05 11:46:00
9366,38,connected,528,2025-09-09 09:39:00
9367,27,connected,433,2025-04-04 12:36:00
9368,22,voicemail,758,2025-07-18 09:29:00
9369,21,missed,279,2025-09-05 19:02:00
9370,6,voicemail,453,2025-04-15 10:09:00
9371,4,missed,753,2025-08-07 11:12:00
9372,26,connected,430,2025-01-15 08:11:00
9373,59,connected,302,2025-08-31 19:59:00
9374,23,missed,374,2025-05-16 11:46:00
9375,16,missed,757,2025-11-24 15:37:00
9376,55,connected,342,2025-10-15 11:02:00
9377,60,connected,703,2025-11-20 09:27:00
9378,39,connected,661,2025-06-10 16:28:00
9379,10,connected,309,2025-04-18 12:21:00
9380,43,voicemail,219,2025-12-08 08:44:00
9381,23,missed,711,2025-02-19 10:11:00
9382,2,connected,561,2025-07-25 15:03:00
9383,29,connected,370,2025-12-05 17:11:00
9384,5,connected,626,2025-09-27 15:51:00
9385,31,connected,795,2025-06-20 18:50:00
9386,24,connected,422,2025-11-20 12:05:00
9387,59,missed,273,2025-07-03 16:00:00
9388,33,connected,100,2025-07-16 14:45:00
9389,19,missed,655,2025-09-28 17:42:00
9390,24,missed,363,2025-11-09 11:26:00
9391,8,connected,467,2025-01-30 12:35:00
9392,29,connected,320,2025-02-20 13:25:00
9393,44,connected,159,2025-11-11 08:02:00
9394,51,connected,134,2025-06-18 14:18:00
9395,1,missed,493,2025-01-27 17:57:00
9396,46,connected,591,2025-07-17 09:18:00
9397,37,missed,387,2025-08-18 18:05:00
9398,37,voicemail,504,2025-01-01 12:36:00
9399,39,missed,895,2025-11-23 16:12:00
9400,30,connected,367,2025-10-26 15:43:00
9401,2,connected,71,2025-09-14 15:36:00
9402,29,voicemail,73,2025-08-19 08:18:00
9403,56,missed,702,2025-03-16 10:29:00
9404,48,voicemail,611,2025-07-15 19:58:00
9405,50,connected,851,2025-06-15 12:41:00
9406,46,connected,806,2025-03-05 12:19:00
9407,15,connected,669,2025-01-28 10:01:00
9408,36,voicemail,46,2025-02-28 09:33:00
9409,18,missed,426,2025-02-26 19:57:00
9410,20,connected,392,2025-04-06 17:27:00
9411,2,missed,725,2025-06-26 18:55:00
9412,45,connected,721,2025-10-16 10:19:00
9413,52,voicemail,345,2025-09-20 12:51:00
9414,33,missed,646,2025-03-26 12:33:00
9415,53,connected,440,2025-08-14 11:50:00
9416,19,voicemail,484,2025-03-22 10:17:00
9417,14,connected,313,2025-09-02 08:32:00
9418,12,voicemail,424,2025-10-12 11:43:00
9419,6,missed,180,2025-10-10 17:00:00
9420,7,voicemail,318,2025-06-15 08:04:00
9421,48,connected,354,2025-06-03 10:44:00
9422,47,missed,724,2025-06-17 08:13:00
9423,3,missed,758,2025-12-11 14:40:00
9424,17,missed,729,2025-07-19 09:31:00
9425,55,voicemail,702,2025-05-08 11:21:00
9426,35,voicemail,308,2025-01-17 19:44:00
9427,22,connected,182,2025-07-18 19:24:00
9428,34,connected,116,2025-02-12 08:18:00
9429,5,connected,94,2025-05-10 15:57:00
9430,20,connected,283,2025-10-28 18:27:00
9431,13,missed,871,2025-06-30 19:05:00
9432,6,voicemail,25,2025-05-27 09:38:00
9433,4,missed,590,2025-09-24 13:13:00
9434,40,connected,675,2025-05-05 16:37:00
9435,21,missed,96,2025-07-10 18:29:00
9436,42,voicemail,257,2025-11-02 14:21:00
9437,21,connected,167,2025-04-24 15:14:00
9438,13,voicemail,558,2025-08-23 08:11:00
9439,22,voicemail,149,2025-01-23 19:42:00
9440,10,connected,159,2025-08-08 16:41:00
9441,55,missed,307,2025-03-29 16:06:00
9442,16,connected,868,2025-12-04 10:16:00
9443,14,voicemail,660,2025-01-08 12:36:00
9444,45,connected,335,2025-11-24 14:43:00
9445,20,connected,742,2025-11-19 09:45:00
9446,13,missed,758,2025-03-08 08:56:00
9447,53,connected,570,2025-09-05 12:09:00
9448,23,connected,611,2025-07-14 10:34:00
9449,19,missed,736,2025-09-15 09:54:00
9450,23,connected,461,2025-11-07 19:04:00
9451,38,voicemail,173,2025-03-08 10:04:00
9452,17,connected,546,2025-03-26 12:44:00
9453,30,voicemail,282,2025-12-19 09:29:00
9454,56,connected,292,2025-05-01 09:53:00
9455,4,voicemail,678,2025-09-17 15:34:00
9456,15,connected,115,2025-06-06 16:32:00
9457,20,connected,263,2025-06-29 12:43:00
9458,44,voicemail,319,2025-06-11 11:53:00
9459,26,connected,515,2025-09-19 08:35:00
9460,14,connected,608,2025-10-04 15:48:00
9461,1,voicemail,719,2025-01-20 08:34:00
9462,22,connected,772,2025-04-10 15:22:00
9463,30,connected,855,2025-07-03 18:25:00
9464,40,connected,28,2025-07-09 15:25:00
9465,42,connected,122,2025-09-30 18:56:00
9466,19,connected,135,2025-07-07 09:03:00
9467,10,connected,317,2025-04-06 12:25:00
9468,18,connected,103,2025-10-05 11:54:00
9469,48,connected,478,2025-03-27 18:04:00
9470,31,voicemail,897,2025-12-03 11:11:00
9471,59,voicemail,540,2025-10-03 14:17:00
9472,12,missed,679,2025-09-07 13:52:00
9473,55,missed,128,2025-08-18 14:41:00
9474,16,missed,240,2025-11-06 14:25:00
9475,59,connected,144,2025-06-12 18:08:00
9476,31,connected,85,2025-06-06 17:33:00
9477,31,connected,156,2025-05-28 09:22:00
9478,9,connected,265,2025-12-16 19:56:00
9479,35,connected,385,2025-02-14 13:25:00
9480,37,voicemail,394,2025-06-21 15:46:00
9481,7,connected,423,2025-09-13 09:54:00
9482,18,missed,56,2025-03-22 15:38:00
9483,33,missed,517,2025-03-30 11:02:00
9484,30,connected,53,2025-03-19 15:01:00
9485,23,connected,193,2025-04-13 08:50:00
9486,45,missed,830,2025-03-21 11:18:00
9487,41,missed,851,2025-11-12 08:31:00
9488,2,connected,676,2025-12-17 13:06:00
9489,38,voicemail,186,2025-06-02 09:48:00
9490,3,connected,344,2025-04-26 11:35:00
9491,13,connected,377,2025-02-26 11:49:00
9492,37,connected,63,2025-01-21 10:51:00
9493,11,connected,809,2025-04-17 19:30:00
9494,39,connected,821,2025-07-29 11:39:00
9495,44,voicemail,193,2025-11-19 08:46:00
9496,38,missed,144,2025-11-27 11:43:00
9497,29,connected,63,2025-02-27 11:23:00
9498,19,connected,87,2025-09-21 17:39:00
9499,38,connected,421,2025-05-01 12:03:00
9500,31,connected,341,2025-07-16 18:02:00
9501,2,voicemail,685,2025-06-06 11:33:00
9502,24,connected,614,2025-04-03 09:16:00
9503,8,missed,720,2025-04-17 18:55:00
9504,31,connected,794,2025-01-13 17:06:00
9505,29,voicemail,207,2025-10-27 08:57:00
9506,13,connected,849,2025-03-08 09:07:00
9507,4,connected,872,2025-11-16 15:34:00
9508,36,missed,200,2025-02-15 19:36:00
9509,60,connected,337,2025-07-05 19:24:00
9510,13,voicemail,170,2025-07-06 17:13:00
9511,44,missed,688,2025-02-06 11:57:00
9512,28,voicemail,202,2025-09-17 17:30:00
9513,42,missed,613,2025-06-21 16:34:00
9514,26,connected,89,2025-05-26 18:18:00
9515,42,connected,463,2025-11-02 12:48:00
9516,26,voicemail,270,2025-10-19 15:49:00
9517,54,missed,39,2025-07-23 09:31:00
9518,40,connected,850,2025-06-06 11:49:00
9519,14,connected,748,2025-09-11 08:17:00
9520,35,connected,717,2025-10-26 10:38:00
9521,50,connected,165,2025-04-18 10:32:00
9522,49,voicemail,337,2025-07-16 09:50:00
9523,10,voicemail,772,2025-01-03 18:10:00
9524,24,connected,324,2025-08-04 11:49:00
9525,5,connected,874,2025-04-05 14:58:00
9526,46,connected,76,2025-10-27 15:37:00
9527,13,voicemail,414,2025-10-25 17:59:00
9528,57,connected,419,2025-11-28 19:40:00
9529,35,missed,576,2025-12-06 15:53:00
9530,2,missed,507,2025-01-09 14:11:00
9531,22,voicemail,803,2025-10-23 14:11:00
9532,58,connected,199,2025-02-25 14:59:00
9533,6,connected,80,2025-05-26 17:18:00
9534,42,connected,520,2025-09-19 13:56:00
9535,25,connected,421,2025-12-14 11:54:00
9536,57,connected,102,2025-04-14 17:44:00
9537,44,connected,828,2025-05-08 16:11:00
9538,51,missed,404,2025-12-08 14:01:00
9539,57,missed,211,2025-11-08 15:57:00
9540,16,missed,580,2025-03-10 10:54:00
9541,4,missed,132,2025-12-05 13:22:00
9542,45,connected,377,2025-01-26 18:10:00
9543,2,voicemail,554,2025-03-03 14:02:00
9544,16,connected,327,2025-12-02 12:47:00
9545,26,connected,635,2025-06-13 17:33:00
9546,46,voicemail,721,2025-07-21 14:21:00
9547,11,connected,73,2025-03-27 12:15:00
9548,34,missed,314,2025-12-07 09:09:00
9549,5,missed,387,2025-05-23 13:26:00
9550,27,connected,757,2025-05-29 13:30:00
9551,43,connected,18,2025-08-23 16:01:00
9552,54,connected,695,2025-07-11 16:02:00
9553,17,connected,382,2025-07-02 12:09:00
9554,33,connected,109,2025-06-21 13:34:00
9555,38,connected,704,2025-11-08 10:09:00
9556,20,voicemail,622,2025-03-25 15:13:00
9557,35,connected,80,2025-07-19 14:49:00
9558,2,missed,494,2025-02-08 17:19:00
9559,44,missed,645,2025-06-26 18:34:00
9560,54,connected,653,2025-06-30 17:05:00
9561,24,voicemail,381,2025-08-30 14:51:00
9562,56,missed,895,2025-02-02 13:56:00
9563,31,connected,727,2025-04-05 15:54:00
9564,34,connected,20,2025-11-07 10:45:00
9565,25,voicemail,516,2025-07-24 18:25:00
9566,21,connected,532,2025-05-23 13:12:00
9567,55,connected,220,2025-09-17 11:16:00
9568,14,connected,678,2025-03-20 16:35:00
9569,12,connected,561,2025-08-31 09:59:00
9570,53,connected,662,2025-06-29 16:32:00
9571,23,missed,185,2025-01-26 17:39:00
9572,40,missed,472,2025-01-28 14:22:00
9573,59,connected,561,2025-10-04 08:41:00
9574,30,connected,396,2025-03-16 16:27:00
9575,29,connected,51,2025-06-02 19:58:00
9576,22,connected,595,2025-09-25 09:21:00
9577,3,connected,815,2025-04-09 09:40:00
9578,16,connected,885,2025-08-29 10:34:00
9579,16,voicemail,60,2025-09-10 08:09:00
9580,32,voicemail,454,2025-04-07 11:50:00
9581,30,voicemail,242,2025-11-22 13:44:00
9582,35,connected,271,2025-10-24 18:05:00
9583,17,connected,359,2025-05-03 17:32:00
9584,17,connected,726,2025-10-25 09:37:00
9585,9,missed,594,2025-03-10 10:49:00
9586,35,missed,356,2025-12-09 19:54:00
9587,3,missed,296,2025-03-31 19:44:00
9588,39,connected,735,2025-05-15 19:02:00
9589,26,missed,550,2025-08-18 11:29:00
9590,53,connected,217,2025-01-23 17:24:00
9591,46,connected,440,2025-10-12 15:06:00
9592,12,connected,246,2025-03-16 17:08:00
9593,59,connected,667,2025-03-22 08:29:00
9594,59,connected,672,2025-07-10 13:51:00
9595,47,connected,448,2025-09-01 14:02:00
9596,31,connected,191,2025-10-17 17:33:00
9597,3,voicemail,102,2025-08-24 10:47:00
9598,56,connected,40,2025-12-08 12:50:00
9599,46,connected,826,2025-10-26 16:41:00
9600,49,missed,799,2025-10-28 14:54:00
9601,22,connected,654,2025-01-27 17:54:00
9602,5,connected,218,2025-07-05 12:13:00
9603,18,connected,694,2025-08-19 09:13:00
9604,21,connected,619,2025-12-01 13:55:00
9605,46,connected,519,2025-11-07 19:50:00
9606,17,connected,447,2025-07-16 10:00:00
9607,10,connected,738,2025-08-11 11:28:00
9608,54,connected,821,2025-02-17 09:52:00
9609,18,connected,188,2025-01-11 12:53:00
9610,32,connected,268,2025-03-03 13:06:00
9611,30,connected,352,2025-04-28 15:51:00
9612,10,voicemail,837,2025-06-08 12:48:00
9613,39,missed,482,2025-04-09 14:41:00
9614,58,missed,754,2025-04-08 11:04:00
9615,4,connected,373,2025-10-05 14:02:00
9616,20,voicemail,520,2025-10-26 14:22:00
9617,19,voicemail,324,2025-12-05 09:28:00
9618,31,connected,157,2025-08-14 11:06:00
9619,28,missed,444,2025-06-20 12:29:00
9620,60,missed,453,2025-01-24 08:05:00
9621,50,connected,272,2025-08-09 15:51:00
9622,18,connected,672,2025-04-12 12:54:00
9623,45,missed,76,2025-07-15 13:18:00
9624,49,voicemail,249,2025-11-28 13:45:00
9625,18,connected,61,2025-02-13 13:12:00
9626,43,connected,506,2025-09-28 15:10:00
9627,24,missed,623,2025-04-22 18:53:00
9628,11,connected,326,2025-10-17 14:54:00
9629,40,connected,94,2025-08-06 10:53:00
9630,26,connected,31,2025-09-06 19:33:00
9631,55,connected,882,2025-11-19 18:57:00
9632,51,voicemail,680,2025-05-12 16:12:00
9633,32,connected,175,2025-05-09 13:44:00
9634,21,missed,821,2025-03-30 16:54:00
9635,18,voicemail,74,2025-01-17 11:40:00
9636,24,missed,287,2025-04-22 12:20:00
9637,29,connected,777,2025-07-29 11:13:00
9638,21,connected,54,2025-02-17 15:30:00
9639,13,connected,480,2025-09-25 11:50:00
9640,30,connected,434,2025-09-20 19:45:00
9641,35,connected,632,2025-07-17 19:29:00
9642,7,connected,636,2025-04-09 18:09:00
9643,15,missed,750,2025-04-05 14:31:00
9644,54,missed,192,2025-08-31 10:30:00
9645,44,missed,166,2025-07-25 11:10:00
9646,14,missed,884,2025-03-27 18:56:00
9647,1,connected,765,2025-08-25 14:33:00
9648,8,missed,798,2025-10-12 09:36:00
9649,23,missed,471,2025-06-15 12:55:00
9650,17,connected,633,2025-08-15 14:06:00
9651,48,connected,441,2025-11-16 17:11:00
9652,56,connected,676,2025-02-08 16:15:00
9653,47,voicemail,161,2025-01-31 12:54:00
9654,23,missed,330,2025-01-24 17:25:00
9655,35,missed,673,2025-09-06 19:03:00
9656,34,connected,720,2025-10-21 09:25:00
9657,52,connected,474,2025-03-06 18:03:00
9658,3,connected,458,2025-04-01 14:36:00
9659,23,voicemail,241,2025-04-20 10:39:00
9660,22,voicemail,688,2025-02-01 12:25:00
9661,2,missed,393,2025-01-15 13:07:00
9662,26,connected,198,2025-08-12 16:58:00
9663,37,connected,676,2025-12-04 14:20:00
9664,33,connected,618,2025-04-27 16:56:00
9665,15,connected,326,2025-08-12 19:05:00
9666,55,connected,841,2025-08-01 15:45:00
9667,60,connected,507,2025-07-19 11:34:00
9668,50,connected,81,2025-06-29 15:05:00
9669,19,connected,332,2025-07-03 09:52:00
9670,18,voicemail,675,2025-12-08 19:03:00
9671,59,voicemail,658,2025-10-20 13:55:00
9672,14,missed,305,2025-10-21 08:03:00
9673,58,voicemail,281,2025-05-18 09:55:00
9674,36,voicemail,487,2025-02-28 14:36:00
9675,15,connected,802,2025-06-25 11:45:00
9676,31,connected,819,2025-11-21 14:20:00
9677,33,voicemail,711,2025-08-05 18:53:00
9678,38,connected,766,2025-04-03 11:59:00
9679,55,voicemail,32,2025-09-06 14:12:00
9680,35,connected,418,2025-01-14 17:26:00
9681,40,connected,47,2025-09-12 08:24:00
9682,18,voicemail,809,2025-05-03 16:52:00
9683,43,connected,168,2025-06-09 11:37:00
9684,52,connected,142,2025-08-07 14:55:00
9685,46,missed,568,2025-05-02 16:54:00
9686,48,voicemail,467,2025-09-16 08:20:00
9687,9,connected,218,2025-09-02 15:40:00
9688,16,connected,544,2025-06-19 18:51:00
9689,25,missed,600,2025-07-26 09:18:00
9690,51,connected,351,2025-03-10 12:09:00
9691,21,voicemail,368,2025-12-02 18:38:00
9692,38,voicemail,865,2025-03-20 16:59:00
9693,52,missed,257,2025-06-25 11:54:00
9694,44,missed,425,2025-10-13 13:40:00
9695,57,connected,160,2025-09-03 12:01:00
9696,36,connected,378,2025-04-27 16:44:00
9697,22,connected,210,2025-10-15 14:25:00
9698,4,missed,694,2025-06-19 18:12:00
9699,29,connected,843,2025-09-20 17:06:00
9700,58,voicemail,31,2025-06-17 15:47:00
9701,7,connected,530,2025-08-06 13:18:00
9702,32,connected,58,2025-05-19 13:30:00
9703,54,voicemail,680,2025-09-26 16:58:00
9704,42,connected,791,2025-05-16 17:54:00
9705,22,connected,437,2025-04-02 15:10:00
9706,25,connected,628,2025-10-27 18:06:00
9707,54,connected,801,2025-04-01 16:00:00
9708,22,connected,705,2025-01-24 19:15:00
9709,15,connected,185,2025-06-10 13:33:00
9710,49,voicemail,729,2025-12-17 11:40:00
9711,43,voicemail,531,2025-10-11 11:21:00
9712,8,voicemail,762,2025-02-04 11:54:00
9713,42,missed,886,2025-07-01 17:12:00
9714,29,connected,540,2025-07-05 16:22:00
9715,25,missed,261,2025-10-04 18:05:00
9716,53,voicemail,257,2025-11-06 13:58:00
9717,23,connected,324,2025-11-30 19:51:00
9718,11,connected,817,2025-11-14 18:29:00
9719,35,connected,425,2025-04-02 16:04:00
9720,58,missed,293,2025-05-03 11:19:00
9721,9,connected,832,2025-01-02 12:39:00
9722,49,missed,637,2025-04-26 15:54:00
9723,51,connected,701,2025-08-09 18:52:00
9724,34,voicemail,58,2025-05-09 08:24:00
9725,44,voicemail,213,2025-01-22 10:46:00
9726,12,missed,402,2025-11-09 17:35:00
9727,40,voicemail,826,2025-04-18 09:44:00
9728,54,connected,728,2025-06-07 14:09:00
9729,21,missed,192,2025-04-05 18:56:00
9730,23,voicemail,324,2025-02-22 19:24:00
9731,47,connected,15,2025-06-19 09:39:00
9732,59,connected,320,2025-04-07 18:16:00
9733,2,connected,756,2025-06-06 15:45:00
9734,23,connected,746,2025-02-15 13:26:00
9735,25,connected,337,2025-04-03 10:22:00
9736,15,connected,106,2025-01-24 14:30:00
9737,13,missed,326,2025-09-30 15:26:00
9738,29,voicemail,679,2025-08-31 11:38:00
9739,4,connected,732,2025-02-13 16:18:00
9740,48,connected,721,2025-05-24 17:03:00
9741,7,connected,318,2025-01-27 17:03:00
9742,12,voicemail,351,2025-04-02 13:38:00
9743,4,connected,553,2025-07-27 16:45:00
9744,60,missed,144,2025-08-31 11:40:00
9745,41,voicemail,773,2025-07-01 08:14:00
9746,15,connected,575,2025-07-30 11:10:00
9747,33,voicemail,116,2025-12-11 14:26:00
9748,49,connected,851,2025-02-11 18:33:00
9749,52,connected,780,2025-02-25 16:11:00
9750,42,voicemail,756,2025-06-07 11:46:00
9751,10,voicemail,709,2025-10-09 11:10:00
9752,22,missed,682,2025-06-14 12:18:00
9753,20,voicemail,609,2025-06-21 11:23:00
9754,35,connected,94,2025-04-26 08:45:00
9755,13,voicemail,488,2025-03-26 16:35:00
9756,54,missed,629,2025-08-21 14:54:00
9757,46,connected,257,2025-08-04 08:06:00
9758,52,connected,311,2025-05-09 09:56:00
9759,4,missed,775,2025-06-07 14:33:00
9760,40,connected,483,2025-01-11 14:25:00
9761,5,connected,730,2025-05-16 16:37:00
9762,4,connected,249,2025-07-19 15:58:00
9763,40,missed,79,2025-04-26 11:56:00
9764,58,missed,118,2025-12-17 08:21:00
9765,46,connected,797,2025-08-24 17:46:00
9766,39,connected,103,2025-06-05 19:33:00
9767,51,missed,787,2025-06-17 14:35:00
9768,28,connected,574,2025-08-30 18:18:00
9769,29,connected,763,2025-06-19 10:53:00
9770,49,connected,353,2025-02-17 12:43:00
9771,51,voicemail,785,2025-01-11 13:31:00
9772,1,missed,315,2025-03-19 13:35:00
9773,23,connected,811,2025-03-20 09:52:00
9774,16,voicemail,641,2025-01-07 15:27:00
9775,7,voicemail,53,2025-10-05 09:23:00
9776,43,connected,229,2025-07-11 11:18:00
9777,58,connected,754,2025-02-20 19:04:00
9778,23,voicemail,227,2025-01-26 11:30:00
9779,54,connected,695,2025-11-25 18:53:00
9780,51,missed,827,2025-05-11 15:56:00
9781,55,missed,838,2025-06-02 14:30:00
9782,16,voicemail,756,2025-09-23 08:00:00
9783,4,voicemail,47,2025-04-10 14:25:00
9784,58,connected,844,2025-04-28 18:53:00
9785,52,missed,492,2025-09-01 09:43:00
9786,9,missed,815,2025-03-20 16:03:00
9787,20,connected,878,2025-05-26 09:24:00
9788,27,voicemail,840,2025-01-23 15:10:00
9789,39,missed,815,2025-11-14 17:22:00
9790,22,voicemail,351,2025-04-09 15:22:00
9791,26,missed,246,2025-09-29 12:52:00
9792,34,voicemail,472,2025-04-03 15:55:00
9793,34,connected,552,2025-11-03 12:40:00
9794,15,missed,214,2025-04-13 14:09:00
9795,18,missed,67,2025-09-18 08:01:00
9796,53,missed,44,2025-02-20 17:59:00
9797,14,connected,680,2025-10-13 14:43:00
9798,43,connected,692,2025-11-29 12:29:00
9799,13,connected,732,2025-04-17 10:03:00
9800,43,voicemail,219,2025-07-24 18:14:00
9801,60,voicemail,690,2025-10-21 11:17:00
9802,7,connected,870,2025-01-04 19:47:00
9803,17,missed,724,2025-07-02 19:59:00
9804,23,connected,360,2025-01-29 11:03:00
9805,44,voicemail,682,2025-09-06 18:13:00
9806,49,connected,152,2025-01-27 17:00:00
9807,4,connected,263,2025-12-10 15:42:00
9808,43,connected,392,2025-08-10 08:48:00
9809,19,voicemail,841,2025-06-06 14:48:00
9810,12,missed,27,2025-03-30 18:12:00
9811,26,voicemail,620,2025-11-05 13:30:00
9812,46,connected,543,2025-06-27 08:59:00
9813,42,voicemail,899,2025-04-02 17:06:00
9814,47,voicemail,148,2025-04-06 16:54:00
9815,4,connected,191,2025-03-24 18:25:00
9816,18,connected,124,2025-01-04 14:59:00
9817,27,connected,808,2025-03-13 10:28:00
9818,37,voicemail,741,2025-11-28 08:34:00
9819,6,connected,350,2025-12-13 13:02:00
9820,30,missed,450,2025-10-12 09:50:00
9821,46,voicemail,557,2025-05-08 13:32:00
9822,46,connected,70,2025-07-04 09:43:00
9823,57,connected,754,2025-08-17 17:10:00
9824,60,voicemail,612,2025-01-17 17:51:00
9825,48,connected,785,2025-01-23 15:58:00
9826,58,missed,654,2025-10-07 19:00:00
9827,53,connected,386,2025-11-27 10:21:00
9828,56,connected,217,2025-10-17 08:46:00
9829,34,missed,327,2025-10-21 14:36:00
9830,25,missed,883,2025-04-05 11:48:00
9831,18,connected,650,2025-02-26 17:38:00
9832,48,missed,381,2025-03-16 12:37:00
9833,23,connected,195,2025-10-20 16:53:00
9834,40,connected,757,2025-03-21 15:08:00
9835,9,connected,197,2025-05-06 16:29:00
9836,38,missed,484,2025-12-04 11:27:00
9837,58,voicemail,869,2025-05-03 15:20:00
9838,39,connected,151,2025-10-19 12:48:00
9839,48,connected,618,2025-07-15 14:31:00
9840,25,missed,431,2025-02-07 09:29:00
9841,15,voicemail,594,2025-07-28 19:26:00
9842,22,connected,220,2025-05-11 13:27:00
9843,49,connected,321,2025-09-21 19:08:00
9844,40,connected,746,2025-02-09 11:01:00
9845,19,connected,710,2025-04-12 19:14:00
9846,3,missed,805,2025-02-17 09:50:00
9847,57,connected,60,2025-07-02 08:07:00
9848,31,voicemail,900,2025-11-20 10:08:00
9849,21,connected,292,2025-08-08 09:33:00
9850,31,connected,295,2025-05-16 19:51:00
9851,51,voicemail,576,2025-10-09 08:24:00
9852,18,voicemail,707,2025-11-23 08:25:00
9853,34,connected,693,2025-06-17 18:24:00
9854,53,missed,791,2025-11-02 12:15:00
9855,59,voicemail,385,2025-06-03 17:54:00
9856,31,connected,802,2025-11-02 10:43:00
9857,54,connected,320,2025-05-04 15:04:00
9858,6,connected,661,2025-05-20 15:30:00
9859,10,connected,66,2025-01-01 15:41:00
9860,38,connected,216,2025-06-02 13:23:00
9861,13,connected,419,2025-10-07 14:57:00
9862,26,connected,824,2025-02-14 09:55:00
9863,25,connected,203,2025-05-22 19:57:00
9864,2,voicemail,845,2025-10-18 14:13:00
9865,56,voicemail,571,2025-11-21 19:48:00
9866,30,connected,90,2025-10-22 10:39:00
9867,22,connected,450,2025-11-11 08:53:00
9868,15,voicemail,576,2025-10-18 17:42:00
9869,35,missed,386,2025-11-01 18:10:00
9870,7,missed,395,2025-06-23 19:56:00
9871,31,connected,202,2025-06-01 10:56:00
9872,51,connected,215,2025-10-24 12:40:00
9873,28,voicemail,623,2025-02-13 16:53:00
9874,29,connected,351,2025-09-27 16:08:00
9875,60,connected,718,2025-08-17 14:11:00
9876,14,connected,47,2025-03-30 08:11:00
9877,31,connected,722,2025-01-17 12:48:00
9878,20,connected,738,2025-03-22 09:03:00
9879,48,voicemail,104,2025-02-26 08:52:00
9880,39,voicemail,388,2025-01-05 11:40:00
9881,58,connected,690,2025-08-14 19:36:00
9882,33,connected,688,2025-12-09 09:49:00
9883,31,voicemail,198,2025-03-07 16:33:00
9884,14,connected,608,2025-03-12 16:15:00
9885,49,connected,94,2025-09-08 10:10:00
9886,2,connected,224,2025-08-25 09:59:00
9887,40,connected,346,2025-09-08 19:29:00
9888,26,connected,464,2025-04-04 17:55:00
9889,25,connected,405,2025-09-11 14:14:00
9890,45,connected,767,2025-08-21 15:12:00
9891,50,missed,886,2025-04-10 13:16:00
9892,59,connected,768,2025-08-27 12:01:00
9893,5,voicemail,384,2025-09-27 17:45:00
9894,40,connected,585,2025-02-20 18:21:00
9895,27,connected,543,2025-11-22 14:58:00
9896,8,missed,394,2025-06-18 13:50:00
9897,13,missed,781,2025-06-11 11:20:00
9898,44,connected,76,2025-10-20 15:25:00
9899,27,voicemail,725,2025-09-07 16:39:00
9900,58,missed,535,2025-10-30 12:08:00
9901,52,connected,586,2025-09-11 12:43:00
9902,41,voicemail,664,2025-07-18 10:12:00
9903,20,voicemail,838,2025-05-17 10:08:00
9904,30,connected,894,2025-10-06 09:49:00
9905,34,connected,503,2025-09-04 08:33:00
9906,58,connected,91,2025-03-03 11:19:00
9907,51,missed,161,2025-04-12 17:26:00
9908,27,connected,172,2025-06-08 09:32:00
9909,41,connected,554,2025-10-06 10:05:00
9910,48,connected,799,2025-12-03 10:03:00
9911,53,connected,16,2025-01-06 17:34:00
9912,29,voicemail,404,2025-12-11 17:28:00
9913,11,voicemail,639,2025-10-03 17:23:00
9914,29,voicemail,811,2025-09-28 19:51:00
9915,2,missed,258,2025-02-20 13:15:00
9916,58,connected,279,2025-02-01 15:26:00
9917,38,missed,870,2025-09-13 19:12:00
9918,39,connected,429,2025-09-04 12:31:00
9919,40,connected,519,2025-11-12 12:09:00
9920,45,connected,384,2025-03-14 08:10:00
9921,37,connected,654,2025-03-03 11:41:00
9922,44,connected,806,2025-02-01 11:37:00
9923,11,connected,596,2025-10-19 14:29:00
9924,16,missed,57,2025-04-20 14:01:00
9925,1,voicemail,421,2025-10-26 10:05:00
9926,24,missed,670,2025-10-26 12:48:00
9927,35,connected,460,2025-01-18 19:43:00
9928,58,connected,645,2025-10-28 13:24:00
9929,16,voicemail,865,2025-10-21 11:51:00
9930,41,voicemail,364,2025-09-15 09:25:00
9931,3,missed,560,2025-05-12 18:25:00
9932,37,connected,67,2025-02-28 14:21:00
9933,45,connected,199,2025-10-03 09:06:00
9934,60,connected,653,2025-04-24 09:40:00
9935,26,connected,865,2025-02-23 13:31:00
9936,1,voicemail,311,2025-06-15 19:35:00
9937,11,voicemail,185,2025-12-19 17:33:00
9938,17,voicemail,365,2025-08-21 08:06:00
9939,27,connected,705,2025-10-28 11:12:00
9940,52,connected,344,2025-11-28 17:02:00
9941,30,connected,448,2025-04-03 18:41:00
9942,46,voicemail,505,2025-12-08 09:26:00
9943,9,missed,410,2025-12-10 10:24:00
9944,56,voicemail,506,2025-08-10 16:55:00
9945,7,connected,817,2025-07-17 12:51:00
9946,24,connected,529,2025-09-20 18:08:00
9947,54,connected,871,2025-05-22 18:08:00
9948,44,connected,621,2025-02-21 18:11:00
9949,13,connected,445,2025-08-27 14:36:00
9950,44,missed,857,2025-02-23 09:23:00
9951,32,connected,177,2025-03-28 18:40:00
9952,47,voicemail,460,2025-02-19 13:43:00
9953,45,voicemail,228,2025-03-23 17:56:00
9954,20,missed,355,2025-04-15 14:41:00
9955,35,connected,35,2025-12-02 08:25:00
9956,49,voicemail,404,2025-06-26 09:21:00
9957,54,connected,250,2025-09-17 13:35:00
9958,53,voicemail,329,2025-12-01 17:54:00
9959,5,connected,557,2025-12-15 18:09:00
9960,19,missed,830,2025-04-16 19:54:00
9961,46,connected,704,2025-09-06 16:02:00
9962,3,connected,185,2025-07-19 15:31:00
9963,6,connected,25,2025-12-20 10:58:00
9964,4,connected,265,2025-11-28 19:08:00
9965,51,connected,458,2025-02-15 17:45:00
9966,3,voicemail,122,2025-03-02 14:55:00
9967,18,connected,136,2025-07-09 09:45:00
9968,12,connected,234,2025-06-22 19:49:00
9969,34,connected,675,2025-11-27 15:23:00
9970,2,connected,834,2025-12-03 10:30:00
9971,35,voicemail,139,2025-04-25 14:36:00
9972,22,connected,388,2025-03-16 19:45:00
9973,39,voicemail,686,2025-04-10 10:03:00
9974,38,missed,180,2025-01-29 12:03:00
9975,48,connected,716,2025-01-15 18:06:00
9976,9,connected,477,2025-02-22 16:47:00
9977,46,connected,193,2025-06-14 15:00:00
9978,12,voicemail,863,2025-01-12 12:20:00
9979,22,connected,449,2025-08-21 11:56:00
9980,40,missed,796,2025-10-18 12:48:00
9981,16,connected,450,2025-04-26 16:09:00
9982,2,connected,392,2025-08-23 10:51:00
9983,29,connected,775,2025-06-20 08:25:00
9984,42,missed,321,2025-02-20 09:58:00
9985,49,connected,483,2025-11-07 09:12:00
9986,15,connected,280,2025-10-17 13:02:00
9987,11,missed,383,2025-03-02 11:06:00
9988,6,voicemail,319,2025-07-08 17:30:00
9989,36,connected,719,2025-11-23 18:26:00
9990,19,voicemail,233,2025-04-12 10:51:00
9991,26,connected,360,2025-02-06 08:38:00
9992,11,connected,18,2025-06-10 16:59:00
9993,15,missed,92,2025-06-04 10:36:00
9994,7,voicemail,343,2025-11-30 16:40:00
9995,31,voicemail,191,2025-01-24 14:13:00
9996,25,connected,294,2025-11-26 10:08:00
9997,21,connected,605,2025-10-15 14:15:00
9998,58,connected,609,2025-06-24 17:33:00
9999,60,voicemail,696,2025-04-21 13:21:00
10000,31,voicemail,701,2025-01-02 15:58:00
