quote_id,lead_id,dealer_id,carrier,monthly_premium,quoted_at
1,1,11,In-House Agency,161.74,2025-12-05 11:09:00
2,4,56,Carrier A,193.14,2025-02-25 15:42:00
3,6,33,Carrier A,275.57,2025-08-09 12:49:00
4,7,32,Carrier B,287.0,2025-11-19 09:08:00
5,8,5,Carrier B,289.54,2025-08-04 17:44:00
6,10,52,In-House Agency,241.02,2025-11-07 14:46:00
7,11,2,Carrier A,105.81,2025-07-24 14:20:00
8,12,49,Carrier A,234.78,2025-08-06 18:02:00
9,18,51,Carrier B,97.72,2025-10-22 14:52:00
10,19,28,In-House Agency,302.58,2025-07-10 12:39:00
11,20,35,Carrier A,154.97,2025-09-06 15:15:00
12,21,37,Carrier A,171.29,2025-11-12 12:21:00
13,23,45,In-House Agency,147.31,2025-09-04 18:37:00
14,24,36,Carrier A,162.84,2025-06-24 19:34:00
15,26,49,Carrier B,98.04,2025-09-27 16:08:00
16,27,41,Carrier A,302.58,2025-09-11 12:55:00
17,28,53,In-House Agency,299.06,2025-02-04 09:15:00
18,30,40,In-House Agency,111.14,2025-02-21 08:26:00
19,35,59,In-House Agency,211.1,2025-05-30 15:05:00
20,36,57,In-House Agency,221.23,2025-08-15 08:48:00
21,38,59,Carrier B,169.81,2025-05-23 13:20:00
22,40,53,In-House Agency,272.36,2025-10-12 08:42:00
23,41,30,Carrier A,138.77,2025-08-03 16:08:00
24,42,29,Carrier B,213.43,2025-09-07 16:26:00
25,43,54,Carrier B,147.4,2025-03-23 16:09:00
26,44,50,Carrier B,275.06,2025-08-06 17:42:00
27,45,10,Carrier B,281.96,2025-08-20 19:15:00
28,47,25,Carrier B,281.99,2025-12-10 15:06:00
29,48,30,Carrier B,229.0,2025-01-10 14:41:00
30,54,32,Carrier B,288.76,2025-10-26 18:34:00
31,56,7,Carrier B,154.01,2025-05-07 17:55:00
32,59,54,Carrier A,219.61,2025-03-15 19:08:00
33,63,44,Carrier B,239.66,2025-07-26 18:16:00
34,65,36,Carrier B,234.59,2025-06-22 09:08:00
35,67,45,Carrier B,227.37,2025-10-04 12:02:00
36,68,14,Carrier B,108.02,2025-08-21 12:12:00
37,71,36,Carrier A,154.61,2025-04-21 10:08:00
38,72,52,In-House Agency,164.61,2025-04-01 10:16:00
39,73,31,Carrier A,251.36,2025-08-22 18:33:00
40,74,55,Carrier B,225.78,2025-07-25 09:08:00
41,76,55,Carrier A,183.97,2025-12-05 15:25:00
42,82,15,Carrier B,276.71,2025-02-26 17:39:00
43,83,36,Carrier B,293.13,2025-01-19 13:00:00
44,84,48,Carrier A,174.56,2025-11-23 19:20:00
45,86,44,Carrier A,257.31,2025-02-13 09:22:00
46,87,19,In-House Agency,106.78,2025-12-17 11:19:00
47,90,52,Carrier B,218.79,2025-07-01 17:25:00
48,93,34,Carrier A,204.75,2025-02-11 09:33:00
49,94,58,Carrier A,132.3,2025-06-30 10:48:00
50,98,38,Carrier B,111.5,2025-01-31 09:39:00
51,101,29,In-House Agency,189.12,2025-02-23 15:33:00
52,102,11,Carrier A,264.68,2025-07-10 18:21:00
53,104,59,Carrier A,161.56,2025-07-04 14:41:00
54,105,53,In-House Agency,186.03,2025-03-12 13:01:00
55,107,7,Carrier A,223.41,2025-09-21 10:10:00
56,108,3,Carrier B,145.31,2025-08-04 11:19:00
57,111,56,Carrier A,156.29,2025-05-13 10:17:00
58,112,33,Carrier B,106.45,2025-03-17 16:23:00
59,113,21,In-House Agency,273.69,2025-02-23 19:30:00
60,115,28,Carrier B,108.5,2025-03-02 15:38:00
61,116,41,Carrier A,217.69,2025-09-23 10:42:00
62,120,7,Carrier A,273.53,2025-10-30 18:29:00
63,123,33,In-House Agency,166.36,2025-07-23 09:51:00
64,124,12,Carrier A,187.58,2025-09-15 10:34:00
65,125,19,Carrier A,251.27,2025-06-09 13:39:00
66,126,18,In-House Agency,129.4,2025-11-29 08:09:00
67,127,44,Carrier A,225.1,2025-08-17 18:28:00
68,128,24,Carrier A,301.51,2025-08-18 08:47:00
69,133,41,Carrier A,172.59,2025-04-03 17:23:00
70,135,47,In-House Agency,110.95,2025-09-05 15:43:00
71,139,36,In-House Agency,297.45,2025-05-22 10:10:00
72,143,20,Carrier A,128.99,2025-09-10 14:30:00
73,145,23,Carrier A,152.51,2025-07-27 11:09:00
74,147,32,In-House Agency,193.3,2025-09-24 11:13:00
75,148,4,Carrier A,187.65,2025-01-26 12:46:00
76,149,4,In-House Agency,155.14,2025-10-22 17:43:00
77,151,13,Carrier B,206.66,2025-11-07 10:38:00
78,154,31,In-House Agency,230.29,2025-01-14 17:30:00
79,156,10,Carrier B,127.56,2025-12-17 19:13:00
80,158,34,Carrier B,291.11,2025-04-18 13:34:00
81,159,13,In-House Agency,246.57,2025-05-08 13:30:00
82,161,19,In-House Agency,198.0,2025-01-24 11:52:00
83,163,16,Carrier B,249.23,2025-01-29 09:43:00
84,164,1,Carrier B,156.36,2025-10-11 08:58:00
85,170,42,Carrier A,132.73,2025-05-17 18:57:00
86,173,22,Carrier A,238.57,2025-06-05 15:19:00
87,174,41,In-House Agency,175.33,2025-06-06 19:35:00
88,177,8,In-House Agency,190.0,2025-02-03 18:13:00
89,178,32,In-House Agency,107.41,2025-02-19 15:43:00
90,185,15,Carrier B,272.02,2025-01-06 11:29:00
91,186,8,Carrier A,190.98,2025-01-21 18:45:00
92,188,4,In-House Agency,270.95,2025-03-17 11:19:00
93,191,42,Carrier B,134.53,2025-12-12 16:30:00
94,192,52,Carrier B,138.72,2025-08-27 18:05:00
95,193,55,In-House Agency,103.5,2025-07-13 09:12:00
96,195,1,In-House Agency,224.95,2025-04-20 11:25:00
97,196,36,In-House Agency,284.8,2025-06-16 15:06:00
98,197,47,In-House Agency,126.37,2025-08-30 12:35:00
99,200,32,In-House Agency,212.51,2025-11-26 10:58:00
100,202,27,Carrier B,108.0,2025-03-15 18:42:00
101,203,59,In-House Agency,250.27,2025-09-05 16:18:00
102,204,59,Carrier B,265.91,2025-02-21 09:23:00
103,206,6,Carrier A,231.9,2025-12-04 19:10:00
104,207,7,In-House Agency,294.0,2025-09-28 16:36:00
105,211,47,Carrier B,225.11,2025-02-10 17:38:00
106,212,51,In-House Agency,176.72,2025-08-23 17:18:00
107,214,48,Carrier A,123.49,2025-07-21 10:27:00
108,215,36,Carrier B,280.7,2025-09-24 08:18:00
109,216,50,Carrier A,124.85,2025-02-16 12:17:00
110,217,5,Carrier A,249.99,2025-03-29 15:38:00
111,219,52,In-House Agency,138.18,2025-06-22 13:11:00
112,220,21,Carrier B,270.55,2025-06-02 14:23:00
113,221,12,In-House Agency,109.87,2025-12-18 14:43:00
114,225,39,In-House Agency,104.52,2025-11-28 18:43:00
115,226,49,In-House Agency,219.81,2025-06-23 17:14:00
116,229,10,Carrier B,250.23,2025-06-28 15:20:00
117,230,22,Carrier A,166.16,2025-12-02 14:29:00
118,233,37,Carrier B,208.46,2025-02-27 18:20:00
119,234,40,In-House Agency,267.13,2025-07-25 17:37:00
120,235,20,In-House Agency,177.5,2025-03-02 10:31:00
121,236,45,In-House Agency,106.53,2025-11-30 13:00:00
122,237,13,Carrier B,200.07,2025-07-21 09:36:00
123,239,32,In-House Agency,271.86,2025-10-11 08:48:00
124,243,40,In-House Agency,170.43,2025-11-20 12:38:00
125,244,21,Carrier A,308.38,2025-06-02 18:08:00
126,245,9,In-House Agency,152.77,2025-05-12 14:24:00
127,248,41,Carrier A,201.36,2025-12-10 13:53:00
128,250,30,Carrier A,309.07,2025-01-12 10:56:00
129,253,28,Carrier A,206.68,2025-12-06 15:00:00
130,254,9,Carrier B,284.41,2025-09-04 10:24:00
131,257,59,In-House Agency,251.95,2025-07-30 13:27:00
132,259,45,Carrier B,158.54,2025-01-19 08:50:00
133,260,16,Carrier B,295.79,2025-09-11 10:24:00
134,261,37,Carrier A,97.97,2025-08-08 11:02:00
135,262,51,Carrier B,112.72,2025-07-28 16:34:00
136,263,18,In-House Agency,259.09,2025-02-16 18:43:00
137,264,20,Carrier A,192.47,2025-08-15 17:03:00
138,265,46,Carrier B,130.9,2025-03-17 10:47:00
139,266,18,In-House Agency,229.92,2025-03-07 15:29:00
140,267,4,In-House Agency,250.4,2025-09-17 11:47:00
141,268,3,In-House Agency,267.67,2025-01-07 19:47:00
142,271,3,Carrier A,174.32,2025-07-28 12:36:00
143,273,47,In-House Agency,283.6,2025-10-12 13:00:00
144,277,26,Carrier B,294.1,2025-02-10 14:44:00
145,279,38,Carrier B,302.4,2025-03-01 11:28:00
146,280,52,Carrier A,114.61,2025-12-20 11:22:00
147,281,12,Carrier A,267.84,2025-01-19 10:07:00
148,285,28,Carrier B,155.17,2025-07-23 10:02:00
149,286,40,Carrier B,124.51,2025-05-08 11:41:00
150,288,23,Carrier A,100.6,2025-09-05 17:14:00
151,289,23,In-House Agency,107.02,2025-10-31 11:36:00
152,292,37,In-House Agency,142.04,2025-04-08 16:30:00
153,297,60,Carrier B,122.38,2025-11-16 19:00:00
154,301,57,Carrier A,249.89,2025-06-23 08:24:00
155,302,27,In-House Agency,234.96,2025-03-30 18:14:00
156,304,36,Carrier A,225.57,2025-02-22 14:10:00
157,305,45,Carrier A,105.67,2025-10-12 17:35:00
158,307,39,Carrier B,276.41,2025-09-03 12:50:00
159,308,35,Carrier B,194.99,2025-07-20 11:53:00
160,312,3,Carrier A,299.05,2025-09-18 10:13:00
161,314,41,In-House Agency,165.12,2025-03-20 12:33:00
162,315,56,In-House Agency,221.41,2025-01-08 09:59:00
163,316,23,Carrier B,181.64,2025-07-31 17:38:00
164,317,26,Carrier B,287.86,2025-01-23 08:21:00
165,320,39,Carrier B,271.52,2025-12-01 16:50:00
166,321,55,Carrier B,105.87,2025-09-26 13:45:00
167,322,41,In-House Agency,213.54,2025-03-08 13:10:00
168,330,31,In-House Agency,299.72,2025-02-07 18:19:00
169,331,55,Carrier B,150.78,2025-11-07 14:25:00
170,332,46,In-House Agency,283.45,2025-04-25 10:18:00
171,333,36,Carrier B,185.4,2025-04-09 13:23:00
172,336,10,Carrier A,262.47,2025-03-17 15:21:00
173,338,11,Carrier B,187.24,2025-10-26 15:24:00
174,340,15,Carrier A,159.11,2025-06-26 12:29:00
175,342,32,Carrier A,252.83,2025-07-04 17:32:00
176,343,41,Carrier A,243.3,2025-05-11 14:28:00
177,346,7,In-House Agency,137.95,2025-09-20 12:53:00
178,347,13,In-House Agency,295.62,2025-07-04 13:15:00
179,349,7,Carrier A,278.23,2025-05-13 13:51:00
180,350,28,Carrier A,165.66,2025-03-06 15:39:00
181,355,57,In-House Agency,162.56,2025-03-10 19:55:00
182,356,50,In-House Agency,115.48,2025-10-28 18:46:00
183,358,55,Carrier A,203.99,2025-09-13 16:41:00
184,359,52,In-House Agency,235.48,2025-10-24 09:25:00
185,360,36,In-House Agency,139.47,2025-10-13 18:29:00
186,363,1,Carrier A,287.83,2025-06-24 15:08:00
187,365,26,Carrier A,294.22,2025-04-24 18:37:00
188,367,54,Carrier A,178.29,2025-10-28 17:38:00
189,368,33,Carrier B,192.36,2025-07-18 10:08:00
190,371,59,Carrier B,247.73,2025-12-16 13:35:00
191,375,45,In-House Agency,253.99,2025-06-05 11:47:00
192,377,60,Carrier B,138.66,2025-07-20 15:53:00
193,378,48,Carrier A,135.2,2025-11-10 10:47:00
194,383,34,Carrier A,237.62,2025-02-05 13:23:00
195,386,8,In-House Agency,267.61,2025-07-19 15:31:00
196,388,14,In-House Agency,283.91,2025-12-14 19:49:00
197,389,53,Carrier A,106.67,2025-02-06 12:35:00
198,390,29,In-House Agency,249.86,2025-11-19 09:48:00
199,397,20,In-House Agency,125.63,2025-04-23 10:14:00
200,399,36,In-House Agency,219.83,2025-08-26 13:22:00
201,401,45,Carrier A,263.92,2025-10-29 19:47:00
202,402,18,Carrier B,213.61,2025-07-06 10:41:00
203,407,38,In-House Agency,146.36,2025-05-29 17:43:00
204,408,12,Carrier A,142.05,2025-10-19 15:14:00
205,412,58,Carrier B,265.42,2025-02-11 17:00:00
206,413,9,Carrier A,172.88,2025-08-15 19:52:00
207,415,27,Carrier A,286.52,2025-01-16 10:03:00
208,416,41,Carrier B,131.67,2025-01-13 14:38:00
209,419,33,In-House Agency,103.39,2025-12-21 16:32:00
210,420,6,In-House Agency,187.77,2025-09-09 14:23:00
211,422,48,Carrier B,223.63,2025-10-22 16:26:00
212,423,8,Carrier A,128.28,2025-09-26 18:37:00
213,426,50,Carrier A,116.56,2025-07-28 16:25:00
214,427,52,Carrier A,267.94,2025-10-14 10:30:00
215,428,28,Carrier B,227.0,2025-02-18 16:18:00
216,432,6,In-House Agency,246.28,2025-05-22 09:35:00
217,433,18,Carrier B,203.84,2025-04-27 16:04:00
218,435,25,Carrier A,198.62,2025-10-20 12:04:00
219,436,23,In-House Agency,271.53,2025-09-27 09:35:00
220,442,58,Carrier A,106.64,2025-10-26 14:30:00
221,444,45,Carrier A,164.97,2025-09-27 17:55:00
222,445,31,Carrier B,278.68,2025-11-12 12:28:00
223,447,48,In-House Agency,209.81,2025-03-23 13:50:00
224,448,17,Carrier B,275.38,2025-10-17 09:28:00
225,449,17,In-House Agency,302.07,2025-07-06 11:36:00
226,456,9,Carrier B,117.15,2025-05-02 09:59:00
227,457,36,Carrier A,235.79,2025-01-29 14:19:00
228,459,56,In-House Agency,133.06,2025-09-06 17:29:00
229,461,31,Carrier B,97.27,2025-10-05 16:52:00
230,462,9,Carrier B,96.96,2025-06-29 14:51:00
231,464,25,In-House Agency,242.2,2025-07-17 12:41:00
232,465,52,Carrier B,227.81,2025-05-23 12:44:00
233,467,19,Carrier B,141.7,2025-05-18 14:19:00
234,469,10,Carrier B,273.07,2025-01-31 09:49:00
235,472,60,Carrier B,198.46,2025-06-15 12:12:00
236,473,41,Carrier A,303.3,2025-08-12 17:50:00
237,474,45,In-House Agency,167.76,2025-11-07 18:03:00
238,478,13,In-House Agency,129.47,2025-10-22 16:09:00
239,479,53,Carrier A,228.24,2025-05-16 13:49:00
240,481,50,In-House Agency,236.66,2025-10-10 08:53:00
241,483,54,Carrier A,225.28,2025-07-20 09:00:00
242,486,53,In-House Agency,115.88,2025-11-13 19:14:00
243,489,45,In-House Agency,129.01,2025-12-09 17:28:00
244,495,36,Carrier B,286.27,2025-10-22 11:14:00
245,496,37,In-House Agency,218.89,2025-04-27 09:38:00
246,499,60,In-House Agency,216.46,2025-01-08 13:32:00
247,501,33,In-House Agency,255.24,2025-02-19 16:25:00
248,504,21,Carrier B,169.07,2025-12-18 18:01:00
249,505,11,Carrier A,242.35,2025-06-30 10:48:00
250,507,19,Carrier A,254.1,2025-01-10 11:13:00
251,509,2,Carrier A,264.68,2025-07-14 17:17:00
252,510,43,In-House Agency,178.1,2025-05-21 14:32:00
253,511,7,In-House Agency,294.17,2025-06-14 08:02:00
254,512,26,Carrier B,269.56,2025-03-26 18:16:00
255,516,22,Carrier A,161.43,2025-08-19 19:57:00
256,517,9,In-House Agency,120.45,2025-08-13 13:53:00
257,518,47,In-House Agency,153.87,2025-01-21 11:06:00
258,519,40,Carrier A,203.0,2025-05-02 17:30:00
259,520,24,Carrier A,293.97,2025-04-08 14:14:00
260,523,47,In-House Agency,264.19,2025-06-15 16:06:00
261,525,34,Carrier B,130.79,2025-11-21 12:39:00
262,527,8,Carrier B,100.36,2025-04-05 15:37:00
263,529,51,Carrier A,207.62,2025-03-27 14:46:00
264,530,33,In-House Agency,282.33,2025-11-12 10:10:00
265,532,8,In-House Agency,268.6,2025-03-12 17:56:00
266,536,43,Carrier A,239.5,2025-10-24 17:42:00
267,537,39,Carrier A,260.23,2025-10-21 13:23:00
268,538,53,Carrier B,165.78,2025-02-09 14:33:00
269,542,32,In-House Agency,266.3,2025-04-06 19:54:00
270,543,22,Carrier B,264.89,2025-07-01 12:19:00
271,548,20,Carrier B,266.9,2025-10-22 13:04:00
272,549,18,Carrier B,135.29,2025-01-20 09:55:00
273,551,24,Carrier A,291.37,2025-08-20 15:32:00
274,553,7,In-House Agency,119.9,2025-09-27 12:59:00
275,554,57,In-House Agency,286.81,2025-01-26 13:12:00
276,558,35,Carrier A,186.69,2025-08-16 10:45:00
277,559,38,In-House Agency,258.06,2025-11-20 16:05:00
278,560,49,In-House Agency,247.7,2025-09-01 15:30:00
279,562,21,Carrier B,260.11,2025-08-22 17:36:00
280,563,7,Carrier A,228.49,2025-06-19 16:10:00
281,567,53,Carrier B,165.39,2025-08-20 18:42:00
282,568,49,In-House Agency,219.26,2025-11-25 11:13:00
283,573,26,Carrier A,197.1,2025-11-22 11:35:00
284,574,56,In-House Agency,188.9,2025-12-13 10:05:00
285,576,25,Carrier A,248.11,2025-07-06 12:26:00
286,577,37,Carrier B,301.77,2025-07-11 09:09:00
287,578,34,In-House Agency,237.7,2025-05-29 18:04:00
288,579,35,In-House Agency,289.8,2025-10-27 17:46:00
289,581,38,Carrier A,122.27,2025-03-31 09:54:00
290,582,17,In-House Agency,253.88,2025-03-10 18:28:00
291,586,49,Carrier A,176.66,2025-03-05 19:24:00
292,587,10,In-House Agency,300.51,2025-10-03 09:58:00
293,588,23,Carrier B,235.68,2025-08-10 14:29:00
294,590,12,Carrier A,242.38,2025-06-14 13:14:00
295,596,17,Carrier B,300.46,2025-03-24 12:11:00
296,597,32,Carrier A,227.0,2025-04-16 09:58:00
297,599,2,In-House Agency,165.91,2025-09-13 14:36:00
298,601,8,In-House Agency,309.36,2025-10-18 18:05:00
299,604,29,Carrier A,265.44,2025-04-11 18:19:00
300,612,48,Carrier A,222.51,2025-12-15 13:04:00
301,613,24,In-House Agency,175.87,2025-10-16 10:01:00
302,615,19,Carrier B,207.46,2025-08-07 14:15:00
303,617,51,Carrier A,228.07,2025-06-08 16:32:00
304,618,13,Carrier A,233.65,2025-02-27 12:13:00
305,619,22,Carrier A,199.29,2025-11-13 09:04:00
306,621,21,Carrier B,286.64,2025-04-29 09:30:00
307,622,4,Carrier B,249.76,2025-08-13 18:22:00
308,623,13,Carrier B,184.92,2025-06-24 13:14:00
309,626,18,In-House Agency,298.44,2025-01-09 17:57:00
310,628,53,Carrier B,299.24,2025-02-25 10:22:00
311,629,43,Carrier B,260.94,2025-06-09 19:25:00
312,630,1,Carrier B,245.08,2025-11-21 17:34:00
313,631,14,Carrier B,285.92,2025-12-22 09:24:00
314,632,12,Carrier A,211.02,2025-11-30 18:30:00
315,633,49,In-House Agency,241.25,2025-10-27 12:03:00
316,634,34,Carrier B,266.98,2025-03-08 19:51:00
317,635,57,Carrier B,301.03,2025-02-04 09:06:00
318,637,35,Carrier A,99.74,2025-03-10 11:53:00
319,638,42,In-House Agency,244.83,2025-06-25 16:28:00
320,639,37,Carrier A,126.89,2025-03-11 12:29:00
321,643,23,Carrier B,295.18,2025-03-17 10:29:00
322,647,20,In-House Agency,232.88,2025-01-13 17:33:00
323,648,35,In-House Agency,225.09,2025-08-19 08:58:00
324,649,26,Carrier B,161.24,2025-03-19 15:55:00
325,651,58,Carrier B,197.04,2025-08-07 16:21:00
326,653,59,In-House Agency,160.34,2025-03-14 16:47:00
327,654,2,Carrier B,184.69,2025-01-07 15:58:00
328,656,38,Carrier A,175.24,2025-09-09 19:36:00
329,657,10,Carrier B,231.79,2025-06-15 13:03:00
330,658,50,In-House Agency,266.97,2025-11-20 12:43:00
331,659,24,Carrier B,183.58,2025-02-21 10:06:00
332,661,49,Carrier B,169.87,2025-02-28 19:23:00
333,664,51,In-House Agency,205.4,2025-02-27 08:30:00
334,667,23,Carrier A,271.21,2025-06-30 08:33:00
335,668,49,Carrier B,173.79,2025-10-08 17:11:00
336,669,7,Carrier B,121.58,2025-04-03 09:33:00
337,671,20,Carrier B,296.9,2025-12-18 13:11:00
338,672,26,In-House Agency,305.18,2025-08-18 19:59:00
339,675,50,Carrier B,307.32,2025-10-29 16:17:00
340,678,10,Carrier B,138.42,2025-06-08 18:31:00
341,680,3,Carrier A,214.68,2025-08-09 12:56:00
342,681,32,Carrier B,236.92,2025-08-14 18:34:00
343,683,25,Carrier A,274.94,2025-11-12 13:51:00
344,684,2,In-House Agency,147.51,2025-11-17 11:41:00
345,686,37,Carrier B,217.63,2025-09-23 13:36:00
346,688,24,Carrier B,309.19,2025-08-12 14:51:00
347,689,18,In-House Agency,272.1,2025-02-04 16:51:00
348,693,41,Carrier B,276.49,2025-02-05 14:20:00
349,694,59,Carrier B,242.67,2025-02-03 11:25:00
350,700,60,Carrier A,223.96,2025-03-03 13:21:00
351,701,48,Carrier B,189.49,2025-07-20 12:55:00
352,702,32,Carrier A,302.11,2025-10-06 10:23:00
353,706,55,Carrier B,140.23,2025-08-16 10:58:00
354,709,53,In-House Agency,253.62,2025-02-26 15:44:00
355,710,51,Carrier A,128.93,2025-11-25 16:45:00
356,715,15,In-House Agency,150.93,2025-02-18 09:23:00
357,718,39,Carrier A,157.39,2025-04-22 12:15:00
358,719,59,Carrier B,304.5,2025-05-09 14:43:00
359,720,17,In-House Agency,296.95,2025-02-09 17:45:00
360,722,9,Carrier B,123.36,2025-10-16 13:45:00
361,726,49,Carrier A,106.73,2025-03-20 10:02:00
362,727,11,In-House Agency,199.32,2025-09-02 15:07:00
363,730,1,Carrier B,100.58,2025-09-27 18:43:00
364,733,21,In-House Agency,110.21,2025-10-19 17:24:00
365,735,19,In-House Agency,224.76,2025-11-30 13:42:00
366,737,52,Carrier B,240.43,2025-07-10 18:43:00
367,738,60,Carrier B,159.58,2025-09-11 10:43:00
368,739,54,In-House Agency,118.14,2025-05-08 14:26:00
369,740,38,Carrier B,104.73,2025-02-12 14:56:00
370,743,7,Carrier B,243.74,2025-08-14 18:47:00
371,745,45,Carrier A,244.65,2025-12-12 11:54:00
372,746,28,Carrier A,130.71,2025-11-17 10:47:00
373,747,32,Carrier A,166.78,2025-09-02 09:40:00
374,751,36,Carrier B,191.39,2025-02-07 14:01:00
375,753,54,In-House Agency,235.29,2025-12-06 13:50:00
376,755,9,Carrier B,145.46,2025-04-02 16:03:00
377,757,22,Carrier B,260.42,2025-08-11 16:17:00
378,761,59,Carrier A,128.17,2025-07-10 13:21:00
379,764,24,Carrier B,292.37,2025-11-22 15:54:00
380,765,44,Carrier A,167.74,2025-07-05 14:49:00
381,770,29,Carrier B,250.9,2025-06-28 19:56:00
382,771,33,In-House Agency,150.62,2025-10-14 12:46:00
383,772,33,Carrier A,257.66,2025-02-26 09:28:00
384,774,15,In-House Agency,253.57,2025-07-02 09:20:00
385,775,13,Carrier A,186.35,2025-07-04 10:30:00
386,776,26,Carrier B,243.14,2025-11-01 15:46:00
387,777,53,In-House Agency,280.6,2025-03-30 09:44:00
388,778,36,Carrier A,207.4,2025-07-11 09:23:00
389,780,57,Carrier A,282.14,2025-05-28 14:30:00
390,782,49,Carrier B,114.2,2025-03-17 17:42:00
391,783,25,In-House Agency,114.03,2025-05-02 10:45:00
392,787,57,Carrier B,280.32,2025-10-24 08:21:00
393,789,35,In-House Agency,131.38,2025-03-31 17:20:00
394,791,4,Carrier B,299.11,2025-04-18 12:03:00
395,795,51,In-House Agency,157.19,2025-05-09 10:00:00
396,797,19,Carrier A,273.56,2025-01-29 19:35:00
397,799,49,Carrier B,98.41,2025-08-24 19:08:00
398,800,1,In-House Agency,200.13,2025-11-13 14:34:00
399,805,24,In-House Agency,180.16,2025-01-20 12:36:00
400,809,45,In-House Agency,239.72,2025-12-17 18:03:00
401,810,21,Carrier A,285.02,2025-08-14 11:03:00
402,811,26,Carrier B,300.92,2025-04-15 11:12:00
403,813,22,In-House Agency,265.73,2025-05-11 09:49:00
404,816,4,Carrier B,277.73,2025-06-04 14:06:00
405,817,27,In-House Agency,228.13,2025-05-03 13:41:00
406,818,51,In-House Agency,109.52,2025-01-18 11:57:00
407,819,41,Carrier A,266.36,2025-09-19 08:08:00
408,820,57,In-House Agency,221.08,2025-10-05 18:09:00
409,824,41,In-House Agency,175.82,2025-04-27 14:11:00
410,825,1,Carrier A,230.74,2025-07-08 13:02:00
411,826,13,Carrier A,133.39,2025-04-16 08:11:00
412,828,8,In-House Agency,305.08,2025-06-24 17:56:00
413,829,46,Carrier B,163.36,2025-02-08 14:40:00
414,830,51,In-House Agency,285.45,2025-03-22 11:46:00
415,831,25,In-House Agency,244.32,2025-11-29 19:31:00
416,832,38,Carrier B,280.58,2025-07-26 14:13:00
417,833,36,Carrier A,195.03,2025-02-17 17:21:00
418,834,30,Carrier B,145.26,2025-08-11 18:04:00
419,835,35,In-House Agency,138.07,2025-11-26 11:43:00
420,836,39,Carrier B,298.35,2025-03-14 17:48:00
421,837,31,Carrier A,197.0,2025-12-06 16:37:00
422,839,28,Carrier B,297.82,2025-08-03 08:31:00
423,840,54,In-House Agency,159.42,2025-07-06 17:01:00
424,842,59,Carrier A,197.08,2025-11-11 13:36:00
425,843,41,In-House Agency,200.05,2025-06-10 10:12:00
426,844,19,Carrier B,179.09,2025-12-06 09:08:00
427,845,31,In-House Agency,237.93,2025-02-08 10:38:00
428,846,20,Carrier B,108.75,2025-10-29 14:38:00
429,847,34,Carrier B,233.95,2025-06-18 15:22:00
430,848,46,In-House Agency,187.9,2025-06-06 14:58:00
431,851,14,In-House Agency,259.81,2025-09-10 13:26:00
432,853,48,Carrier A,247.46,2025-08-27 10:20:00
433,855,29,Carrier A,158.24,2025-03-13 16:47:00
434,858,43,Carrier A,294.7,2025-02-25 13:58:00
435,859,1,Carrier A,250.66,2025-06-27 08:26:00
436,861,26,In-House Agency,162.99,2025-08-11 14:13:00
437,865,45,Carrier B,305.27,2025-07-23 18:30:00
438,867,58,Carrier B,202.23,2025-03-06 11:09:00
439,868,47,In-House Agency,265.23,2025-11-03 14:41:00
440,869,49,In-House Agency,307.5,2025-01-13 18:44:00
441,870,39,Carrier A,300.04,2025-07-18 08:40:00
442,871,14,In-House Agency,195.42,2025-03-09 10:46:00
443,873,31,In-House Agency,188.19,2025-02-14 10:52:00
444,874,31,In-House Agency,132.78,2025-01-15 14:29:00
445,877,26,Carrier A,177.74,2025-07-11 17:10:00
446,878,33,In-House Agency,148.06,2025-09-11 15:02:00
447,879,24,Carrier B,298.02,2025-11-24 10:16:00
448,881,58,Carrier B,202.64,2025-02-16 16:42:00
449,884,1,Carrier B,252.6,2025-04-02 10:11:00
450,885,33,Carrier A,150.76,2025-02-27 14:28:00
451,886,40,Carrier B,101.38,2025-02-25 11:30:00
452,888,3,Carrier B,196.74,2025-02-21 13:38:00
453,889,24,Carrier A,304.69,2025-12-20 13:51:00
454,891,16,Carrier A,307.03,2025-07-09 13:01:00
455,892,56,In-House Agency,265.7,2025-01-29 13:27:00
456,893,60,In-House Agency,125.78,2025-09-02 16:56:00
457,895,36,Carrier A,131.64,2025-08-29 18:44:00
458,897,58,Carrier B,282.47,2025-12-15 17:49:00
459,899,42,Carrier A,118.95,2025-11-27 13:47:00
460,902,52,In-House Agency,278.26,2025-12-14 13:09:00
461,903,19,In-House Agency,102.38,2025-04-28 13:19:00
462,905,14,Carrier A,277.34,2025-09-16 11:44:00
463,908,26,Carrier B,115.92,2025-02-10 13:48:00
464,909,56,Carrier B,157.58,2025-02-02 10:13:00
465,911,11,In-House Agency,167.77,2025-02-02 14:09:00
466,913,12,In-House Agency,177.15,2025-12-04 18:41:00
467,916,7,Carrier A,164.92,2025-11-01 19:58:00
468,920,12,In-House Agency,129.66,2025-01-04 16:16:00
469,921,3,Carrier A,148.39,2025-02-18 08:33:00
470,922,19,In-House Agency,210.72,2025-12-06 11:44:00
471,924,18,Carrier A,181.01,2025-03-12 09:16:00
472,927,39,Carrier A,111.67,2025-03-29 09:34:00
473,933,44,In-House Agency,205.42,2025-09-30 10:42:00
474,934,47,Carrier A,189.38,2025-11-27 13:51:00
475,936,6,Carrier A,130.5,2025-06-07 08:05:00
476,938,9,In-House Agency,135.89,2025-09-03 19:00:00
477,941,57,Carrier B,201.53,2025-09-26 10:23:00
478,942,22,Carrier A,95.48,2025-12-16 18:36:00
479,943,40,Carrier A,170.19,2025-09-07 19:11:00
480,945,27,Carrier B,173.37,2025-03-07 10:34:00
481,947,1,In-House Agency,166.21,2025-07-06 08:10:00
482,950,54,Carrier A,259.99,2025-07-23 11:03:00
483,951,22,Carrier B,148.27,2025-08-08 10:46:00
484,953,13,Carrier A,308.4,2025-09-01 17:40:00
485,954,15,In-House Agency,137.92,2025-03-03 08:24:00
486,955,20,Carrier A,160.42,2025-11-26 12:23:00
487,956,58,Carrier B,155.23,2025-01-27 17:06:00
488,957,17,Carrier A,166.21,2025-09-13 19:51:00
489,961,49,Carrier B,286.69,2025-04-19 16:22:00
490,962,29,Carrier A,130.89,2025-11-23 12:44:00
491,965,25,Carrier A,222.3,2025-10-19 08:56:00
492,967,19,In-House Agency,126.85,2025-05-18 12:59:00
493,968,8,In-House Agency,151.77,2025-01-06 10:26:00
494,971,50,In-House Agency,224.93,2025-10-31 11:52:00
495,972,21,Carrier B,174.26,2025-05-23 15:05:00
496,974,2,Carrier A,186.67,2025-06-09 15:58:00
497,975,26,Carrier A,118.66,2025-02-24 08:48:00
498,978,55,Carrier B,128.22,2025-02-15 08:34:00
499,979,41,Carrier B,125.49,2025-10-10 11:01:00
500,980,19,Carrier A,116.87,2025-04-26 12:22:00
501,981,60,In-House Agency,186.43,2025-02-14 18:43:00
502,982,59,Carrier A,262.22,2025-09-13 10:20:00
503,983,37,Carrier B,163.65,2025-08-10 14:30:00
504,984,27,In-House Agency,209.76,2025-11-08 16:34:00
505,988,24,Carrier A,255.6,2025-03-14 09:44:00
506,989,25,Carrier A,197.52,2025-01-18 17:55:00
507,990,16,Carrier A,255.84,2025-02-14 19:19:00
508,991,47,In-House Agency,101.91,2025-06-22 10:32:00
509,995,5,Carrier B,234.03,2025-08-28 11:17:00
510,996,55,Carrier A,257.65,2025-06-25 12:12:00
511,999,49,In-House Agency,240.06,2025-05-26 13:26:00
512,1001,31,Carrier A,299.86,2025-11-02 11:56:00
513,1006,36,Carrier B,218.95,2025-02-14 13:05:00
514,1007,49,Carrier B,182.94,2025-08-17 17:58:00
515,1010,4,Carrier A,217.58,2025-05-09 09:14:00
516,1011,30,Carrier B,260.17,2025-11-25 11:25:00
517,1013,10,Carrier B,305.39,2025-11-26 11:03:00
518,1014,41,Carrier B,282.33,2025-04-06 16:13:00
519,1015,17,Carrier B,297.52,2025-04-06 15:30:00
520,1017,36,In-House Agency,254.71,2025-11-07 19:46:00
521,1018,56,Carrier B,297.81,2025-06-12 10:40:00
522,1019,38,In-House Agency,176.17,2025-02-20 13:13:00
523,1021,33,Carrier B,207.48,2025-03-09 13:07:00
524,1022,30,In-House Agency,243.04,2025-08-10 14:40:00
525,1023,54,In-House Agency,116.44,2025-02-27 15:32:00
526,1024,3,Carrier A,137.05,2025-12-11 15:07:00
527,1025,51,Carrier B,161.09,2025-07-27 14:43:00
528,1026,10,Carrier B,146.99,2025-07-15 14:12:00
529,1027,26,In-House Agency,129.07,2025-01-29 11:06:00
530,1028,9,Carrier A,298.97,2025-09-20 11:05:00
531,1029,38,In-House Agency,123.07,2025-03-25 15:40:00
532,1030,23,In-House Agency,262.71,2025-04-07 14:49:00
533,1031,10,Carrier A,118.02,2025-11-22 12:16:00
534,1032,6,Carrier B,110.82,2025-02-09 18:04:00
535,1035,1,In-House Agency,205.03,2025-03-23 10:13:00
536,1039,17,Carrier B,130.62,2025-04-03 11:46:00
537,1040,57,Carrier B,137.94,2025-08-20 13:23:00
538,1042,19,Carrier B,187.32,2025-11-07 10:22:00
539,1043,50,In-House Agency,265.98,2025-06-13 11:35:00
540,1045,27,Carrier B,105.06,2025-12-19 12:26:00
541,1047,37,Carrier A,167.54,2025-01-07 08:04:00
542,1048,54,Carrier B,226.65,2025-08-03 14:19:00
543,1049,30,Carrier A,272.47,2025-09-11 10:06:00
544,1053,51,Carrier A,256.9,2025-07-16 14:40:00
545,1055,21,In-House Agency,234.13,2025-09-06 11:44:00
546,1056,43,In-House Agency,205.49,2025-04-25 13:48:00
547,1057,46,Carrier B,304.64,2025-08-23 17:32:00
548,1058,28,In-House Agency,118.69,2025-03-26 08:57:00
549,1059,18,Carrier A,171.2,2025-01-19 11:09:00
550,1060,18,Carrier A,181.58,2025-07-11 17:17:00
551,1062,15,Carrier B,143.69,2025-02-28 17:44:00
552,1063,26,Carrier B,231.93,2025-07-22 19:38:00
553,1064,59,Carrier A,135.28,2025-11-15 15:09:00
554,1065,43,Carrier A,222.71,2025-09-05 15:37:00
555,1066,53,Carrier A,116.5,2025-01-10 19:21:00
556,1067,48,Carrier B,247.68,2025-07-01 16:49:00
557,1069,10,In-House Agency,244.6,2025-08-03 14:23:00
558,1070,7,Carrier B,285.92,2025-05-26 14:37:00
559,1074,43,Carrier B,272.48,2025-03-26 09:03:00
560,1075,1,In-House Agency,238.05,2025-08-11 16:09:00
561,1078,25,Carrier A,216.24,2025-08-07 18:56:00
562,1079,13,In-House Agency,194.15,2025-05-13 10:24:00
563,1080,54,In-House Agency,171.88,2025-08-17 13:27:00
564,1082,40,Carrier B,106.51,2025-06-08 14:08:00
565,1083,1,Carrier A,166.7,2025-08-30 09:52:00
566,1084,48,In-House Agency,254.19,2025-10-28 15:08:00
567,1085,20,Carrier A,206.76,2025-01-08 11:13:00
568,1087,17,Carrier A,134.73,2025-11-15 19:42:00
569,1089,26,Carrier B,193.27,2025-07-17 17:24:00
570,1094,18,In-House Agency,236.68,2025-12-07 17:45:00
571,1097,11,In-House Agency,266.06,2025-04-30 09:57:00
572,1098,47,Carrier A,189.93,2025-07-21 13:38:00
573,1100,37,In-House Agency,129.85,2025-10-13 16:51:00
574,1101,6,Carrier A,172.31,2025-10-27 14:36:00
575,1102,5,In-House Agency,272.93,2025-06-25 16:22:00
576,1104,20,Carrier B,293.29,2025-02-22 12:24:00
577,1105,5,In-House Agency,162.13,2025-03-26 17:03:00
578,1106,58,Carrier B,138.11,2025-03-01 08:08:00
579,1109,7,Carrier A,295.22,2025-01-20 08:49:00
580,1110,13,Carrier A,178.23,2025-10-04 14:44:00
581,1111,8,Carrier A,221.55,2025-11-13 11:26:00
582,1113,5,Carrier A,309.59,2025-02-04 10:38:00
583,1114,5,Carrier B,248.32,2025-05-10 13:49:00
584,1115,56,Carrier A,169.53,2025-12-01 14:45:00
585,1116,32,Carrier A,121.39,2025-05-28 19:52:00
586,1117,3,Carrier B,154.76,2025-05-01 14:19:00
587,1119,25,In-House Agency,160.61,2025-08-16 16:48:00
588,1121,56,In-House Agency,156.79,2025-08-12 16:29:00
589,1124,50,In-House Agency,148.86,2025-10-07 18:51:00
590,1125,1,Carrier A,189.58,2025-03-08 15:02:00
591,1126,31,In-House Agency,162.52,2025-11-27 09:28:00
592,1127,15,Carrier A,134.61,2025-11-24 16:55:00
593,1129,2,In-House Agency,190.42,2025-12-14 16:04:00
594,1132,11,Carrier B,204.82,2025-07-09 19:32:00
595,1136,52,In-House Agency,158.01,2025-01-28 11:21:00
596,1137,48,In-House Agency,111.44,2025-03-05 13:41:00
597,1139,27,Carrier A,112.52,2025-12-14 14:32:00
598,1140,37,Carrier A,185.0,2025-09-12 16:45:00
599,1141,48,Carrier A,205.7,2025-02-21 16:58:00
600,1145,45,In-House Agency,222.51,2025-03-10 18:41:00
601,1146,21,Carrier B,168.34,2025-08-15 17:33:00
602,1147,38,Carrier A,270.01,2025-09-19 19:56:00
603,1148,14,Carrier A,156.89,2025-08-10 15:28:00
604,1154,8,Carrier B,154.36,2025-07-05 18:47:00
605,1158,15,Carrier B,123.34,2025-12-14 18:56:00
606,1159,5,In-House Agency,176.76,2025-09-11 17:15:00
607,1160,31,Carrier B,266.3,2025-10-02 14:38:00
608,1161,8,Carrier B,300.61,2025-05-29 18:07:00
609,1162,52,Carrier B,108.07,2025-09-09 13:16:00
610,1163,27,Carrier B,231.8,2025-07-21 08:19:00
611,1165,9,Carrier B,291.13,2025-11-11 16:04:00
612,1168,16,Carrier A,128.74,2025-01-10 12:01:00
613,1169,8,In-House Agency,250.25,2025-07-13 19:26:00
614,1170,38,Carrier B,153.92,2025-07-20 11:06:00
615,1171,28,In-House Agency,203.92,2025-02-22 14:01:00
616,1172,47,Carrier B,260.81,2025-07-21 15:23:00
617,1175,34,Carrier A,102.85,2025-10-20 19:36:00
618,1176,56,Carrier A,164.2,2025-01-08 19:30:00
619,1182,10,Carrier B,194.52,2025-05-31 13:59:00
620,1183,55,Carrier B,109.42,2025-03-12 08:19:00
621,1184,13,Carrier A,170.35,2025-02-19 16:56:00
622,1185,19,In-House Agency,211.32,2025-08-09 18:12:00
623,1189,14,Carrier A,124.45,2025-02-16 15:27:00
624,1190,21,In-House Agency,197.01,2025-06-07 12:53:00
625,1191,34,Carrier B,215.5,2025-02-11 15:44:00
626,1192,44,Carrier B,260.71,2025-03-05 13:46:00
627,1193,40,In-House Agency,136.9,2025-10-16 17:19:00
628,1194,1,In-House Agency,149.4,2025-11-12 18:03:00
629,1195,53,In-House Agency,283.11,2025-01-19 16:51:00
630,1199,58,Carrier B,184.52,2025-06-17 18:42:00
631,1200,6,In-House Agency,255.57,2025-03-31 08:19:00
632,1201,37,Carrier A,134.92,2025-02-19 17:40:00
633,1205,27,Carrier B,114.87,2025-04-29 13:37:00
634,1206,54,In-House Agency,188.28,2025-03-30 18:51:00
635,1208,18,In-House Agency,236.54,2025-02-16 10:30:00
636,1211,12,Carrier B,222.62,2025-07-07 19:27:00
637,1213,20,In-House Agency,181.16,2025-01-23 08:10:00
638,1216,10,Carrier B,161.12,2025-06-28 10:15:00
639,1218,1,Carrier B,238.71,2025-09-03 15:45:00
640,1221,2,In-House Agency,223.82,2025-04-24 14:58:00
641,1222,3,Carrier B,161.88,2025-04-20 18:52:00
642,1223,17,Carrier B,242.5,2025-08-04 09:41:00
643,1225,1,Carrier B,254.54,2025-09-09 09:38:00
644,1228,10,In-House Agency,282.52,2025-01-08 14:03:00
645,1229,3,Carrier B,240.12,2025-03-07 08:34:00
646,1233,59,In-House Agency,232.13,2025-09-30 09:24:00
647,1234,47,In-House Agency,150.22,2025-02-11 18:47:00
648,1236,35,Carrier B,255.58,2025-05-08 10:17:00
649,1237,3,Carrier A,263.14,2025-11-07 18:08:00
650,1239,39,Carrier A,168.73,2025-08-28 13:22:00
651,1241,17,Carrier A,139.62,2025-07-28 16:23:00
652,1242,2,Carrier B,214.63,2025-03-21 15:15:00
653,1243,55,In-House Agency,305.46,2025-03-06 16:26:00
654,1245,33,Carrier A,293.64,2025-10-05 10:25:00
655,1246,12,Carrier A,228.06,2025-12-21 10:39:00
656,1247,6,In-House Agency,196.46,2025-11-07 09:23:00
657,1248,56,Carrier A,164.39,2025-04-14 12:04:00
658,1250,51,Carrier A,194.38,2025-04-02 09:00:00
659,1253,29,In-House Agency,294.39,2025-09-07 18:41:00
660,1255,47,Carrier A,151.87,2025-03-31 13:41:00
661,1256,30,In-House Agency,150.45,2025-09-12 12:38:00
662,1258,11,In-House Agency,122.64,2025-10-23 17:18:00
663,1259,17,Carrier B,173.29,2025-11-23 16:47:00
664,1260,34,Carrier B,207.52,2025-07-31 14:55:00
665,1264,59,Carrier A,180.68,2025-01-12 09:21:00
666,1265,18,In-House Agency,148.31,2025-10-15 12:51:00
667,1266,45,Carrier B,213.67,2025-12-04 09:47:00
668,1267,4,Carrier B,264.85,2025-04-17 09:12:00
669,1269,20,Carrier A,221.62,2025-10-24 18:39:00
670,1270,1,In-House Agency,156.01,2025-05-12 18:19:00
671,1272,32,Carrier B,239.69,2025-01-04 09:59:00
672,1273,22,Carrier A,161.05,2025-11-24 12:20:00
673,1276,21,Carrier B,295.88,2025-09-24 12:23:00
674,1278,4,Carrier A,139.85,2025-08-03 19:16:00
675,1279,51,Carrier B,279.13,2025-07-19 09:04:00
676,1280,31,In-House Agency,175.63,2025-01-28 09:03:00
677,1281,18,Carrier A,164.78,2025-10-08 19:26:00
678,1282,56,In-House Agency,212.52,2025-03-21 18:16:00
679,1284,55,Carrier B,166.6,2025-07-07 18:45:00
680,1285,42,Carrier B,98.48,2025-08-03 14:02:00
681,1286,56,In-House Agency,114.81,2025-06-17 16:49:00
682,1289,22,Carrier B,96.37,2025-08-25 14:01:00
683,1291,13,Carrier A,161.32,2025-10-23 09:01:00
684,1292,55,In-House Agency,139.89,2025-01-22 12:10:00
685,1294,29,Carrier B,180.82,2025-03-08 11:49:00
686,1296,48,In-House Agency,172.37,2025-11-06 12:32:00
687,1300,58,Carrier A,125.15,2025-06-19 15:48:00
688,1301,19,Carrier A,254.52,2025-07-14 18:11:00
689,1302,14,Carrier B,101.13,2025-06-06 15:02:00
690,1303,10,Carrier A,169.96,2025-07-28 11:05:00
691,1304,5,In-House Agency,95.16,2025-03-03 15:30:00
692,1306,31,Carrier A,143.49,2025-09-11 09:47:00
693,1310,48,Carrier A,129.81,2025-07-17 13:00:00
694,1314,32,Carrier B,186.7,2025-10-09 08:34:00
695,1318,37,Carrier A,175.51,2025-10-03 09:43:00
696,1319,35,Carrier B,287.16,2025-11-13 15:20:00
697,1322,42,Carrier A,286.92,2025-08-05 09:46:00
698,1323,44,Carrier A,206.93,2025-03-24 16:06:00
699,1325,30,Carrier B,275.17,2025-03-20 12:07:00
700,1326,28,Carrier A,114.04,2025-10-31 19:38:00
701,1328,28,In-House Agency,204.18,2025-08-06 14:42:00
702,1329,23,Carrier B,238.11,2025-02-16 09:49:00
703,1334,3,Carrier A,100.19,2025-07-28 13:06:00
704,1335,55,Carrier B,193.51,2025-05-10 18:16:00
705,1340,32,Carrier A,220.1,2025-06-29 16:44:00
706,1341,19,In-House Agency,223.56,2025-10-14 18:25:00
707,1343,48,Carrier A,212.82,2025-05-31 18:17:00
708,1344,15,In-House Agency,198.9,2025-08-14 15:26:00
709,1346,57,Carrier B,211.18,2025-07-19 09:44:00
710,1348,15,Carrier B,228.04,2025-06-28 15:37:00
711,1349,11,Carrier A,108.71,2025-01-17 13:04:00
712,1354,38,Carrier A,305.65,2025-03-04 10:53:00
713,1355,22,Carrier B,244.73,2025-02-18 10:54:00
714,1356,46,In-House Agency,231.1,2025-08-11 13:28:00
715,1358,7,Carrier A,267.01,2025-03-30 17:36:00
716,1361,12,Carrier A,268.55,2025-09-21 12:59:00
717,1362,11,In-House Agency,212.82,2025-02-24 14:50:00
718,1363,8,Carrier A,265.72,2025-12-12 08:22:00
719,1364,43,In-House Agency,233.29,2025-12-05 12:20:00
720,1365,26,In-House Agency,178.59,2025-08-14 15:50:00
721,1366,50,In-House Agency,288.56,2025-12-21 16:11:00
722,1367,48,Carrier A,272.11,2025-01-29 18:55:00
723,1370,32,Carrier A,293.73,2025-04-21 08:57:00
724,1373,42,Carrier B,149.49,2025-05-21 08:40:00
725,1374,3,Carrier B,109.3,2025-08-19 16:20:00
726,1377,31,Carrier A,146.98,2025-09-08 17:23:00
727,1379,50,Carrier A,170.28,2025-04-20 11:57:00
728,1380,26,Carrier B,236.47,2025-07-15 15:01:00
729,1381,5,Carrier A,118.94,2025-05-08 09:26:00
730,1382,2,In-House Agency,145.24,2025-11-13 14:00:00
731,1384,5,In-House Agency,178.15,2025-01-16 19:15:00
732,1387,12,Carrier A,104.15,2025-07-20 14:45:00
733,1389,27,In-House Agency,180.76,2025-08-04 19:33:00
734,1391,27,Carrier B,159.57,2025-07-16 17:26:00
735,1392,11,Carrier B,216.99,2025-12-05 10:17:00
736,1393,44,Carrier A,281.63,2025-10-19 10:48:00
737,1394,21,Carrier A,99.62,2025-11-09 08:21:00
738,1395,21,Carrier B,220.44,2025-07-06 15:30:00
739,1396,52,Carrier B,129.03,2025-10-19 16:40:00
740,1397,18,Carrier A,284.25,2025-12-20 15:24:00
741,1399,29,Carrier B,109.81,2025-01-11 10:39:00
742,1403,58,Carrier B,191.52,2025-01-15 14:21:00
743,1407,9,In-House Agency,113.23,2025-06-30 18:58:00
744,1409,16,Carrier A,128.59,2025-02-18 18:55:00
745,1410,41,Carrier A,134.9,2025-06-24 19:05:00
746,1416,38,In-House Agency,146.77,2025-06-03 08:41:00
747,1417,44,Carrier A,228.27,2025-05-14 14:05:00
748,1419,59,Carrier B,171.99,2025-07-07 15:23:00
749,1422,26,Carrier A,264.48,2025-08-26 14:55:00
750,1424,12,Carrier B,179.33,2025-04-22 12:53:00
751,1425,36,Carrier B,303.36,2025-05-24 08:22:00
752,1426,5,Carrier A,184.51,2025-06-18 08:19:00
753,1430,45,In-House Agency,136.79,2025-05-02 10:20:00
754,1432,57,Carrier A,208.79,2025-01-12 15:38:00
755,1433,47,Carrier B,148.02,2025-05-17 18:00:00
756,1434,51,Carrier A,300.91,2025-05-25 17:38:00
757,1437,27,In-House Agency,190.49,2025-02-11 13:06:00
758,1439,21,In-House Agency,175.63,2025-01-11 08:40:00
759,1440,21,Carrier A,284.9,2025-07-26 08:46:00
760,1441,9,Carrier A,114.75,2025-09-17 13:22:00
761,1442,26,Carrier A,191.43,2025-10-07 09:48:00
762,1443,17,Carrier A,197.92,2025-05-02 08:14:00
763,1444,10,Carrier B,200.83,2025-03-16 18:45:00
764,1447,26,Carrier B,204.84,2025-04-23 10:53:00
765,1448,21,In-House Agency,205.04,2025-05-19 14:13:00
766,1451,15,Carrier B,139.37,2025-10-19 19:24:00
767,1453,51,Carrier A,298.56,2025-12-08 08:19:00
768,1454,47,In-House Agency,283.44,2025-10-21 09:17:00
769,1455,2,Carrier A,292.67,2025-06-03 19:43:00
770,1456,57,In-House Agency,214.85,2025-09-05 12:01:00
771,1460,13,In-House Agency,104.49,2025-05-17 17:53:00
772,1461,36,Carrier B,193.1,2025-09-12 15:34:00
773,1464,44,Carrier B,293.81,2025-10-06 18:29:00
774,1467,37,In-House Agency,211.96,2025-03-13 16:06:00
775,1469,22,Carrier B,142.1,2025-09-13 13:47:00
776,1471,49,In-House Agency,299.27,2025-04-07 11:48:00
777,1472,53,Carrier A,134.93,2025-04-18 18:04:00
778,1473,43,Carrier B,228.14,2025-07-28 15:40:00
779,1474,3,Carrier B,280.15,2025-12-19 14:48:00
780,1476,25,Carrier A,250.72,2025-01-20 19:40:00
781,1477,30,In-House Agency,278.75,2025-07-18 11:39:00
782,1478,1,In-House Agency,133.97,2025-12-17 12:44:00
783,1481,28,Carrier B,261.78,2025-02-26 18:57:00
784,1482,15,Carrier A,116.83,2025-06-29 10:08:00
785,1483,39,In-House Agency,174.18,2025-10-20 16:06:00
786,1484,3,Carrier B,197.04,2025-05-28 16:58:00
787,1485,6,Carrier B,109.37,2025-10-22 18:11:00
788,1488,38,Carrier A,135.56,2025-10-02 15:30:00
789,1490,10,In-House Agency,130.42,2025-12-08 18:48:00
790,1491,41,Carrier B,100.95,2025-07-07 18:46:00
791,1492,26,In-House Agency,286.08,2025-08-23 18:55:00
792,1494,27,Carrier B,194.87,2025-02-06 13:19:00
793,1495,39,In-House Agency,244.48,2025-06-22 18:38:00
794,1498,56,Carrier B,304.05,2025-05-29 11:52:00
795,1500,19,In-House Agency,206.82,2025-04-11 09:46:00
796,1503,30,In-House Agency,306.53,2025-10-06 08:04:00
797,1504,36,In-House Agency,306.06,2025-10-29 17:06:00
798,1506,4,In-House Agency,242.65,2025-01-22 11:02:00
799,1507,37,Carrier A,142.39,2025-02-01 17:36:00
800,1510,11,Carrier A,147.04,2025-02-19 17:10:00
801,1511,59,Carrier B,190.93,2025-04-27 11:06:00
802,1512,27,Carrier B,139.1,2025-08-20 18:31:00
803,1513,57,In-House Agency,139.18,2025-09-29 10:45:00
804,1517,24,Carrier B,169.87,2025-07-18 12:23:00
805,1519,52,Carrier A,114.86,2025-04-16 19:35:00
806,1520,19,Carrier A,144.84,2025-03-18 09:39:00
807,1521,31,Carrier B,270.72,2025-08-05 10:34:00
808,1522,10,In-House Agency,269.86,2025-10-03 16:32:00
809,1524,54,In-House Agency,148.37,2025-07-08 18:38:00
810,1525,5,In-House Agency,211.42,2025-07-16 14:56:00
811,1527,49,Carrier A,110.78,2025-05-09 13:53:00
812,1528,20,Carrier A,191.74,2025-07-16 17:50:00
813,1529,9,Carrier B,199.66,2025-12-02 15:45:00
814,1531,60,Carrier B,111.8,2025-02-26 12:22:00
815,1532,36,In-House Agency,130.68,2025-09-04 09:09:00
816,1533,36,Carrier B,166.82,2025-05-22 17:29:00
817,1537,10,Carrier B,97.6,2025-03-14 10:12:00
818,1538,13,Carrier A,279.65,2025-08-02 12:46:00
819,1539,5,Carrier B,269.51,2025-04-28 13:39:00
820,1542,52,Carrier B,202.26,2025-11-05 19:25:00
821,1544,60,Carrier B,159.3,2025-02-24 11:10:00
822,1546,10,Carrier B,294.48,2025-08-04 14:37:00
823,1548,7,In-House Agency,234.31,2025-02-12 08:00:00
824,1550,45,Carrier A,309.21,2025-07-02 09:02:00
825,1552,40,Carrier A,233.34,2025-09-29 19:32:00
826,1553,3,Carrier B,158.14,2025-07-25 19:52:00
827,1554,52,Carrier A,112.08,2025-05-02 17:56:00
828,1555,47,Carrier B,183.12,2025-02-10 18:42:00
829,1556,36,Carrier B,136.17,2025-10-29 09:03:00
830,1557,32,In-House Agency,302.84,2025-08-28 14:42:00
831,1558,51,Carrier A,205.25,2025-03-27 15:17:00
832,1563,13,Carrier B,104.57,2025-08-15 13:01:00
833,1565,37,Carrier A,270.6,2025-05-04 18:57:00
834,1566,26,Carrier A,187.45,2025-05-19 09:51:00
835,1567,35,In-House Agency,106.01,2025-10-11 17:13:00
836,1568,36,In-House Agency,138.06,2025-06-01 18:27:00
837,1572,56,Carrier B,121.11,2025-03-07 16:29:00
838,1573,31,Carrier B,268.42,2025-12-10 16:16:00
839,1574,59,In-House Agency,136.75,2025-11-19 18:22:00
840,1577,25,Carrier B,98.68,2025-06-18 18:59:00
841,1580,8,Carrier B,103.37,2025-11-19 09:03:00
842,1581,43,Carrier A,304.65,2025-03-15 13:04:00
843,1583,56,Carrier B,163.44,2025-03-14 09:11:00
844,1584,38,In-House Agency,213.02,2025-02-10 17:55:00
845,1586,27,Carrier A,117.97,2025-02-21 15:02:00
846,1590,53,In-House Agency,265.85,2025-12-18 11:31:00
847,1591,4,Carrier A,181.97,2025-08-11 17:26:00
848,1592,19,Carrier B,95.31,2025-05-22 09:25:00
849,1593,48,Carrier A,123.48,2025-05-15 08:14:00
850,1594,48,In-House Agency,95.61,2025-01-24 11:45:00
851,1595,14,Carrier B,236.8,2025-08-20 18:17:00
852,1597,43,Carrier B,129.1,2025-05-08 08:47:00
853,1598,19,Carrier A,196.75,2025-04-18 16:04:00
854,1599,23,Carrier B,152.97,2025-06-08 15:14:00
855,1600,9,Carrier A,152.55,2025-01-10 13:33:00
856,1601,52,Carrier B,269.09,2025-06-10 18:59:00
857,1602,40,Carrier B,260.23,2025-10-22 16:26:00
858,1606,21,In-House Agency,98.53,2025-01-27 09:06:00
859,1607,9,Carrier A,117.06,2025-05-04 16:28:00
860,1609,27,In-House Agency,120.54,2025-03-04 12:50:00
861,1610,48,In-House Agency,96.37,2025-11-24 15:52:00
862,1613,2,Carrier A,253.56,2025-02-20 19:11:00
863,1614,30,Carrier A,173.83,2025-02-06 12:53:00
864,1615,10,Carrier A,209.6,2025-12-21 18:53:00
865,1616,7,Carrier A,152.22,2025-02-18 16:45:00
866,1617,44,In-House Agency,237.01,2025-10-03 11:28:00
867,1623,33,In-House Agency,115.11,2025-11-11 12:21:00
868,1625,45,In-House Agency,112.23,2025-11-27 13:29:00
869,1627,2,Carrier A,198.37,2025-02-17 09:28:00
870,1628,35,Carrier B,162.26,2025-11-29 18:07:00
871,1629,33,In-House Agency,238.65,2025-11-28 16:30:00
872,1630,53,Carrier B,195.47,2025-06-01 08:38:00
873,1631,23,Carrier B,216.05,2025-11-25 11:26:00
874,1633,36,In-House Agency,193.91,2025-01-25 13:50:00
875,1634,50,Carrier A,294.55,2025-11-18 14:16:00
876,1635,8,Carrier A,212.71,2025-10-17 15:31:00
877,1636,16,Carrier A,128.3,2025-09-24 09:09:00
878,1638,47,Carrier A,174.18,2025-06-12 19:54:00
879,1640,53,Carrier B,281.25,2025-07-21 08:11:00
880,1641,15,Carrier A,238.76,2025-12-17 15:24:00
881,1642,53,In-House Agency,244.94,2025-09-30 16:11:00
882,1646,17,Carrier A,114.36,2025-10-29 19:38:00
883,1647,30,Carrier A,200.9,2025-03-10 10:25:00
884,1649,40,Carrier B,262.47,2025-09-20 19:55:00
885,1650,1,Carrier A,213.19,2025-01-09 17:33:00
886,1651,16,In-House Agency,120.74,2025-12-21 19:58:00
887,1652,1,Carrier A,161.91,2025-11-14 09:51:00
888,1653,19,Carrier B,136.86,2025-04-27 19:10:00
889,1654,39,Carrier A,114.83,2025-11-08 08:44:00
890,1657,48,Carrier A,297.93,2025-01-24 08:33:00
891,1658,24,Carrier A,163.88,2025-07-22 19:13:00
892,1659,22,Carrier B,229.67,2025-07-02 15:27:00
893,1661,3,Carrier A,168.66,2025-03-04 11:30:00
894,1662,59,Carrier B,227.12,2025-10-14 09:03:00
895,1663,2,Carrier B,218.43,2025-11-09 08:45:00
896,1667,30,Carrier A,126.59,2025-02-19 17:06:00
897,1670,4,Carrier B,259.22,2025-07-28 08:41:00
898,1673,34,Carrier B,285.77,2025-03-14 09:09:00
899,1681,31,Carrier A,309.67,2025-04-28 09:53:00
900,1684,18,Carrier A,280.52,2025-02-14 16:12:00
901,1685,29,Carrier B,98.62,2025-11-27 15:28:00
902,1686,19,In-House Agency,122.96,2025-07-23 10:22:00
903,1688,5,Carrier A,138.57,2025-05-16 11:05:00
904,1690,26,In-House Agency,116.86,2025-02-26 17:10:00
905,1694,4,Carrier A,192.12,2025-03-14 18:16:00
906,1696,43,Carrier B,287.27,2025-09-20 17:34:00
907,1697,7,Carrier B,263.64,2025-11-23 18:38:00
908,1698,49,Carrier A,211.86,2025-08-11 13:26:00
909,1701,34,Carrier A,133.8,2025-03-22 18:22:00
910,1704,60,In-House Agency,300.3,2025-04-03 16:37:00
911,1706,56,In-House Agency,251.87,2025-01-13 18:53:00
912,1707,47,Carrier B,276.92,2025-11-07 17:32:00
913,1708,5,In-House Agency,235.79,2025-11-28 09:22:00
914,1711,40,In-House Agency,127.23,2025-02-05 17:36:00
915,1713,32,In-House Agency,229.42,2025-01-21 11:23:00
916,1714,56,Carrier A,239.7,2025-07-04 10:17:00
917,1715,12,Carrier A,125.18,2025-06-28 17:18:00
918,1718,59,Carrier B,131.05,2025-06-19 17:10:00
919,1720,7,Carrier B,206.57,2025-04-30 14:54:00
920,1721,2,Carrier A,160.92,2025-11-09 17:07:00
921,1722,58,Carrier A,207.13,2025-09-20 19:21:00
922,1723,18,Carrier B,118.12,2025-01-22 13:12:00
923,1725,29,Carrier A,155.95,2025-06-17 09:02:00
924,1726,12,Carrier A,225.09,2025-08-26 10:48:00
925,1729,50,In-House Agency,190.07,2025-08-11 12:55:00
926,1730,48,Carrier B,264.34,2025-12-11 17:18:00
927,1732,1,Carrier A,110.64,2025-01-26 11:08:00
928,1733,53,Carrier A,207.18,2025-03-04 18:40:00
929,1734,48,Carrier B,177.95,2025-04-08 17:45:00
930,1736,42,In-House Agency,131.06,2025-08-05 13:18:00
931,1738,57,Carrier A,206.71,2025-11-27 14:16:00
932,1739,14,In-House Agency,113.72,2025-10-15 15:11:00
933,1741,18,In-House Agency,270.58,2025-09-05 18:47:00
934,1742,58,In-House Agency,189.5,2025-12-04 09:41:00
935,1743,5,In-House Agency,220.25,2025-08-27 10:53:00
936,1746,41,Carrier B,246.03,2025-06-10 11:50:00
937,1747,58,In-House Agency,194.55,2025-10-09 19:56:00
938,1748,11,In-House Agency,269.31,2025-07-23 15:39:00
939,1749,8,Carrier B,110.02,2025-04-04 08:21:00
940,1752,9,Carrier A,152.04,2025-07-06 16:31:00
941,1754,45,Carrier A,138.43,2025-07-10 12:19:00
942,1756,14,In-House Agency,256.09,2025-10-25 18:01:00
943,1757,56,Carrier A,140.24,2025-09-22 17:31:00
944,1759,60,In-House Agency,114.19,2025-08-29 09:24:00
945,1760,9,In-House Agency,254.65,2025-04-05 16:48:00
946,1762,28,Carrier B,261.98,2025-07-19 09:09:00
947,1763,19,Carrier A,293.21,2025-04-05 08:36:00
948,1767,38,Carrier B,296.06,2025-09-13 16:20:00
949,1769,50,Carrier A,198.05,2025-03-25 16:31:00
950,1770,47,Carrier B,209.18,2025-02-14 09:21:00
951,1771,46,Carrier B,216.35,2025-05-30 18:28:00
952,1772,38,Carrier A,274.91,2025-12-13 12:29:00
953,1773,8,In-House Agency,265.39,2025-01-23 16:14:00
954,1776,22,Carrier A,194.32,2025-02-02 11:21:00
955,1778,2,Carrier B,186.57,2025-01-11 14:38:00
956,1779,1,Carrier B,275.24,2025-06-23 14:27:00
957,1781,2,In-House Agency,221.7,2025-01-19 09:50:00
958,1782,8,Carrier A,271.42,2025-05-14 17:48:00
959,1786,51,In-House Agency,189.39,2025-11-10 09:52:00
960,1787,39,Carrier B,299.8,2025-10-15 15:30:00
961,1789,33,Carrier B,268.51,2025-12-13 09:45:00
962,1790,17,In-House Agency,194.06,2025-03-26 16:54:00
963,1791,11,Carrier A,145.57,2025-12-09 18:44:00
964,1792,37,Carrier A,304.84,2025-09-20 08:46:00
965,1794,55,Carrier B,298.56,2025-02-06 13:33:00
966,1796,35,Carrier B,238.32,2025-04-01 10:53:00
967,1797,26,Carrier B,265.16,2025-02-20 17:42:00
968,1799,31,Carrier B,289.52,2025-12-07 09:50:00
969,1800,8,In-House Agency,287.16,2025-07-03 19:35:00
970,1803,60,Carrier B,296.14,2025-08-09 14:01:00
971,1804,29,In-House Agency,258.41,2025-01-08 18:26:00
972,1805,37,Carrier B,124.55,2025-04-24 12:25:00
973,1808,47,In-House Agency,182.59,2025-05-09 11:13:00
974,1809,27,In-House Agency,115.3,2025-01-05 13:49:00
975,1810,2,In-House Agency,115.93,2025-03-26 13:41:00
976,1813,35,Carrier A,115.83,2025-11-23 09:28:00
977,1814,21,In-House Agency,210.76,2025-11-19 11:44:00
978,1815,26,Carrier B,168.16,2025-11-13 12:20:00
979,1816,4,Carrier B,308.86,2025-03-03 11:44:00
980,1818,4,Carrier B,304.81,2025-04-28 18:08:00
981,1820,37,Carrier B,241.72,2025-06-07 12:50:00
982,1821,56,Carrier B,129.79,2025-10-16 12:20:00
983,1823,20,Carrier B,150.49,2025-06-14 14:56:00
984,1826,8,Carrier B,161.78,2025-04-05 10:48:00
985,1829,1,In-House Agency,122.49,2025-10-05 09:11:00
986,1830,57,Carrier B,265.39,2025-07-08 10:40:00
987,1831,5,In-House Agency,258.34,2025-03-18 15:21:00
988,1835,28,Carrier A,276.78,2025-05-12 09:07:00
989,1838,42,In-House Agency,176.59,2025-11-29 10:52:00
990,1839,42,Carrier A,149.81,2025-10-06 19:40:00
991,1840,35,Carrier A,102.69,2025-09-17 19:50:00
992,1841,7,Carrier A,276.15,2025-09-25 13:11:00
993,1842,28,In-House Agency,141.75,2025-02-01 19:50:00
994,1843,1,Carrier A,126.62,2025-11-29 15:32:00
995,1844,17,In-House Agency,205.62,2025-10-07 10:56:00
996,1846,54,Carrier A,269.2,2025-09-04 19:38:00
997,1847,25,Carrier A,207.11,2025-05-13 11:36:00
998,1849,11,In-House Agency,293.69,2025-10-22 10:09:00
999,1850,12,Carrier A,290.66,2025-01-02 16:53:00
1000,1851,43,Carrier A,175.12,2025-10-15 09:18:00
1001,1852,16,In-House Agency,124.72,2025-11-29 13:19:00
1002,1856,3,Carrier A,289.57,2025-08-12 14:58:00
1003,1857,58,In-House Agency,152.81,2025-04-30 17:30:00
1004,1858,36,In-House Agency,217.01,2025-04-14 17:25:00
1005,1859,15,In-House Agency,236.99,2025-10-08 15:50:00
1006,1860,24,In-House Agency,192.71,2025-01-16 14:01:00
1007,1862,23,In-House Agency,278.78,2025-08-21 17:23:00
1008,1863,5,In-House Agency,114.4,2025-08-27 19:08:00
1009,1865,42,Carrier B,152.25,2025-10-11 10:09:00
1010,1869,9,Carrier A,296.69,2025-01-06 08:04:00
1011,1870,15,Carrier B,277.24,2025-06-26 15:11:00
1012,1871,59,In-House Agency,235.17,2025-10-17 16:11:00
1013,1872,9,Carrier B,297.74,2025-08-03 18:44:00
1014,1877,1,In-House Agency,247.95,2025-09-07 19:18:00
1015,1878,30,Carrier B,300.66,2025-08-02 09:26:00
1016,1880,52,Carrier A,170.64,2025-10-03 16:42:00
1017,1883,27,Carrier B,136.66,2025-10-02 16:14:00
1018,1884,17,Carrier B,293.04,2025-06-04 18:54:00
1019,1885,4,Carrier B,170.77,2025-08-21 13:25:00
1020,1886,1,In-House Agency,161.54,2025-11-06 08:42:00
1021,1887,7,Carrier A,224.22,2025-05-03 18:01:00
1022,1891,37,Carrier A,167.51,2025-07-04 19:59:00
1023,1892,57,In-House Agency,136.12,2025-11-16 10:29:00
1024,1893,4,In-House Agency,256.46,2025-07-02 09:03:00
1025,1894,14,Carrier A,296.6,2025-06-07 11:27:00
1026,1895,35,In-House Agency,286.76,2025-06-07 16:22:00
1027,1896,22,In-House Agency,297.22,2025-03-20 08:41:00
1028,1901,55,Carrier A,201.04,2025-03-22 14:20:00
1029,1903,37,In-House Agency,264.3,2025-03-18 17:02:00
1030,1908,37,In-House Agency,260.78,2025-10-17 12:10:00
1031,1909,52,Carrier A,150.0,2025-04-03 15:56:00
1032,1914,33,Carrier B,217.33,2025-08-16 15:44:00
1033,1915,11,Carrier A,197.93,2025-12-22 19:38:00
1034,1917,58,Carrier A,131.15,2025-04-03 15:10:00
1035,1919,4,In-House Agency,279.95,2025-05-11 19:07:00
1036,1923,3,Carrier A,241.67,2025-03-09 08:22:00
1037,1926,39,In-House Agency,103.79,2025-02-18 10:37:00
1038,1928,48,Carrier A,296.86,2025-10-05 14:31:00
1039,1930,3,Carrier B,172.76,2025-07-19 12:37:00
1040,1933,11,Carrier A,158.54,2025-08-21 10:16:00
1041,1935,55,In-House Agency,227.81,2025-09-24 19:39:00
1042,1937,44,In-House Agency,302.62,2025-07-15 12:29:00
1043,1938,12,Carrier A,268.92,2025-07-08 11:04:00
1044,1941,47,Carrier B,174.7,2025-05-19 15:54:00
1045,1942,14,Carrier A,218.13,2025-05-29 17:58:00
1046,1943,33,In-House Agency,176.98,2025-02-16 12:54:00
1047,1944,8,In-House Agency,307.27,2025-05-08 12:11:00
1048,1945,42,Carrier B,140.9,2025-10-08 08:28:00
1049,1946,15,In-House Agency,121.23,2025-12-08 16:52:00
1050,1947,24,In-House Agency,155.06,2025-10-11 10:27:00
1051,1951,30,Carrier B,95.73,2025-08-21 12:58:00
1052,1952,29,Carrier A,100.44,2025-10-02 10:30:00
1053,1955,8,Carrier A,137.67,2025-04-23 11:24:00
1054,1957,12,In-House Agency,170.73,2025-10-24 18:43:00
1055,1960,54,Carrier A,195.95,2025-04-26 09:58:00
1056,1961,25,Carrier B,103.29,2025-11-08 08:31:00
1057,1964,17,Carrier A,126.21,2025-10-03 11:44:00
1058,1966,17,In-House Agency,230.74,2025-03-25 10:11:00
1059,1967,23,Carrier B,147.08,2025-07-27 18:50:00
1060,1968,56,Carrier B,154.29,2025-05-11 11:00:00
1061,1969,21,In-House Agency,110.42,2025-04-28 14:11:00
1062,1971,43,Carrier B,149.06,2025-07-09 09:51:00
1063,1972,28,In-House Agency,295.67,2025-05-18 09:36:00
1064,1974,4,In-House Agency,98.21,2025-09-03 17:55:00
1065,1976,37,Carrier B,182.29,2025-05-10 17:33:00
1066,1978,50,In-House Agency,219.01,2025-04-07 16:34:00
1067,1980,58,Carrier A,101.64,2025-06-10 16:43:00
1068,1981,38,Carrier A,170.67,2025-11-27 08:49:00
1069,1982,41,Carrier B,180.06,2025-08-26 12:34:00
1070,1985,3,Carrier B,137.82,2025-05-13 17:47:00
1071,1986,30,In-House Agency,176.73,2025-08-18 13:13:00
1072,1987,12,Carrier B,159.44,2025-07-09 09:54:00
1073,1989,56,In-House Agency,121.08,2025-06-01 17:59:00
1074,1990,16,In-House Agency,284.4,2025-11-09 14:16:00
1075,1991,4,In-House Agency,238.84,2025-11-01 16:41:00
1076,1994,49,Carrier B,174.67,2025-01-28 15:51:00
1077,1996,55,Carrier A,125.41,2025-06-05 19:55:00
1078,1999,28,Carrier A,150.77,2025-02-12 13:25:00
1079,2000,35,Carrier A,295.55,2025-10-12 19:08:00
1080,2001,19,Carrier B,248.55,2025-04-09 14:32:00
1081,2003,58,Carrier A,127.89,2025-12-04 18:05:00
1082,2004,32,Carrier A,128.36,2025-08-15 16:50:00
1083,2005,24,Carrier A,191.42,2025-01-27 13:46:00
1084,2007,1,Carrier A,99.72,2025-03-11 11:16:00
1085,2008,29,Carrier B,279.02,2025-02-04 10:49:00
1086,2009,40,Carrier A,107.05,2025-06-29 10:58:00
1087,2010,16,Carrier A,298.51,2025-01-18 17:51:00
1088,2015,60,Carrier A,264.55,2025-05-19 15:40:00
1089,2016,21,Carrier B,248.21,2025-11-07 16:46:00
1090,2018,51,Carrier A,145.68,2025-04-10 13:44:00
1091,2019,52,Carrier B,244.12,2025-11-14 18:59:00
1092,2021,58,In-House Agency,149.72,2025-03-01 11:35:00
1093,2022,11,In-House Agency,163.91,2025-01-14 12:37:00
1094,2025,32,Carrier A,279.94,2025-09-19 17:43:00
1095,2028,39,Carrier A,129.4,2025-06-14 13:36:00
1096,2029,35,Carrier A,127.45,2025-02-17 12:07:00
1097,2030,38,Carrier B,238.7,2025-06-13 10:41:00
1098,2031,53,In-House Agency,150.73,2025-11-17 16:01:00
1099,2034,5,Carrier B,256.07,2025-11-25 16:42:00
1100,2035,8,Carrier B,287.13,2025-07-13 09:48:00
1101,2038,59,In-House Agency,301.35,2025-09-14 18:25:00
1102,2039,39,In-House Agency,294.98,2025-08-12 10:11:00
1103,2044,7,Carrier A,283.16,2025-11-30 14:26:00
1104,2045,23,Carrier A,164.18,2025-04-11 08:20:00
1105,2048,50,Carrier B,295.72,2025-11-13 11:11:00
1106,2050,14,In-House Agency,302.15,2025-04-20 14:11:00
1107,2051,20,Carrier A,288.51,2025-02-26 19:38:00
1108,2052,12,In-House Agency,99.25,2025-08-30 15:31:00
1109,2053,41,Carrier B,148.18,2025-07-14 09:39:00
1110,2055,42,Carrier A,308.0,2025-05-12 19:09:00
1111,2057,40,In-House Agency,222.53,2025-07-05 10:21:00
1112,2058,41,Carrier A,190.69,2025-11-26 18:30:00
1113,2061,44,In-House Agency,277.1,2025-11-17 09:26:00
1114,2063,35,Carrier B,97.12,2025-10-03 17:10:00
1115,2065,3,In-House Agency,288.87,2025-03-29 08:53:00
1116,2067,35,In-House Agency,213.48,2025-10-26 17:38:00
1117,2069,29,In-House Agency,181.71,2025-07-12 17:56:00
1118,2070,39,In-House Agency,136.19,2025-07-04 15:34:00
1119,2071,58,Carrier A,235.53,2025-06-05 16:30:00
1120,2072,41,Carrier B,299.18,2025-04-17 12:08:00
1121,2077,22,Carrier B,202.26,2025-05-01 15:57:00
1122,2078,21,In-House Agency,143.42,2025-07-11 08:31:00
1123,2082,30,In-House Agency,169.5,2025-09-12 13:45:00
1124,2085,21,In-House Agency,278.11,2025-09-08 08:23:00
1125,2086,20,Carrier B,189.25,2025-05-19 16:46:00
1126,2088,45,Carrier B,204.77,2025-10-21 08:14:00
1127,2090,12,Carrier A,170.81,2025-08-11 10:30:00
1128,2093,14,Carrier B,186.34,2025-06-17 15:12:00
1129,2094,31,Carrier B,143.26,2025-08-15 14:08:00
1130,2095,37,In-House Agency,218.65,2025-05-16 08:44:00
1131,2096,37,Carrier A,211.17,2025-01-14 14:42:00
1132,2098,50,Carrier B,131.7,2025-09-24 13:52:00
1133,2101,30,Carrier B,208.7,2025-10-04 11:40:00
1134,2102,56,Carrier B,269.34,2025-08-22 12:50:00
1135,2103,28,Carrier A,232.21,2025-09-17 11:33:00
1136,2107,54,Carrier B,220.82,2025-02-26 11:52:00
1137,2108,6,Carrier B,301.65,2025-11-23 08:49:00
1138,2109,21,Carrier A,264.26,2025-04-14 09:00:00
1139,2111,3,In-House Agency,121.45,2025-10-25 12:20:00
1140,2113,32,In-House Agency,249.93,2025-04-18 14:36:00
1141,2114,46,Carrier B,238.12,2025-01-06 09:41:00
1142,2115,32,In-House Agency,226.89,2025-10-21 18:08:00
1143,2116,59,Carrier B,309.31,2025-05-07 18:24:00
1144,2117,22,In-House Agency,241.84,2025-05-08 09:02:00
1145,2119,41,In-House Agency,212.58,2025-06-08 10:31:00
1146,2121,33,Carrier A,222.28,2025-02-26 11:59:00
1147,2125,16,Carrier B,285.98,2025-06-21 08:41:00
1148,2130,29,Carrier B,136.5,2025-01-08 18:55:00
1149,2132,3,In-House Agency,235.26,2025-05-15 15:29:00
1150,2134,11,Carrier B,248.64,2025-05-23 12:06:00
1151,2137,27,Carrier A,157.27,2025-04-16 12:53:00
1152,2142,16,In-House Agency,101.7,2025-07-24 13:29:00
1153,2144,37,In-House Agency,192.07,2025-01-07 10:05:00
1154,2145,48,Carrier A,267.92,2025-09-18 12:20:00
1155,2147,36,Carrier A,272.39,2025-02-05 12:18:00
1156,2148,60,Carrier A,141.15,2025-03-11 17:17:00
1157,2150,52,In-House Agency,170.92,2025-09-05 09:14:00
1158,2152,44,Carrier B,102.97,2025-03-10 09:06:00
1159,2153,8,In-House Agency,156.39,2025-06-16 17:51:00
1160,2154,27,Carrier B,309.81,2025-05-14 08:32:00
1161,2159,51,In-House Agency,128.91,2025-06-16 11:36:00
1162,2160,27,Carrier A,137.85,2025-06-13 19:31:00
1163,2161,48,Carrier A,108.11,2025-03-18 08:35:00
1164,2163,40,Carrier B,266.64,2025-01-03 08:37:00
1165,2166,35,In-House Agency,167.42,2025-10-27 16:53:00
1166,2167,55,In-House Agency,270.43,2025-10-08 17:32:00
1167,2168,57,Carrier B,114.88,2025-02-19 17:35:00
1168,2170,13,Carrier A,154.71,2025-11-24 14:01:00
1169,2172,56,Carrier B,284.47,2025-07-28 19:01:00
1170,2173,46,In-House Agency,293.33,2025-10-07 12:00:00
1171,2174,23,Carrier B,231.99,2025-09-15 11:26:00
1172,2176,22,Carrier B,169.38,2025-03-01 08:18:00
1173,2177,58,Carrier B,186.69,2025-07-23 08:03:00
1174,2179,9,Carrier A,235.8,2025-10-19 12:34:00
1175,2181,47,Carrier B,185.08,2025-05-14 11:54:00
1176,2182,25,In-House Agency,266.69,2025-01-18 11:46:00
1177,2183,36,Carrier A,256.13,2025-08-06 10:52:00
1178,2184,12,Carrier B,295.35,2025-07-24 14:09:00
1179,2185,18,In-House Agency,158.09,2025-02-11 15:53:00
1180,2186,24,Carrier B,304.31,2025-01-11 10:15:00
1181,2187,20,In-House Agency,188.06,2025-08-05 12:38:00
1182,2190,32,Carrier B,145.2,2025-04-16 11:21:00
1183,2191,51,Carrier B,221.14,2025-06-01 14:34:00
1184,2192,50,Carrier B,137.16,2025-01-12 19:17:00
1185,2193,46,Carrier B,125.59,2025-07-26 19:46:00
1186,2196,4,Carrier A,146.75,2025-02-14 19:31:00
1187,2199,49,Carrier B,271.62,2025-02-01 13:55:00
1188,2200,29,In-House Agency,208.62,2025-06-25 15:33:00
1189,2201,31,Carrier A,186.75,2025-03-15 16:44:00
1190,2202,50,In-House Agency,231.25,2025-11-16 14:16:00
1191,2203,50,In-House Agency,280.61,2025-03-06 08:11:00
1192,2204,36,Carrier A,98.17,2025-01-12 18:16:00
1193,2207,36,In-House Agency,241.77,2025-07-03 09:27:00
1194,2209,10,Carrier B,110.63,2025-02-16 15:59:00
1195,2210,42,In-House Agency,119.19,2025-09-30 16:55:00
1196,2211,19,In-House Agency,269.01,2025-09-18 09:52:00
1197,2214,40,Carrier B,291.1,2025-06-18 14:16:00
1198,2218,9,Carrier B,128.27,2025-05-02 18:02:00
1199,2219,52,Carrier B,258.05,2025-11-05 13:49:00
1200,2221,30,Carrier A,198.45,2025-03-09 19:03:00
1201,2222,34,In-House Agency,193.69,2025-01-11 10:24:00
1202,2224,54,Carrier B,241.89,2025-06-08 10:30:00
1203,2225,56,Carrier B,224.8,2025-04-17 11:57:00
1204,2226,47,In-House Agency,292.48,2025-09-18 16:25:00
1205,2227,15,In-House Agency,207.84,2025-04-01 17:49:00
1206,2228,58,In-House Agency,236.09,2025-06-18 13:26:00
1207,2229,48,Carrier A,188.81,2025-09-02 09:37:00
1208,2231,48,Carrier A,198.66,2025-03-13 09:48:00
1209,2232,32,Carrier A,227.61,2025-08-09 16:23:00
1210,2233,15,Carrier A,135.24,2025-01-21 10:47:00
1211,2234,37,Carrier A,108.02,2025-10-12 16:01:00
1212,2235,29,Carrier B,242.33,2025-08-26 08:18:00
1213,2236,14,Carrier A,278.35,2025-04-09 15:10:00
1214,2237,51,Carrier A,254.41,2025-08-20 13:16:00
1215,2238,39,Carrier A,211.3,2025-04-26 09:10:00
1216,2240,28,Carrier A,192.53,2025-02-02 10:35:00
1217,2243,27,In-House Agency,293.31,2025-09-16 17:53:00
1218,2246,38,Carrier A,147.61,2025-04-26 09:02:00
1219,2247,4,In-House Agency,287.95,2025-03-05 11:54:00
1220,2249,16,Carrier A,96.56,2025-04-12 16:01:00
1221,2251,49,Carrier A,125.67,2025-11-03 15:25:00
1222,2256,18,Carrier A,287.92,2025-09-03 10:44:00
1223,2258,35,Carrier A,171.07,2025-05-18 11:55:00
1224,2260,4,In-House Agency,304.37,2025-09-25 13:44:00
1225,2262,17,Carrier B,260.91,2025-11-18 15:31:00
1226,2263,14,Carrier A,130.67,2025-05-05 15:45:00
1227,2264,19,In-House Agency,208.37,2025-08-12 11:53:00
1228,2267,24,Carrier B,131.29,2025-06-10 10:11:00
1229,2269,20,In-House Agency,97.73,2025-08-18 10:50:00
1230,2271,26,Carrier A,302.02,2025-03-31 13:27:00
1231,2273,37,Carrier B,274.82,2025-04-24 09:05:00
1232,2274,15,Carrier B,236.7,2025-07-18 13:25:00
1233,2276,1,Carrier B,272.62,2025-01-08 18:09:00
1234,2277,44,Carrier B,155.87,2025-03-02 09:27:00
1235,2278,18,Carrier B,207.52,2025-06-02 15:26:00
1236,2279,49,Carrier A,271.04,2025-01-21 14:51:00
1237,2281,12,Carrier B,260.87,2025-06-05 09:49:00
1238,2286,18,In-House Agency,285.41,2025-02-04 15:47:00
1239,2288,2,Carrier A,160.52,2025-01-20 18:40:00
1240,2289,7,Carrier B,251.46,2025-05-31 09:34:00
1241,2290,54,Carrier B,257.33,2025-12-05 14:35:00
1242,2291,58,In-House Agency,225.92,2025-02-08 08:03:00
1243,2294,28,In-House Agency,204.48,2025-01-21 11:01:00
1244,2295,2,Carrier A,185.44,2025-08-01 15:58:00
1245,2298,3,In-House Agency,205.73,2025-07-19 17:55:00
1246,2300,55,Carrier A,151.41,2025-12-13 16:27:00
1247,2301,49,Carrier A,135.17,2025-02-12 08:48:00
1248,2305,35,Carrier A,249.36,2025-08-05 17:34:00
1249,2309,53,Carrier A,215.7,2025-10-05 16:47:00
1250,2315,8,Carrier A,138.77,2025-09-04 16:40:00
1251,2316,34,In-House Agency,132.38,2025-11-27 12:53:00
1252,2318,37,Carrier A,185.94,2025-04-09 17:43:00
1253,2319,52,Carrier A,229.35,2025-08-30 15:03:00
1254,2320,52,Carrier B,230.5,2025-04-04 10:41:00
1255,2321,12,Carrier B,141.21,2025-01-11 17:01:00
1256,2324,42,Carrier B,104.04,2025-08-23 13:14:00
1257,2325,28,Carrier B,241.13,2025-05-13 11:55:00
1258,2327,29,Carrier A,144.63,2025-09-14 08:24:00
1259,2328,30,In-House Agency,161.74,2025-11-08 15:58:00
1260,2329,43,Carrier A,301.67,2025-04-01 17:39:00
1261,2333,26,Carrier A,159.74,2025-10-15 11:16:00
1262,2334,4,In-House Agency,135.76,2025-09-29 17:05:00
1263,2335,1,Carrier A,275.62,2025-02-07 19:47:00
1264,2336,51,Carrier A,141.81,2025-06-10 09:01:00
1265,2337,58,Carrier B,274.06,2025-11-27 14:19:00
1266,2338,1,Carrier B,273.8,2025-06-19 08:36:00
1267,2341,53,Carrier A,196.88,2025-01-18 13:15:00
1268,2344,20,In-House Agency,136.75,2025-05-07 18:39:00
1269,2347,10,In-House Agency,199.12,2025-06-21 11:29:00
1270,2348,20,Carrier A,190.45,2025-05-24 16:26:00
1271,2349,50,Carrier A,262.14,2025-04-28 17:04:00
1272,2351,43,Carrier A,225.08,2025-03-29 09:35:00
1273,2354,16,Carrier A,105.87,2025-11-08 08:37:00
1274,2356,46,Carrier B,260.32,2025-10-10 19:46:00
1275,2361,39,Carrier B,199.79,2025-08-28 16:46:00
1276,2362,36,In-House Agency,114.92,2025-09-10 19:52:00
1277,2367,11,Carrier B,173.12,2025-03-20 12:18:00
1278,2369,13,In-House Agency,167.88,2025-02-14 11:36:00
1279,2371,24,Carrier A,175.4,2025-04-29 16:58:00
1280,2372,14,Carrier B,146.32,2025-07-21 08:23:00
1281,2375,41,Carrier A,259.99,2025-01-20 15:48:00
1282,2379,3,Carrier A,205.47,2025-06-15 09:35:00
1283,2381,55,Carrier B,127.12,2025-05-30 15:39:00
1284,2382,21,Carrier B,211.48,2025-07-29 08:28:00
1285,2383,59,Carrier A,175.51,2025-07-27 11:43:00
1286,2384,41,Carrier B,218.0,2025-02-20 13:08:00
1287,2385,38,In-House Agency,255.25,2025-06-19 11:06:00
1288,2387,48,Carrier B,277.24,2025-02-15 14:37:00
1289,2389,30,Carrier A,308.67,2025-07-23 19:30:00
1290,2391,11,In-House Agency,246.89,2025-01-15 19:30:00
1291,2392,56,Carrier A,270.33,2025-07-28 15:24:00
1292,2393,38,Carrier A,143.12,2025-12-06 16:55:00
1293,2394,44,Carrier A,144.01,2025-04-08 10:33:00
1294,2396,31,Carrier A,291.69,2025-06-22 15:20:00
1295,2397,45,Carrier B,264.55,2025-11-13 11:13:00
1296,2398,12,Carrier A,138.81,2025-08-13 09:26:00
1297,2399,33,Carrier A,139.58,2025-01-21 13:03:00
1298,2400,11,In-House Agency,196.68,2025-11-16 19:19:00
1299,2403,1,In-House Agency,306.15,2025-08-13 18:54:00
1300,2404,26,Carrier B,233.82,2025-05-19 11:06:00
1301,2408,39,In-House Agency,142.82,2025-12-06 17:16:00
1302,2410,35,Carrier A,149.07,2025-12-02 08:44:00
1303,2412,32,In-House Agency,203.36,2025-06-06 15:04:00
1304,2413,50,In-House Agency,198.86,2025-09-18 13:42:00
1305,2414,55,Carrier A,245.05,2025-06-03 12:36:00
1306,2418,16,Carrier A,275.47,2025-01-02 08:36:00
1307,2419,27,In-House Agency,191.67,2025-02-14 16:26:00
1308,2421,23,Carrier A,106.25,2025-09-10 16:28:00
1309,2422,4,Carrier B,280.24,2025-07-03 12:04:00
1310,2424,13,Carrier B,271.43,2025-04-15 08:46:00
1311,2425,3,Carrier B,108.06,2025-11-20 08:51:00
1312,2427,50,In-House Agency,109.24,2025-05-26 17:30:00
1313,2429,8,Carrier B,139.0,2025-04-18 14:48:00
1314,2433,17,In-House Agency,304.62,2025-05-23 10:21:00
1315,2434,40,In-House Agency,189.6,2025-01-13 15:30:00
1316,2435,24,In-House Agency,250.15,2025-03-05 11:00:00
1317,2436,49,Carrier B,117.79,2025-03-12 14:10:00
1318,2438,11,Carrier A,245.46,2025-08-27 14:25:00
1319,2439,59,Carrier B,262.47,2025-12-16 14:52:00
1320,2440,36,Carrier A,235.56,2025-11-01 09:28:00
1321,2442,4,In-House Agency,229.95,2025-01-24 15:03:00
1322,2443,36,Carrier B,185.45,2025-05-29 13:20:00
1323,2444,40,In-House Agency,108.93,2025-12-19 15:38:00
1324,2445,39,Carrier B,183.37,2025-11-22 16:01:00
1325,2446,2,Carrier A,119.62,2025-12-17 18:50:00
1326,2447,2,In-House Agency,264.66,2025-11-24 16:41:00
1327,2449,55,Carrier A,221.74,2025-11-05 10:24:00
1328,2456,29,In-House Agency,283.59,2025-12-17 11:33:00
1329,2457,24,Carrier A,235.05,2025-09-21 19:06:00
1330,2458,60,Carrier A,164.72,2025-04-30 14:52:00
1331,2461,52,In-House Agency,269.19,2025-11-21 08:58:00
1332,2462,15,In-House Agency,163.65,2025-08-06 11:48:00
1333,2464,11,In-House Agency,261.41,2025-11-07 11:45:00
1334,2465,24,In-House Agency,175.16,2025-12-08 16:22:00
1335,2467,20,Carrier B,254.75,2025-05-30 17:22:00
1336,2468,42,Carrier A,167.38,2025-02-15 10:57:00
1337,2480,32,Carrier B,127.19,2025-07-03 12:17:00
1338,2485,58,Carrier B,175.76,2025-11-15 12:51:00
1339,2486,60,In-House Agency,250.23,2025-10-08 11:53:00
1340,2487,18,In-House Agency,144.17,2025-06-01 08:19:00
1341,2489,45,Carrier A,119.61,2025-02-14 19:50:00
1342,2490,34,Carrier A,157.25,2025-09-27 17:20:00
1343,2491,28,Carrier A,116.48,2025-02-18 19:34:00
1344,2493,17,Carrier B,266.66,2025-04-28 09:35:00
1345,2494,3,Carrier B,275.37,2025-11-13 14:41:00
1346,2495,54,Carrier A,175.04,2025-01-07 12:11:00
1347,2496,13,Carrier B,282.97,2025-01-11 18:44:00
1348,2498,7,Carrier B,163.75,2025-05-29 17:36:00
1349,2499,16,Carrier A,308.11,2025-04-16 11:55:00
1350,2502,17,Carrier B,134.03,2025-10-02 14:07:00
1351,2503,11,Carrier A,160.42,2025-05-06 16:25:00
1352,2504,1,Carrier A,251.88,2025-04-04 17:22:00
1353,2505,56,Carrier B,273.53,2025-05-09 13:25:00
1354,2508,56,Carrier B,142.12,2025-11-27 14:54:00
1355,2511,27,Carrier A,157.27,2025-03-08 19:48:00
1356,2512,32,In-House Agency,245.04,2025-11-03 14:12:00
1357,2513,36,In-House Agency,187.27,2025-04-29 18:36:00
1358,2515,57,Carrier A,116.82,2025-10-11 16:41:00
1359,2517,50,In-House Agency,99.11,2025-01-07 10:24:00
1360,2524,45,Carrier A,183.51,2025-07-21 16:14:00
1361,2525,25,Carrier A,217.05,2025-03-02 12:46:00
1362,2526,49,Carrier B,274.14,2025-02-16 18:51:00
1363,2527,7,Carrier A,280.97,2025-05-25 15:38:00
1364,2530,58,Carrier A,255.82,2025-01-24 09:56:00
1365,2532,60,Carrier B,108.2,2025-06-18 15:36:00
1366,2533,7,Carrier A,278.87,2025-09-09 09:50:00
1367,2538,39,Carrier A,225.12,2025-04-23 11:35:00
1368,2540,8,Carrier A,247.65,2025-10-23 09:58:00
1369,2541,43,Carrier B,130.95,2025-08-12 13:11:00
1370,2542,32,In-House Agency,195.31,2025-06-09 16:38:00
1371,2544,33,In-House Agency,252.05,2025-10-24 14:28:00
1372,2546,30,Carrier B,282.9,2025-03-23 15:01:00
1373,2548,25,In-House Agency,190.69,2025-09-23 09:56:00
1374,2549,39,Carrier B,182.64,2025-01-31 11:32:00
1375,2550,8,In-House Agency,128.33,2025-06-30 08:34:00
1376,2551,23,In-House Agency,152.61,2025-11-12 17:51:00
1377,2555,36,Carrier A,278.07,2025-01-25 08:57:00
1378,2557,60,In-House Agency,122.71,2025-12-07 08:11:00
1379,2559,44,In-House Agency,250.96,2025-05-02 19:28:00
1380,2560,1,Carrier B,245.04,2025-06-17 08:34:00
1381,2563,28,Carrier A,192.25,2025-01-09 12:23:00
1382,2565,27,In-House Agency,99.41,2025-12-07 12:12:00
1383,2566,26,Carrier B,279.83,2025-11-15 10:20:00
1384,2567,52,Carrier A,140.71,2025-01-07 16:00:00
1385,2568,18,Carrier B,224.08,2025-02-11 13:34:00
1386,2569,2,Carrier B,192.22,2025-07-17 11:48:00
1387,2570,22,In-House Agency,293.15,2025-12-17 10:33:00
1388,2573,2,Carrier A,221.92,2025-06-09 14:24:00
1389,2574,31,Carrier A,275.39,2025-01-04 17:10:00
1390,2575,20,Carrier A,117.84,2025-10-04 11:41:00
1391,2576,32,In-House Agency,168.44,2025-02-17 09:24:00
1392,2577,44,Carrier B,95.53,2025-05-28 15:37:00
1393,2579,9,Carrier A,156.25,2025-05-04 14:18:00
1394,2580,19,Carrier A,240.7,2025-05-08 19:58:00
1395,2582,49,In-House Agency,164.05,2025-08-08 16:03:00
1396,2583,5,In-House Agency,212.63,2025-11-19 15:01:00
1397,2584,16,Carrier A,281.84,2025-03-12 14:52:00
1398,2585,47,Carrier B,276.85,2025-05-26 17:19:00
1399,2587,56,In-House Agency,229.67,2025-05-09 14:24:00
1400,2590,58,Carrier B,267.82,2025-04-18 10:44:00
1401,2594,17,Carrier B,247.25,2025-10-02 09:01:00
1402,2595,27,Carrier A,125.74,2025-10-26 18:03:00
1403,2597,15,Carrier B,281.29,2025-06-18 09:08:00
1404,2601,9,Carrier A,144.49,2025-07-11 17:33:00
1405,2602,54,In-House Agency,245.22,2025-03-15 12:20:00
1406,2605,53,Carrier B,122.2,2025-03-23 12:49:00
1407,2606,35,Carrier B,99.93,2025-04-19 16:10:00
1408,2607,45,Carrier B,96.88,2025-10-05 13:40:00
1409,2609,24,In-House Agency,174.46,2025-08-05 09:58:00
1410,2612,42,In-House Agency,253.09,2025-02-05 12:16:00
1411,2613,4,Carrier B,111.31,2025-05-29 11:53:00
1412,2614,42,In-House Agency,232.42,2025-04-22 09:59:00
1413,2618,46,Carrier B,305.9,2025-04-18 16:27:00
1414,2619,23,Carrier B,282.0,2025-10-24 19:20:00
1415,2620,22,Carrier B,185.73,2025-10-06 15:45:00
1416,2621,16,In-House Agency,125.54,2025-10-27 15:57:00
1417,2624,50,Carrier A,197.98,2025-04-17 14:27:00
1418,2626,46,Carrier A,267.82,2025-02-02 15:52:00
1419,2630,59,Carrier A,110.73,2025-07-19 10:45:00
1420,2637,24,Carrier B,137.2,2025-03-24 15:39:00
1421,2638,5,Carrier B,197.82,2025-05-18 11:26:00
1422,2640,3,Carrier A,181.29,2025-02-05 16:36:00
1423,2642,55,Carrier A,224.03,2025-04-18 09:18:00
1424,2644,60,Carrier A,283.47,2025-08-01 09:31:00
1425,2645,53,Carrier B,151.73,2025-12-07 17:57:00
1426,2646,3,In-House Agency,105.67,2025-01-21 12:42:00
1427,2647,51,Carrier A,201.53,2025-01-10 09:25:00
1428,2649,55,Carrier A,250.31,2025-12-02 17:03:00
1429,2653,39,In-House Agency,142.43,2025-04-05 15:26:00
1430,2655,6,Carrier B,262.66,2025-03-17 19:16:00
1431,2659,19,In-House Agency,145.05,2025-03-16 14:46:00
1432,2661,7,Carrier B,294.27,2025-09-19 14:34:00
1433,2663,51,Carrier B,188.52,2025-11-27 16:53:00
1434,2664,1,Carrier B,131.34,2025-10-22 16:58:00
1435,2665,44,In-House Agency,210.12,2025-10-05 10:20:00
1436,2666,28,In-House Agency,174.41,2025-06-16 19:34:00
1437,2668,13,Carrier B,267.31,2025-10-23 16:34:00
1438,2672,4,In-House Agency,283.6,2025-11-17 13:40:00
1439,2674,23,In-House Agency,215.57,2025-03-18 14:10:00
1440,2675,1,In-House Agency,247.78,2025-09-16 10:16:00
1441,2678,18,Carrier B,105.69,2025-06-09 14:34:00
1442,2679,51,Carrier A,155.35,2025-04-22 18:27:00
1443,2681,18,In-House Agency,212.61,2025-09-19 14:40:00
1444,2687,24,Carrier A,193.45,2025-01-17 12:11:00
1445,2688,49,Carrier B,290.0,2025-11-10 17:20:00
1446,2689,60,In-House Agency,123.52,2025-01-15 19:40:00
1447,2691,39,In-House Agency,279.57,2025-05-19 13:12:00
1448,2692,43,Carrier B,127.03,2025-07-03 14:53:00
1449,2693,58,In-House Agency,136.37,2025-04-05 19:43:00
1450,2694,41,Carrier A,197.48,2025-08-09 12:22:00
1451,2696,9,Carrier B,177.83,2025-09-03 10:54:00
1452,2697,47,Carrier B,208.03,2025-03-31 16:50:00
1453,2698,26,Carrier B,146.71,2025-03-27 11:59:00
1454,2699,22,In-House Agency,227.34,2025-02-09 17:34:00
1455,2700,44,In-House Agency,209.08,2025-02-25 08:19:00
1456,2701,55,Carrier B,159.02,2025-02-17 08:54:00
1457,2702,36,Carrier B,176.4,2025-04-02 10:38:00
1458,2703,8,In-House Agency,277.93,2025-06-19 11:41:00
1459,2704,51,In-House Agency,233.14,2025-02-13 13:01:00
1460,2705,44,Carrier A,290.59,2025-10-29 11:54:00
1461,2708,51,Carrier B,124.44,2025-06-14 16:43:00
1462,2710,6,Carrier A,123.15,2025-07-12 18:24:00
1463,2711,34,In-House Agency,169.44,2025-05-07 08:10:00
1464,2715,16,In-House Agency,123.41,2025-08-10 10:04:00
1465,2716,18,In-House Agency,236.37,2025-07-13 10:23:00
1466,2718,44,Carrier A,210.56,2025-07-18 18:42:00
1467,2720,38,Carrier A,112.37,2025-06-08 19:45:00
1468,2722,35,Carrier A,284.66,2025-11-07 17:48:00
1469,2723,60,Carrier A,224.01,2025-07-09 15:27:00
1470,2725,33,In-House Agency,181.37,2025-08-02 14:59:00
1471,2726,35,In-House Agency,197.73,2025-04-27 12:52:00
1472,2727,11,Carrier B,158.88,2025-03-13 14:56:00
1473,2728,14,In-House Agency,159.11,2025-01-01 18:42:00
1474,2730,27,Carrier B,222.53,2025-05-19 15:59:00
1475,2731,18,In-House Agency,276.23,2025-10-06 13:36:00
1476,2733,31,Carrier A,176.08,2025-02-01 18:09:00
1477,2734,6,Carrier A,99.39,2025-10-10 16:07:00
1478,2735,38,In-House Agency,264.86,2025-07-29 19:33:00
1479,2737,4,In-House Agency,278.54,2025-06-13 13:26:00
1480,2738,5,Carrier A,308.53,2025-09-11 11:53:00
1481,2740,39,In-House Agency,278.38,2025-07-31 19:37:00
1482,2741,57,In-House Agency,272.01,2025-10-28 15:04:00
1483,2742,32,Carrier A,185.64,2025-07-03 09:51:00
1484,2743,5,Carrier B,243.19,2025-08-29 08:15:00
1485,2744,11,Carrier B,244.39,2025-11-05 11:43:00
1486,2749,12,In-House Agency,151.14,2025-04-11 12:06:00
1487,2750,47,In-House Agency,147.11,2025-10-12 15:38:00
1488,2754,13,Carrier A,141.4,2025-06-18 17:30:00
1489,2758,27,Carrier A,286.69,2025-12-11 09:41:00
1490,2763,37,Carrier A,287.91,2025-05-31 15:02:00
1491,2765,25,Carrier B,227.55,2025-02-11 10:47:00
1492,2768,37,In-House Agency,271.88,2025-06-27 11:38:00
1493,2770,55,Carrier B,183.17,2025-03-19 11:51:00
1494,2771,14,Carrier B,252.31,2025-09-03 16:27:00
1495,2772,24,Carrier A,214.21,2025-06-01 13:01:00
1496,2776,19,Carrier B,121.79,2025-06-19 16:33:00
1497,2779,40,Carrier A,282.52,2025-10-29 14:37:00
1498,2780,2,Carrier B,185.05,2025-04-24 19:20:00
1499,2781,33,In-House Agency,241.86,2025-08-09 11:18:00
1500,2782,24,Carrier B,258.29,2025-11-11 08:41:00
1501,2786,55,Carrier B,186.98,2025-03-13 10:48:00
1502,2788,56,In-House Agency,275.58,2025-10-14 08:49:00
1503,2789,25,In-House Agency,292.94,2025-11-06 13:09:00
1504,2791,25,In-House Agency,155.47,2025-06-19 18:38:00
1505,2792,46,Carrier B,241.12,2025-05-08 09:30:00
1506,2793,48,Carrier B,194.23,2025-01-27 14:11:00
1507,2794,57,In-House Agency,227.06,2025-03-11 16:58:00
1508,2798,31,Carrier A,301.03,2025-07-20 15:26:00
1509,2799,6,Carrier A,235.12,2025-06-10 11:03:00
1510,2800,4,Carrier B,180.66,2025-01-20 19:32:00
1511,2803,59,In-House Agency,111.92,2025-12-14 08:47:00
1512,2805,54,In-House Agency,301.76,2025-06-11 12:25:00
1513,2808,27,Carrier A,254.18,2025-07-28 19:08:00
1514,2810,1,Carrier B,154.82,2025-04-03 15:43:00
1515,2811,10,Carrier B,101.93,2025-02-07 15:19:00
1516,2813,33,Carrier B,225.23,2025-06-24 12:06:00
1517,2815,44,Carrier A,292.51,2025-07-28 09:32:00
1518,2819,21,Carrier A,292.08,2025-06-30 16:24:00
1519,2820,23,In-House Agency,114.72,2025-11-18 19:48:00
1520,2822,12,Carrier A,275.69,2025-06-10 19:59:00
1521,2823,58,Carrier A,113.03,2025-04-10 18:22:00
1522,2824,3,In-House Agency,248.13,2025-04-08 08:39:00
1523,2825,48,Carrier B,254.41,2025-07-31 19:27:00
1524,2826,51,In-House Agency,152.38,2025-10-17 10:03:00
1525,2828,59,In-House Agency,208.18,2025-07-20 10:10:00
1526,2829,9,Carrier A,231.06,2025-03-10 15:22:00
1527,2830,26,Carrier A,208.75,2025-03-30 18:17:00
1528,2831,52,In-House Agency,293.33,2025-02-19 18:22:00
1529,2832,49,Carrier A,301.44,2025-03-09 18:29:00
1530,2834,36,Carrier A,166.2,2025-08-31 16:56:00
1531,2835,42,Carrier A,156.93,2025-01-15 08:11:00
1532,2836,54,Carrier B,243.91,2025-04-07 17:21:00
1533,2837,6,Carrier B,138.91,2025-11-26 09:57:00
1534,2838,9,Carrier B,169.73,2025-04-28 19:58:00
1535,2842,43,Carrier B,121.07,2025-08-18 19:46:00
1536,2844,8,Carrier A,215.57,2025-05-16 17:22:00
1537,2847,49,Carrier B,243.08,2025-09-24 10:37:00
1538,2849,46,Carrier A,103.97,2025-10-04 16:32:00
1539,2854,11,Carrier A,302.9,2025-09-17 09:45:00
1540,2855,34,In-House Agency,235.16,2025-07-17 17:39:00
1541,2856,17,In-House Agency,188.7,2025-06-23 09:39:00
1542,2858,37,Carrier A,113.46,2025-04-17 19:20:00
1543,2859,42,In-House Agency,141.22,2025-11-28 18:38:00
1544,2860,37,In-House Agency,282.96,2025-11-18 08:17:00
1545,2861,1,Carrier B,181.05,2025-02-10 19:31:00
1546,2863,28,Carrier A,230.26,2025-09-07 19:13:00
1547,2865,60,Carrier B,303.52,2025-12-16 19:56:00
1548,2866,42,In-House Agency,124.83,2025-12-05 10:24:00
1549,2867,26,In-House Agency,262.0,2025-09-06 08:53:00
1550,2869,39,In-House Agency,154.63,2025-09-21 09:50:00
1551,2871,16,Carrier B,176.54,2025-09-25 13:37:00
1552,2873,46,Carrier A,167.3,2025-04-21 14:51:00
1553,2874,10,Carrier A,159.17,2025-01-07 09:22:00
1554,2875,4,Carrier B,227.13,2025-12-07 12:15:00
1555,2876,53,Carrier B,301.81,2025-12-06 13:25:00
1556,2882,41,In-House Agency,264.23,2025-11-29 18:19:00
1557,2887,3,Carrier B,227.39,2025-03-07 08:42:00
1558,2889,18,Carrier B,162.47,2025-10-26 09:25:00
1559,2890,10,Carrier B,190.71,2025-03-02 18:15:00
1560,2891,24,Carrier A,123.56,2025-12-14 16:13:00
1561,2892,23,Carrier B,130.47,2025-02-27 18:19:00
1562,2894,47,Carrier A,246.27,2025-10-18 18:00:00
1563,2896,36,Carrier B,146.02,2025-03-25 19:30:00
1564,2898,7,Carrier A,164.29,2025-02-20 10:51:00
1565,2900,29,In-House Agency,271.08,2025-05-18 12:18:00
1566,2903,44,In-House Agency,141.52,2025-06-28 19:27:00
1567,2904,50,Carrier A,130.65,2025-02-26 09:16:00
1568,2905,16,In-House Agency,139.52,2025-04-13 14:00:00
1569,2907,31,Carrier B,95.56,2025-08-15 14:41:00
1570,2908,54,In-House Agency,276.79,2025-02-07 14:35:00
1571,2910,42,Carrier A,181.27,2025-06-22 13:45:00
1572,2912,3,Carrier B,270.09,2025-10-18 09:45:00
1573,2913,29,Carrier A,135.38,2025-12-20 16:09:00
1574,2914,30,Carrier A,232.09,2025-01-10 14:46:00
1575,2916,36,Carrier A,137.78,2025-09-23 13:34:00
1576,2917,54,Carrier A,198.2,2025-11-17 13:58:00
1577,2918,23,Carrier A,290.84,2025-03-04 11:12:00
1578,2920,39,Carrier A,102.02,2025-08-21 14:32:00
1579,2921,4,Carrier B,149.47,2025-10-21 11:48:00
1580,2922,36,Carrier B,259.25,2025-11-03 14:29:00
1581,2923,43,In-House Agency,295.21,2025-08-17 19:29:00
1582,2924,43,Carrier B,219.73,2025-05-01 14:47:00
1583,2925,47,Carrier B,211.71,2025-08-20 16:54:00
1584,2929,7,Carrier B,157.33,2025-02-28 19:22:00
1585,2930,30,Carrier A,158.65,2025-03-22 13:17:00
1586,2933,47,In-House Agency,123.43,2025-11-03 14:50:00
1587,2934,3,In-House Agency,139.1,2025-11-16 17:57:00
1588,2938,3,Carrier A,242.15,2025-07-29 11:03:00
1589,2939,14,In-House Agency,286.26,2025-11-15 14:36:00
1590,2941,13,Carrier A,124.36,2025-06-26 13:15:00
1591,2943,36,In-House Agency,256.99,2025-06-26 16:50:00
1592,2944,58,Carrier A,173.51,2025-03-17 08:30:00
1593,2945,28,Carrier A,144.17,2025-10-10 17:08:00
1594,2950,12,Carrier B,96.79,2025-10-23 11:48:00
1595,2951,2,Carrier A,127.26,2025-06-20 08:09:00
1596,2952,47,Carrier A,180.65,2025-12-04 16:31:00
1597,2953,43,Carrier B,234.8,2025-02-07 08:49:00
1598,2955,4,Carrier A,97.88,2025-09-05 13:32:00
1599,2957,28,Carrier B,199.37,2025-01-27 12:47:00
1600,2958,22,In-House Agency,117.97,2025-09-14 14:31:00
1601,2959,55,Carrier A,120.62,2025-09-06 16:09:00
1602,2960,47,Carrier B,218.7,2025-06-30 11:48:00
1603,2962,41,In-House Agency,190.38,2025-07-14 12:38:00
1604,2963,60,Carrier B,272.75,2025-08-28 17:26:00
1605,2969,20,Carrier A,259.02,2025-04-29 11:17:00
1606,2973,26,Carrier A,293.41,2025-07-19 11:26:00
1607,2976,8,Carrier B,185.54,2025-08-27 08:56:00
1608,2977,40,Carrier A,128.95,2025-04-27 16:40:00
1609,2978,44,Carrier A,264.77,2025-08-05 10:27:00
1610,2979,11,Carrier A,125.8,2025-06-09 17:01:00
1611,2982,46,Carrier A,121.86,2025-06-21 17:31:00
1612,2983,47,Carrier B,300.53,2025-02-02 18:36:00
1613,2985,51,Carrier A,148.35,2025-12-22 16:06:00
1614,2987,44,Carrier A,158.02,2025-04-18 15:59:00
1615,2988,53,Carrier B,105.36,2025-08-23 11:52:00
1616,2991,44,Carrier A,174.84,2025-12-16 13:54:00
1617,2996,12,Carrier A,255.17,2025-09-24 10:54:00
1618,2997,43,Carrier A,193.51,2025-12-09 09:20:00
1619,2998,36,Carrier B,283.61,2025-12-07 12:12:00
1620,3000,3,In-House Agency,141.56,2025-02-25 10:31:00
1621,3001,34,In-House Agency,119.63,2025-09-17 11:35:00
1622,3002,27,Carrier B,295.51,2025-09-23 17:02:00
1623,3004,49,In-House Agency,199.98,2025-03-25 08:46:00
1624,3006,30,In-House Agency,262.93,2025-04-23 16:14:00
1625,3007,39,In-House Agency,212.95,2025-10-29 14:29:00
1626,3008,17,Carrier B,191.63,2025-07-23 09:55:00
1627,3009,49,In-House Agency,266.06,2025-09-14 14:13:00
1628,3010,16,Carrier A,249.75,2025-02-16 10:22:00
1629,3011,23,Carrier B,265.84,2025-08-11 08:43:00
1630,3012,31,In-House Agency,128.05,2025-02-28 09:09:00
1631,3015,54,Carrier B,124.05,2025-04-21 14:06:00
1632,3016,34,Carrier A,227.24,2025-04-25 17:59:00
1633,3017,18,Carrier B,257.24,2025-02-26 10:32:00
1634,3018,45,Carrier B,262.27,2025-04-11 18:25:00
1635,3019,9,Carrier A,172.28,2025-04-25 18:23:00
1636,3023,50,Carrier B,112.82,2025-05-23 10:30:00
1637,3024,10,In-House Agency,274.82,2025-01-12 11:46:00
1638,3025,20,Carrier A,176.76,2025-07-12 14:40:00
1639,3026,8,Carrier A,100.27,2025-05-18 15:59:00
1640,3030,19,In-House Agency,117.28,2025-02-02 16:40:00
1641,3032,1,Carrier B,265.36,2025-06-13 14:29:00
1642,3033,5,Carrier A,193.41,2025-01-13 18:30:00
1643,3036,34,Carrier B,255.78,2025-08-20 17:18:00
1644,3037,1,In-House Agency,233.87,2025-07-17 08:22:00
1645,3039,39,Carrier A,178.53,2025-07-30 12:01:00
1646,3041,34,Carrier A,182.14,2025-11-04 09:01:00
1647,3043,49,Carrier A,190.49,2025-04-25 09:07:00
1648,3044,5,Carrier A,293.21,2025-08-15 12:18:00
1649,3045,29,In-House Agency,182.54,2025-05-28 19:59:00
1650,3046,31,Carrier A,161.89,2025-12-15 19:51:00
1651,3047,12,In-House Agency,226.89,2025-07-16 18:53:00
1652,3051,10,Carrier A,308.07,2025-09-08 11:17:00
1653,3052,51,Carrier B,173.23,2025-03-05 18:06:00
1654,3053,15,Carrier A,179.54,2025-06-15 17:35:00
1655,3056,24,Carrier A,197.22,2025-09-11 09:46:00
1656,3057,26,Carrier A,165.79,2025-07-28 17:59:00
1657,3058,6,Carrier B,110.14,2025-02-26 17:29:00
1658,3059,41,In-House Agency,205.08,2025-09-26 18:48:00
1659,3060,4,Carrier A,239.88,2025-12-16 11:04:00
1660,3063,50,In-House Agency,251.36,2025-09-29 14:52:00
1661,3064,41,In-House Agency,229.98,2025-11-18 17:15:00
1662,3065,13,Carrier A,274.87,2025-06-14 10:14:00
1663,3067,9,Carrier A,176.81,2025-10-01 17:15:00
1664,3068,17,Carrier B,258.75,2025-11-10 12:19:00
1665,3069,18,Carrier A,110.99,2025-05-08 11:14:00
1666,3070,34,Carrier B,222.67,2025-01-18 18:50:00
1667,3071,50,Carrier A,131.92,2025-11-28 13:36:00
1668,3073,26,In-House Agency,266.21,2025-07-22 10:39:00
1669,3078,26,Carrier B,252.01,2025-12-05 10:13:00
1670,3081,54,Carrier A,131.93,2025-03-30 15:14:00
1671,3082,23,In-House Agency,191.58,2025-05-29 08:35:00
1672,3086,57,In-House Agency,122.71,2025-02-13 14:56:00
1673,3089,57,Carrier B,260.02,2025-11-24 10:54:00
1674,3090,2,In-House Agency,177.88,2025-11-10 16:30:00
1675,3091,20,Carrier A,297.72,2025-01-07 14:06:00
1676,3092,17,Carrier B,213.75,2025-10-30 09:21:00
1677,3094,34,In-House Agency,226.12,2025-01-02 14:39:00
1678,3096,46,Carrier A,164.74,2025-06-23 16:12:00
1679,3097,42,In-House Agency,160.8,2025-08-21 14:11:00
1680,3098,48,Carrier A,270.67,2025-12-15 13:32:00
1681,3099,54,Carrier A,112.73,2025-04-03 15:17:00
1682,3102,55,Carrier B,237.06,2025-06-13 13:38:00
1683,3103,3,In-House Agency,225.56,2025-06-19 09:06:00
1684,3104,51,Carrier B,183.51,2025-08-20 10:28:00
1685,3106,58,Carrier A,120.0,2025-07-03 11:12:00
1686,3107,59,In-House Agency,231.66,2025-09-26 16:37:00
1687,3110,37,Carrier A,140.42,2025-11-01 18:31:00
1688,3115,40,Carrier B,194.45,2025-10-28 18:42:00
1689,3116,3,Carrier B,156.23,2025-08-25 11:19:00
1690,3119,22,In-House Agency,263.31,2025-11-21 14:23:00
1691,3120,21,Carrier A,176.36,2025-08-23 16:19:00
1692,3122,42,In-House Agency,279.87,2025-12-15 13:42:00
1693,3125,22,In-House Agency,267.25,2025-03-09 13:12:00
1694,3127,4,Carrier B,265.33,2025-04-09 13:56:00
1695,3128,23,Carrier B,110.83,2025-08-23 14:19:00
1696,3130,6,Carrier B,253.01,2025-11-22 09:57:00
1697,3133,22,Carrier B,202.16,2025-10-25 16:38:00
1698,3135,37,In-House Agency,272.33,2025-11-09 14:36:00
1699,3136,60,Carrier B,299.01,2025-10-19 18:01:00
1700,3140,59,In-House Agency,270.85,2025-03-01 17:47:00
1701,3142,10,Carrier B,104.06,2025-02-28 08:57:00
1702,3143,57,Carrier A,162.84,2025-03-19 17:35:00
1703,3149,17,Carrier B,201.39,2025-06-27 16:16:00
1704,3150,31,In-House Agency,202.53,2025-09-01 15:58:00
1705,3152,46,Carrier A,233.78,2025-11-29 14:02:00
1706,3153,45,Carrier A,195.24,2025-11-25 16:12:00
1707,3156,6,Carrier A,196.33,2025-11-17 19:32:00
1708,3157,44,In-House Agency,117.24,2025-07-27 08:30:00
1709,3159,39,Carrier B,304.51,2025-07-14 09:02:00
1710,3161,24,In-House Agency,196.81,2025-01-17 18:48:00
1711,3162,15,Carrier B,289.46,2025-12-19 17:30:00
1712,3163,56,Carrier B,127.54,2025-11-04 18:43:00
1713,3164,49,Carrier B,262.39,2025-05-13 11:28:00
1714,3165,58,Carrier B,254.44,2025-04-10 18:38:00
1715,3166,35,Carrier B,259.87,2025-03-02 15:19:00
1716,3167,3,Carrier B,221.47,2025-07-07 08:32:00
1717,3168,48,In-House Agency,214.94,2025-01-28 11:11:00
1718,3170,59,In-House Agency,226.08,2025-09-26 18:46:00
1719,3173,57,In-House Agency,295.47,2025-03-24 08:21:00
1720,3176,17,In-House Agency,148.3,2025-11-09 15:06:00
1721,3177,36,Carrier A,202.29,2025-05-13 16:03:00
1722,3179,54,In-House Agency,194.12,2025-08-12 15:21:00
1723,3181,47,Carrier B,134.13,2025-10-29 15:21:00
1724,3182,5,Carrier B,275.92,2025-10-26 16:18:00
1725,3183,31,Carrier B,183.06,2025-11-06 14:08:00
1726,3184,45,Carrier B,206.47,2025-05-07 13:14:00
1727,3185,29,Carrier A,268.81,2025-11-27 18:45:00
1728,3186,32,Carrier B,135.43,2025-02-06 09:51:00
1729,3187,9,In-House Agency,289.38,2025-11-18 16:48:00
1730,3189,33,Carrier A,207.42,2025-06-21 08:10:00
1731,3192,18,In-House Agency,286.47,2025-07-23 19:53:00
1732,3195,6,In-House Agency,188.84,2025-03-30 12:08:00
1733,3198,47,Carrier B,303.54,2025-05-07 19:00:00
1734,3199,43,In-House Agency,174.18,2025-10-07 11:21:00
1735,3204,51,In-House Agency,224.78,2025-05-14 19:43:00
1736,3207,15,In-House Agency,239.31,2025-09-30 12:47:00
1737,3208,32,Carrier A,155.94,2025-05-02 17:21:00
1738,3210,38,In-House Agency,214.36,2025-12-13 13:13:00
1739,3212,32,Carrier A,163.9,2025-02-20 16:49:00
1740,3213,3,Carrier B,275.11,2025-10-07 11:20:00
1741,3215,5,In-House Agency,238.57,2025-06-18 12:22:00
1742,3218,6,In-House Agency,169.17,2025-08-16 10:44:00
1743,3219,60,Carrier B,234.77,2025-02-01 09:55:00
1744,3220,54,Carrier A,264.74,2025-07-12 18:08:00
1745,3226,58,In-House Agency,217.16,2025-01-22 19:01:00
1746,3227,52,In-House Agency,113.7,2025-12-06 09:13:00
1747,3228,48,In-House Agency,259.93,2025-05-01 17:27:00
1748,3229,58,Carrier A,260.12,2025-08-26 10:01:00
1749,3230,40,In-House Agency,279.75,2025-02-16 16:02:00
1750,3231,42,Carrier A,135.48,2025-09-30 17:06:00
1751,3232,56,In-House Agency,251.32,2025-11-02 19:13:00
1752,3234,5,Carrier A,227.95,2025-09-09 16:50:00
1753,3236,51,Carrier B,100.98,2025-03-25 15:04:00
1754,3238,42,Carrier A,237.36,2025-08-24 18:32:00
1755,3241,14,Carrier B,181.56,2025-02-04 17:55:00
1756,3242,26,Carrier B,107.74,2025-07-28 15:06:00
1757,3244,18,Carrier A,266.8,2025-12-03 14:21:00
1758,3245,50,In-House Agency,283.18,2025-09-10 10:15:00
1759,3249,14,In-House Agency,247.74,2025-06-10 11:25:00
1760,3250,54,Carrier A,183.41,2025-11-27 15:23:00
1761,3251,27,Carrier A,200.59,2025-08-07 09:08:00
1762,3252,23,Carrier B,96.05,2025-04-01 09:07:00
1763,3254,46,Carrier A,160.99,2025-04-20 08:55:00
1764,3255,39,Carrier B,176.5,2025-04-01 13:58:00
1765,3256,49,In-House Agency,153.63,2025-05-13 18:20:00
1766,3258,27,Carrier B,290.03,2025-11-30 18:08:00
1767,3259,42,Carrier B,236.5,2025-08-20 08:37:00
1768,3260,38,Carrier B,102.13,2025-04-15 09:04:00
1769,3262,31,Carrier B,248.19,2025-08-30 17:21:00
1770,3265,31,Carrier A,184.2,2025-07-01 19:56:00
1771,3266,60,Carrier B,244.88,2025-02-09 13:37:00
1772,3268,39,Carrier B,214.58,2025-09-07 09:08:00
1773,3270,16,Carrier B,132.35,2025-01-26 19:57:00
1774,3273,43,Carrier B,285.33,2025-09-10 14:17:00
1775,3274,46,In-House Agency,306.69,2025-09-04 16:55:00
1776,3276,60,Carrier B,150.43,2025-01-04 14:45:00
1777,3280,43,In-House Agency,215.51,2025-09-08 09:40:00
1778,3281,7,Carrier A,182.33,2025-03-23 17:37:00
1779,3283,54,In-House Agency,123.72,2025-10-25 09:49:00
1780,3289,45,Carrier A,227.37,2025-08-16 13:03:00
1781,3290,52,Carrier B,179.96,2025-05-30 18:17:00
1782,3292,52,Carrier B,226.46,2025-01-22 11:03:00
1783,3294,3,Carrier B,205.71,2025-08-25 10:41:00
1784,3297,50,Carrier B,122.85,2025-07-29 16:22:00
1785,3298,11,In-House Agency,139.7,2025-09-26 08:14:00
1786,3300,20,Carrier A,136.08,2025-03-16 11:43:00
1787,3302,58,In-House Agency,267.2,2025-10-12 18:40:00
1788,3303,37,Carrier B,161.04,2025-12-09 19:53:00
1789,3306,29,Carrier A,151.56,2025-04-16 10:33:00
1790,3308,30,Carrier A,146.17,2025-12-15 09:38:00
1791,3309,49,In-House Agency,101.42,2025-10-30 13:00:00
1792,3310,50,Carrier B,273.2,2025-01-19 17:43:00
1793,3312,1,Carrier A,117.18,2025-04-30 13:36:00
1794,3313,16,Carrier B,227.24,2025-12-17 17:18:00
1795,3314,48,Carrier A,205.41,2025-05-30 11:02:00
1796,3318,39,Carrier A,160.01,2025-02-07 16:27:00
1797,3321,18,Carrier B,115.8,2025-02-17 14:18:00
1798,3322,50,Carrier A,248.89,2025-12-06 14:27:00
1799,3323,54,Carrier A,255.0,2025-06-07 19:20:00
1800,3324,25,In-House Agency,191.61,2025-08-14 09:37:00
1801,3326,23,Carrier B,128.91,2025-01-23 13:03:00
1802,3328,23,In-House Agency,171.47,2025-05-09 08:52:00
1803,3329,35,Carrier A,289.51,2025-01-27 17:51:00
1804,3334,3,Carrier A,276.69,2025-01-24 14:45:00
1805,3336,50,Carrier A,109.74,2025-01-14 12:51:00
1806,3337,59,In-House Agency,217.16,2025-07-13 17:07:00
1807,3342,24,In-House Agency,142.3,2025-01-10 10:04:00
1808,3345,60,Carrier B,211.29,2025-09-02 14:25:00
1809,3347,24,Carrier B,105.33,2025-02-11 18:04:00
1810,3349,56,In-House Agency,283.09,2025-12-16 16:49:00
1811,3351,53,Carrier A,276.85,2025-12-10 17:45:00
1812,3353,54,In-House Agency,286.34,2025-04-22 08:16:00
1813,3357,59,Carrier B,222.74,2025-09-17 11:43:00
1814,3359,18,Carrier B,294.93,2025-02-12 18:28:00
1815,3360,12,In-House Agency,113.4,2025-06-14 17:51:00
1816,3361,19,In-House Agency,248.12,2025-09-13 16:20:00
1817,3362,1,Carrier B,124.48,2025-03-13 19:34:00
1818,3364,51,Carrier B,255.39,2025-12-13 18:18:00
1819,3365,14,Carrier B,127.54,2025-02-15 19:24:00
1820,3370,54,In-House Agency,121.57,2025-11-21 17:05:00
1821,3371,59,In-House Agency,232.75,2025-10-26 09:17:00
1822,3373,13,Carrier B,104.7,2025-12-20 10:06:00
1823,3375,56,In-House Agency,216.88,2025-12-15 10:55:00
1824,3376,50,Carrier B,261.9,2025-11-15 13:55:00
1825,3377,35,In-House Agency,134.92,2025-03-17 18:20:00
1826,3378,44,Carrier A,214.11,2025-10-15 16:11:00
1827,3379,31,In-House Agency,104.52,2025-03-26 10:34:00
1828,3383,46,In-House Agency,288.17,2025-03-13 09:16:00
1829,3384,17,Carrier B,171.43,2025-04-25 17:50:00
1830,3385,25,In-House Agency,266.07,2025-06-06 15:06:00
1831,3387,29,In-House Agency,139.29,2025-03-26 18:19:00
1832,3389,47,Carrier A,119.85,2025-10-04 17:37:00
1833,3390,28,Carrier A,120.27,2025-04-24 10:11:00
1834,3392,47,Carrier B,150.01,2025-10-01 15:01:00
1835,3393,1,Carrier A,120.83,2025-01-06 10:50:00
1836,3395,35,Carrier A,223.72,2025-03-31 11:54:00
1837,3397,26,Carrier B,139.2,2025-01-22 13:33:00
1838,3399,52,In-House Agency,145.53,2025-08-13 16:43:00
1839,3402,41,Carrier A,293.1,2025-07-14 11:48:00
1840,3403,13,In-House Agency,200.86,2025-12-22 15:23:00
1841,3404,24,Carrier A,220.74,2025-10-18 11:49:00
1842,3407,55,In-House Agency,117.85,2025-07-28 12:33:00
1843,3409,49,In-House Agency,299.41,2025-02-13 09:51:00
1844,3411,52,In-House Agency,293.26,2025-12-08 14:29:00
1845,3413,38,Carrier A,240.04,2025-12-14 08:23:00
1846,3414,25,Carrier A,237.88,2025-10-21 18:23:00
1847,3415,11,Carrier A,274.21,2025-09-12 15:43:00
1848,3420,45,Carrier B,180.06,2025-04-11 15:42:00
1849,3421,52,In-House Agency,178.26,2025-07-04 17:16:00
1850,3423,48,Carrier A,149.44,2025-05-08 13:15:00
1851,3425,34,Carrier A,189.8,2025-11-09 13:17:00
1852,3426,3,Carrier B,293.86,2025-09-08 17:12:00
1853,3430,46,In-House Agency,144.55,2025-05-14 16:28:00
1854,3433,9,In-House Agency,126.53,2025-09-08 08:45:00
1855,3436,8,In-House Agency,195.91,2025-07-24 16:12:00
1856,3437,56,Carrier B,152.96,2025-01-17 15:33:00
1857,3439,44,Carrier B,166.84,2025-04-08 15:03:00
1858,3440,41,Carrier B,293.32,2025-10-10 11:36:00
1859,3442,14,In-House Agency,262.38,2025-05-13 08:31:00
1860,3443,49,Carrier B,152.48,2025-01-23 15:02:00
1861,3445,33,In-House Agency,156.22,2025-04-13 18:00:00
1862,3449,21,In-House Agency,218.1,2025-11-20 13:47:00
1863,3453,39,Carrier A,290.7,2025-11-07 13:54:00
1864,3455,8,Carrier A,120.26,2025-07-01 18:38:00
1865,3456,19,Carrier B,295.66,2025-03-12 10:51:00
1866,3459,23,Carrier A,153.24,2025-08-21 19:21:00
1867,3460,21,In-House Agency,135.38,2025-05-03 16:55:00
1868,3461,56,In-House Agency,263.44,2025-02-23 18:46:00
1869,3465,8,In-House Agency,157.45,2025-06-19 11:58:00
1870,3466,24,Carrier A,279.64,2025-07-01 16:48:00
1871,3469,24,In-House Agency,221.16,2025-05-28 11:30:00
1872,3470,40,In-House Agency,306.4,2025-01-22 16:53:00
1873,3471,47,In-House Agency,276.77,2025-02-27 09:09:00
1874,3475,13,Carrier B,214.47,2025-05-24 12:22:00
1875,3476,12,Carrier B,245.36,2025-03-09 14:26:00
1876,3477,36,Carrier B,258.21,2025-11-14 08:18:00
1877,3479,30,In-House Agency,302.59,2025-10-30 09:42:00
1878,3480,3,Carrier A,305.6,2025-10-01 08:23:00
1879,3481,6,Carrier A,226.38,2025-02-25 11:43:00
1880,3482,16,In-House Agency,238.86,2025-04-22 11:34:00
1881,3486,9,In-House Agency,259.67,2025-01-06 14:18:00
1882,3488,13,In-House Agency,165.36,2025-12-21 09:43:00
1883,3489,31,In-House Agency,113.99,2025-08-19 12:24:00
1884,3490,14,Carrier B,161.85,2025-10-22 10:12:00
1885,3492,37,Carrier A,301.13,2025-07-16 09:42:00
1886,3494,41,Carrier A,195.56,2025-11-27 11:31:00
1887,3495,50,Carrier B,292.78,2025-05-22 19:56:00
1888,3498,59,Carrier B,109.43,2025-07-12 19:08:00
1889,3499,41,Carrier A,130.61,2025-09-06 08:23:00
1890,3500,17,Carrier A,113.87,2025-08-13 18:32:00
1891,3501,17,In-House Agency,218.5,2025-08-22 17:33:00
1892,3502,24,In-House Agency,151.57,2025-11-18 11:58:00
1893,3504,50,In-House Agency,227.35,2025-05-28 09:47:00
1894,3505,3,In-House Agency,262.38,2025-01-23 12:37:00
1895,3506,27,Carrier B,227.53,2025-07-06 14:06:00
1896,3507,52,In-House Agency,199.06,2025-05-29 19:57:00
1897,3509,58,Carrier B,118.7,2025-03-14 15:15:00
1898,3510,10,Carrier A,183.96,2025-01-23 14:22:00
1899,3511,26,Carrier B,192.54,2025-02-15 13:21:00
1900,3512,16,Carrier A,96.66,2025-07-29 13:57:00
1901,3513,54,Carrier A,261.11,2025-12-20 10:05:00
1902,3514,6,Carrier B,266.88,2025-07-17 11:36:00
1903,3515,49,In-House Agency,163.73,2025-05-03 09:55:00
1904,3516,22,In-House Agency,208.52,2025-08-31 08:09:00
1905,3519,35,Carrier B,261.56,2025-09-18 19:15:00
1906,3520,21,Carrier A,219.19,2025-09-04 16:57:00
1907,3521,60,Carrier B,189.78,2025-08-23 09:52:00
1908,3522,44,In-House Agency,275.72,2025-04-28 16:23:00
1909,3523,29,In-House Agency,146.38,2025-07-16 19:04:00
1910,3524,44,Carrier A,148.18,2025-07-01 18:04:00
1911,3529,26,Carrier A,191.79,2025-04-08 17:42:00
1912,3531,53,Carrier A,188.74,2025-02-07 08:37:00
1913,3532,38,Carrier A,308.85,2025-05-23 15:44:00
1914,3533,11,Carrier B,277.99,2025-10-01 08:05:00
1915,3534,25,In-House Agency,261.18,2025-09-22 17:58:00
1916,3535,28,In-House Agency,242.46,2025-01-20 17:52:00
1917,3537,30,Carrier B,171.74,2025-05-25 14:29:00
1918,3538,57,In-House Agency,119.3,2025-09-27 19:31:00
1919,3540,22,In-House Agency,195.98,2025-12-06 09:11:00
1920,3541,4,Carrier A,219.13,2025-07-17 17:26:00
1921,3543,16,In-House Agency,266.54,2025-10-13 19:50:00
1922,3544,15,In-House Agency,240.24,2025-05-02 16:31:00
1923,3545,36,Carrier A,192.19,2025-03-24 17:10:00
1924,3546,9,Carrier A,217.05,2025-10-24 12:43:00
1925,3547,55,In-House Agency,236.94,2025-08-16 19:30:00
1926,3548,37,In-House Agency,163.64,2025-02-12 13:15:00
1927,3551,13,Carrier A,284.64,2025-07-17 12:12:00
1928,3552,57,Carrier B,143.98,2025-08-28 17:41:00
1929,3553,18,In-House Agency,222.5,2025-02-27 12:39:00
1930,3556,41,In-House Agency,111.68,2025-11-01 09:20:00
1931,3557,3,Carrier B,275.94,2025-04-10 18:10:00
1932,3559,51,Carrier A,200.39,2025-07-21 09:48:00
1933,3561,40,Carrier A,294.16,2025-06-24 16:54:00
1934,3562,4,Carrier A,150.85,2025-08-16 19:05:00
1935,3563,1,In-House Agency,103.95,2025-04-01 17:21:00
1936,3564,43,Carrier A,188.47,2025-02-18 13:46:00
1937,3567,47,In-House Agency,133.33,2025-09-02 09:52:00
1938,3570,14,Carrier B,278.76,2025-09-20 14:20:00
1939,3573,26,Carrier A,296.99,2025-07-29 17:07:00
1940,3576,58,Carrier B,181.57,2025-02-18 16:49:00
1941,3577,17,Carrier B,197.47,2025-01-08 09:40:00
1942,3578,16,Carrier B,177.75,2025-05-13 12:49:00
1943,3581,12,Carrier A,99.01,2025-06-01 18:52:00
1944,3582,39,Carrier B,157.21,2025-09-13 09:27:00
1945,3586,42,Carrier B,285.2,2025-04-09 19:58:00
1946,3587,59,Carrier A,271.43,2025-08-23 19:27:00
1947,3588,38,In-House Agency,107.26,2025-04-09 08:52:00
1948,3595,13,Carrier A,236.78,2025-01-21 13:07:00
1949,3596,46,Carrier B,144.32,2025-02-21 13:46:00
1950,3597,55,Carrier A,146.01,2025-06-22 10:26:00
1951,3599,53,Carrier A,285.67,2025-12-17 16:52:00
1952,3601,55,Carrier B,298.82,2025-06-18 14:15:00
1953,3604,47,Carrier A,204.53,2025-06-25 08:15:00
1954,3605,20,In-House Agency,127.91,2025-10-08 09:45:00
1955,3607,35,In-House Agency,218.4,2025-08-21 08:13:00
1956,3608,2,Carrier B,160.67,2025-05-25 09:02:00
1957,3609,5,Carrier A,137.84,2025-01-26 11:21:00
1958,3611,23,In-House Agency,207.39,2025-08-05 17:57:00
1959,3612,38,Carrier B,280.93,2025-10-14 11:32:00
1960,3613,43,Carrier A,227.17,2025-02-13 18:40:00
1961,3614,3,Carrier B,168.44,2025-05-25 16:26:00
1962,3615,52,In-House Agency,288.25,2025-02-17 08:31:00
1963,3616,38,Carrier A,169.78,2025-12-08 15:51:00
1964,3617,50,Carrier B,272.86,2025-10-06 17:12:00
1965,3618,38,Carrier A,206.06,2025-04-07 14:57:00
1966,3619,9,In-House Agency,236.2,2025-01-31 10:03:00
1967,3620,23,Carrier B,155.72,2025-07-05 08:28:00
1968,3623,47,In-House Agency,238.21,2025-03-12 12:01:00
1969,3624,40,Carrier A,242.94,2025-06-11 13:42:00
1970,3627,9,Carrier B,196.05,2025-06-03 09:51:00
1971,3628,1,Carrier A,263.95,2025-05-01 08:29:00
1972,3629,50,Carrier A,257.27,2025-10-04 18:49:00
1973,3630,40,Carrier A,155.98,2025-11-05 08:18:00
1974,3632,19,Carrier A,204.67,2025-05-08 09:10:00
1975,3634,30,Carrier B,158.64,2025-05-24 19:21:00
1976,3635,42,Carrier A,222.25,2025-12-10 08:40:00
1977,3637,12,In-House Agency,307.06,2025-02-11 11:47:00
1978,3638,53,Carrier B,118.36,2025-04-13 18:20:00
1979,3639,40,Carrier A,209.8,2025-10-25 13:20:00
1980,3641,38,Carrier B,222.53,2025-12-07 13:32:00
1981,3643,46,Carrier B,150.74,2025-12-08 12:58:00
1982,3644,31,Carrier A,102.29,2025-09-14 14:18:00
1983,3645,4,In-House Agency,188.39,2025-08-13 19:42:00
1984,3648,9,Carrier B,269.11,2025-03-06 13:46:00
1985,3652,50,In-House Agency,262.05,2025-02-04 12:15:00
1986,3658,44,In-House Agency,155.17,2025-12-05 08:10:00
1987,3659,9,Carrier B,305.38,2025-09-06 12:46:00
1988,3660,22,Carrier A,302.44,2025-12-06 13:00:00
1989,3665,15,In-House Agency,184.92,2025-11-25 19:37:00
1990,3666,9,In-House Agency,149.05,2025-07-19 19:33:00
1991,3667,56,Carrier B,134.03,2025-09-12 16:36:00
1992,3668,5,Carrier A,275.88,2025-10-16 15:28:00
1993,3672,45,Carrier B,127.41,2025-01-14 08:35:00
1994,3676,50,Carrier A,137.51,2025-11-20 11:00:00
1995,3679,60,In-House Agency,245.64,2025-01-15 15:20:00
1996,3681,29,Carrier A,202.87,2025-04-04 13:06:00
1997,3689,6,Carrier B,299.17,2025-01-31 16:28:00
1998,3690,42,Carrier A,154.93,2025-10-24 11:56:00
1999,3692,17,In-House Agency,221.67,2025-05-10 14:22:00
2000,3696,10,Carrier B,264.35,2025-05-12 09:23:00
2001,3697,25,Carrier B,269.41,2025-07-16 11:26:00
2002,3699,16,In-House Agency,296.29,2025-11-26 12:39:00
2003,3701,28,Carrier A,282.45,2025-01-24 08:03:00
2004,3704,55,Carrier B,286.79,2025-07-15 19:31:00
2005,3705,54,Carrier A,157.45,2025-01-08 16:46:00
2006,3706,5,In-House Agency,252.81,2025-05-21 16:32:00
2007,3710,8,Carrier B,293.44,2025-04-23 13:26:00
2008,3712,30,Carrier A,219.0,2025-12-03 09:25:00
2009,3714,43,Carrier B,304.12,2025-08-21 08:35:00
2010,3715,38,Carrier B,218.24,2025-08-12 16:33:00
2011,3716,9,Carrier A,130.82,2025-11-02 14:04:00
2012,3718,30,Carrier B,125.03,2025-12-17 14:55:00
2013,3719,13,In-House Agency,244.7,2025-10-27 17:52:00
2014,3721,26,Carrier A,244.75,2025-07-03 13:09:00
2015,3724,37,Carrier B,170.06,2025-10-08 14:27:00
2016,3726,46,Carrier B,298.08,2025-10-04 14:57:00
2017,3727,9,In-House Agency,137.12,2025-05-17 18:59:00
2018,3728,9,Carrier B,216.39,2025-08-12 17:56:00
2019,3730,44,Carrier A,211.11,2025-11-14 18:29:00
2020,3731,5,In-House Agency,153.19,2025-10-22 19:11:00
2021,3732,27,Carrier A,156.91,2025-04-26 19:08:00
2022,3733,6,In-House Agency,275.21,2025-05-26 09:43:00
2023,3734,19,In-House Agency,224.05,2025-09-28 19:55:00
2024,3735,57,Carrier A,113.5,2025-10-19 17:00:00
2025,3737,60,Carrier B,189.78,2025-03-10 09:28:00
2026,3738,21,Carrier B,187.02,2025-06-11 13:57:00
2027,3739,38,Carrier A,273.94,2025-04-27 09:22:00
2028,3740,17,In-House Agency,304.07,2025-04-29 18:56:00
2029,3741,13,Carrier A,142.53,2025-04-25 09:44:00
2030,3742,10,In-House Agency,292.82,2025-08-18 12:51:00
2031,3743,12,Carrier A,95.83,2025-01-18 12:53:00
2032,3747,29,In-House Agency,289.03,2025-07-28 15:58:00
2033,3749,14,Carrier A,168.55,2025-01-26 19:55:00
2034,3750,31,In-House Agency,236.49,2025-08-18 15:41:00
2035,3753,22,Carrier A,162.42,2025-06-04 09:52:00
2036,3755,23,In-House Agency,293.13,2025-10-17 11:45:00
2037,3756,54,Carrier A,134.56,2025-07-26 10:20:00
2038,3758,15,Carrier B,141.01,2025-09-09 10:39:00
2039,3761,20,In-House Agency,307.69,2025-12-10 18:59:00
2040,3762,2,Carrier A,293.05,2025-08-28 15:34:00
2041,3766,1,In-House Agency,171.54,2025-12-20 19:01:00
2042,3770,20,In-House Agency,241.64,2025-07-31 15:11:00
2043,3776,24,Carrier A,238.45,2025-02-12 12:03:00
2044,3777,35,Carrier B,219.55,2025-04-27 11:17:00
2045,3780,57,Carrier B,133.78,2025-03-26 08:40:00
2046,3782,44,Carrier A,134.47,2025-02-07 09:35:00
2047,3783,28,Carrier A,116.0,2025-09-05 15:31:00
2048,3785,42,Carrier A,271.48,2025-10-27 10:18:00
2049,3786,34,Carrier B,156.21,2025-05-03 15:19:00
2050,3788,1,In-House Agency,146.04,2025-03-10 19:46:00
2051,3790,12,In-House Agency,141.16,2025-04-19 12:44:00
2052,3791,49,Carrier A,113.98,2025-06-29 09:06:00
2053,3792,37,Carrier B,241.12,2025-06-30 09:47:00
2054,3794,35,Carrier A,204.05,2025-08-01 12:48:00
2055,3796,22,Carrier A,225.79,2025-04-18 12:49:00
2056,3797,21,Carrier B,191.01,2025-06-16 11:50:00
2057,3799,47,Carrier B,295.76,2025-04-27 11:20:00
2058,3802,9,Carrier B,287.51,2025-01-06 14:34:00
2059,3803,12,Carrier B,279.01,2025-06-10 15:51:00
2060,3806,51,In-House Agency,242.22,2025-05-13 11:34:00
2061,3808,18,In-House Agency,280.01,2025-06-21 10:17:00
2062,3809,48,Carrier B,166.19,2025-01-18 15:55:00
2063,3810,49,Carrier B,300.81,2025-01-26 12:28:00
2064,3811,11,Carrier B,231.76,2025-08-18 18:44:00
2065,3818,39,Carrier B,148.52,2025-02-10 11:53:00
2066,3821,17,In-House Agency,185.21,2025-12-23 11:12:00
2067,3822,24,Carrier A,113.07,2025-07-07 09:29:00
2068,3823,22,Carrier A,279.1,2025-09-04 12:24:00
2069,3824,40,Carrier A,288.95,2025-03-02 18:24:00
2070,3826,24,Carrier B,269.05,2025-11-30 12:23:00
2071,3828,59,Carrier A,309.49,2025-12-23 08:46:00
2072,3829,9,Carrier B,297.05,2025-05-14 12:13:00
2073,3830,53,In-House Agency,221.92,2025-11-27 09:46:00
2074,3834,21,Carrier A,135.26,2025-01-04 15:10:00
2075,3835,52,Carrier A,214.15,2025-11-15 09:16:00
2076,3836,40,In-House Agency,224.97,2025-10-11 18:48:00
2077,3837,33,Carrier B,124.33,2025-05-16 14:00:00
2078,3841,14,Carrier B,202.27,2025-09-10 17:30:00
2079,3842,39,Carrier B,249.78,2025-11-28 09:02:00
2080,3843,35,Carrier B,304.21,2025-02-23 14:47:00
2081,3846,21,In-House Agency,124.41,2025-02-12 12:53:00
2082,3848,4,Carrier A,167.32,2025-09-16 12:41:00
2083,3849,29,In-House Agency,269.67,2025-08-04 19:22:00
2084,3851,54,Carrier B,261.16,2025-06-01 10:54:00
2085,3853,28,In-House Agency,227.56,2025-06-21 10:03:00
2086,3855,49,In-House Agency,163.77,2025-02-19 13:14:00
2087,3857,25,Carrier B,255.78,2025-05-12 08:17:00
2088,3858,51,In-House Agency,201.65,2025-05-09 15:09:00
2089,3860,3,Carrier A,308.36,2025-05-30 11:53:00
2090,3861,44,Carrier B,148.71,2025-05-04 18:51:00
2091,3862,4,Carrier B,290.78,2025-12-08 16:03:00
2092,3866,4,Carrier B,138.44,2025-04-22 19:46:00
2093,3868,49,In-House Agency,255.22,2025-03-13 09:19:00
2094,3869,34,Carrier A,187.92,2025-06-13 14:00:00
2095,3870,8,Carrier B,215.93,2025-06-05 11:47:00
2096,3871,43,Carrier B,106.54,2025-03-15 17:20:00
2097,3873,50,In-House Agency,133.86,2025-07-06 12:33:00
2098,3875,23,In-House Agency,220.56,2025-02-17 13:53:00
2099,3878,57,Carrier A,202.95,2025-09-27 15:48:00
2100,3879,44,In-House Agency,295.66,2025-06-27 18:48:00
2101,3880,58,Carrier B,238.2,2025-01-28 15:30:00
2102,3882,7,Carrier A,267.41,2025-08-04 19:05:00
2103,3883,54,Carrier A,281.88,2025-04-06 16:48:00
2104,3884,44,Carrier B,254.68,2025-01-29 09:44:00
2105,3885,27,Carrier A,178.42,2025-08-06 14:40:00
2106,3887,27,In-House Agency,181.88,2025-04-10 17:08:00
2107,3888,55,In-House Agency,198.57,2025-06-11 16:40:00
2108,3889,27,Carrier A,150.87,2025-04-17 11:24:00
2109,3890,54,Carrier A,95.93,2025-04-05 09:08:00
2110,3891,26,In-House Agency,114.45,2025-10-28 16:55:00
2111,3892,30,Carrier A,185.31,2025-12-19 10:11:00
2112,3893,31,Carrier B,130.73,2025-04-21 17:33:00
2113,3894,1,Carrier B,259.9,2025-01-20 10:45:00
2114,3902,40,In-House Agency,205.82,2025-06-07 13:00:00
2115,3903,46,Carrier A,169.18,2025-04-01 19:12:00
2116,3904,7,Carrier B,299.86,2025-12-09 13:26:00
2117,3905,7,Carrier B,214.42,2025-10-30 15:50:00
2118,3906,55,In-House Agency,300.58,2025-11-20 11:32:00
2119,3907,11,Carrier B,152.67,2025-01-06 09:15:00
2120,3909,49,In-House Agency,270.14,2025-07-22 10:36:00
2121,3915,51,Carrier A,128.16,2025-07-08 15:01:00
2122,3916,7,Carrier A,308.98,2025-10-19 15:08:00
2123,3917,41,In-House Agency,186.79,2025-04-24 15:27:00
2124,3920,38,Carrier A,221.62,2025-11-21 15:30:00
2125,3922,48,In-House Agency,237.13,2025-06-25 13:33:00
2126,3924,9,In-House Agency,287.34,2025-11-01 18:02:00
2127,3925,34,In-House Agency,264.3,2025-01-29 19:00:00
2128,3929,7,Carrier A,125.84,2025-04-22 11:00:00
2129,3931,3,In-House Agency,155.78,2025-04-16 10:20:00
2130,3932,40,Carrier A,214.93,2025-11-17 19:28:00
2131,3933,30,In-House Agency,219.11,2025-07-24 13:57:00
2132,3936,13,In-House Agency,138.97,2025-01-15 17:55:00
2133,3937,29,Carrier B,121.32,2025-01-05 12:35:00
2134,3938,53,Carrier B,276.08,2025-02-26 15:04:00
2135,3939,46,In-House Agency,303.58,2025-12-08 15:20:00
2136,3941,14,Carrier A,152.25,2025-08-07 17:30:00
2137,3943,19,Carrier B,163.02,2025-10-28 15:22:00
2138,3945,34,In-House Agency,302.94,2025-10-04 19:07:00
2139,3946,24,Carrier A,211.84,2025-02-24 13:04:00
2140,3949,56,Carrier B,204.47,2025-10-29 14:03:00
2141,3950,58,Carrier A,159.64,2025-06-27 13:08:00
2142,3951,5,In-House Agency,96.62,2025-06-16 18:12:00
2143,3952,18,In-House Agency,255.7,2025-12-18 14:49:00
2144,3953,30,In-House Agency,214.65,2025-05-10 18:17:00
2145,3955,13,Carrier A,295.63,2025-03-09 19:14:00
2146,3956,16,Carrier B,174.13,2025-12-19 09:53:00
2147,3960,1,In-House Agency,220.61,2025-06-10 14:41:00
2148,3961,24,Carrier B,301.49,2025-02-03 11:19:00
2149,3962,4,Carrier B,212.04,2025-12-18 10:33:00
2150,3963,42,Carrier A,147.48,2025-11-27 16:18:00
2151,3965,20,In-House Agency,114.42,2025-11-08 11:16:00
2152,3968,10,In-House Agency,231.67,2025-09-26 15:39:00
2153,3970,7,Carrier B,255.7,2025-11-26 19:42:00
2154,3971,12,In-House Agency,236.93,2025-07-21 11:32:00
2155,3972,40,Carrier B,178.61,2025-02-24 15:34:00
2156,3973,21,In-House Agency,153.87,2025-08-30 11:49:00
2157,3975,42,Carrier A,237.16,2025-01-09 08:22:00
2158,3976,48,In-House Agency,137.83,2025-01-17 09:31:00
2159,3978,11,In-House Agency,301.01,2025-10-17 16:04:00
2160,3979,38,Carrier B,225.56,2025-12-16 10:21:00
2161,3980,55,Carrier A,144.81,2025-06-21 17:18:00
2162,3984,38,Carrier A,306.85,2025-05-18 16:26:00
2163,3985,53,Carrier A,205.8,2025-02-24 08:21:00
2164,3986,49,Carrier B,120.35,2025-05-20 10:58:00
2165,3991,32,Carrier B,124.05,2025-04-17 14:24:00
2166,3992,50,Carrier A,188.82,2025-05-30 17:13:00
2167,3993,10,Carrier A,219.89,2025-07-04 13:07:00
2168,3994,9,Carrier B,185.03,2025-07-27 12:35:00
2169,3995,14,Carrier B,127.14,2025-12-11 18:35:00
2170,3997,1,In-House Agency,284.73,2025-04-23 14:02:00
2171,3998,35,Carrier A,114.99,2025-07-02 12:39:00
2172,3999,32,Carrier B,279.09,2025-06-10 08:17:00
2173,4001,24,In-House Agency,138.12,2025-07-19 18:16:00
2174,4002,58,In-House Agency,240.0,2025-10-25 13:27:00
2175,4003,18,In-House Agency,236.95,2025-04-25 16:29:00
2176,4004,52,Carrier B,133.92,2025-02-08 14:15:00
2177,4006,8,In-House Agency,303.29,2025-03-16 17:53:00
2178,4008,19,Carrier A,195.02,2025-02-23 11:03:00
2179,4009,18,Carrier B,303.75,2025-04-24 08:31:00
2180,4011,1,Carrier A,127.03,2025-01-06 09:03:00
2181,4013,34,Carrier A,192.49,2025-03-26 11:47:00
2182,4021,7,Carrier B,176.06,2025-09-02 08:02:00
2183,4022,26,Carrier B,218.77,2025-09-12 19:47:00
2184,4025,59,Carrier B,194.3,2025-01-18 10:59:00
2185,4029,58,Carrier B,244.15,2025-09-20 09:20:00
2186,4030,45,Carrier A,245.84,2025-07-01 15:14:00
2187,4033,8,In-House Agency,188.38,2025-08-03 09:29:00
2188,4036,60,Carrier A,162.79,2025-12-04 08:28:00
2189,4037,24,Carrier B,114.91,2025-03-24 11:21:00
2190,4039,21,Carrier B,234.35,2025-10-15 13:42:00
2191,4043,43,Carrier B,259.11,2025-02-05 14:17:00
2192,4044,5,Carrier A,277.07,2025-06-14 12:57:00
2193,4045,29,Carrier A,131.08,2025-01-26 19:28:00
2194,4046,54,In-House Agency,238.2,2025-10-14 18:46:00
2195,4048,39,In-House Agency,282.61,2025-05-12 13:54:00
2196,4049,33,Carrier B,308.7,2025-01-22 16:53:00
2197,4052,7,Carrier A,301.57,2025-05-01 09:10:00
2198,4053,57,In-House Agency,242.37,2025-05-30 19:22:00
2199,4057,1,Carrier B,201.52,2025-05-11 09:48:00
2200,4060,19,In-House Agency,295.4,2025-12-04 13:12:00
2201,4063,43,Carrier A,203.36,2025-10-22 08:44:00
2202,4066,60,In-House Agency,137.17,2025-09-22 13:42:00
2203,4067,27,Carrier A,268.33,2025-03-15 15:21:00
2204,4072,43,In-House Agency,155.6,2025-10-20 11:39:00
2205,4074,55,Carrier B,196.2,2025-10-26 18:40:00
2206,4075,56,In-House Agency,132.28,2025-02-04 08:50:00
2207,4076,31,Carrier B,140.52,2025-11-15 11:39:00
2208,4077,49,In-House Agency,167.9,2025-09-13 10:06:00
2209,4078,34,Carrier A,247.86,2025-09-27 11:33:00
2210,4080,30,In-House Agency,161.88,2025-06-23 15:03:00
2211,4081,37,Carrier A,127.3,2025-05-11 13:19:00
2212,4084,37,In-House Agency,165.0,2025-09-23 19:18:00
2213,4086,48,Carrier B,194.03,2025-08-17 15:31:00
2214,4088,19,In-House Agency,229.81,2025-10-19 10:51:00
2215,4091,26,In-House Agency,259.95,2025-04-06 08:36:00
2216,4092,29,In-House Agency,152.01,2025-02-20 13:32:00
2217,4095,9,In-House Agency,194.92,2025-11-14 19:21:00
2218,4099,1,Carrier B,111.13,2025-06-06 18:40:00
2219,4102,58,Carrier B,202.6,2025-02-19 11:50:00
2220,4104,59,Carrier B,200.27,2025-10-26 13:46:00
2221,4105,43,Carrier B,152.63,2025-09-16 19:26:00
2222,4109,49,Carrier A,309.75,2025-01-23 08:41:00
2223,4110,8,In-House Agency,302.49,2025-01-31 19:54:00
2224,4111,56,In-House Agency,251.84,2025-06-04 19:40:00
2225,4113,11,Carrier A,166.95,2025-11-06 12:33:00
2226,4115,25,Carrier A,105.67,2025-11-11 10:36:00
2227,4116,33,Carrier B,257.94,2025-10-21 16:18:00
2228,4120,24,Carrier A,96.23,2025-03-11 18:09:00
2229,4121,36,In-House Agency,226.68,2025-04-04 09:23:00
2230,4122,13,Carrier B,277.86,2025-07-04 15:17:00
2231,4123,44,Carrier A,293.51,2025-07-04 09:35:00
2232,4124,47,Carrier B,271.05,2025-12-22 13:48:00
2233,4126,36,In-House Agency,140.61,2025-12-15 16:51:00
2234,4127,36,Carrier A,296.24,2025-08-09 11:19:00
2235,4130,33,Carrier A,213.12,2025-03-02 18:31:00
2236,4131,8,Carrier A,229.23,2025-11-07 18:36:00
2237,4132,39,Carrier B,98.46,2025-02-11 16:48:00
2238,4133,21,Carrier A,178.61,2025-10-30 13:13:00
2239,4135,44,In-House Agency,210.07,2025-12-20 12:16:00
2240,4137,12,Carrier A,112.06,2025-06-28 11:32:00
2241,4138,58,Carrier B,200.95,2025-02-09 18:34:00
2242,4141,29,Carrier A,217.91,2025-05-02 12:19:00
2243,4143,13,Carrier A,283.51,2025-11-11 13:39:00
2244,4144,21,In-House Agency,246.34,2025-10-28 17:25:00
2245,4145,34,In-House Agency,126.45,2025-09-13 19:50:00
2246,4146,13,In-House Agency,250.82,2025-09-01 14:54:00
2247,4148,18,In-House Agency,307.76,2025-07-10 19:01:00
2248,4149,2,Carrier B,206.11,2025-08-16 13:18:00
2249,4150,43,Carrier A,220.57,2025-02-12 19:50:00
2250,4152,36,Carrier B,248.05,2025-08-27 11:44:00
2251,4153,1,In-House Agency,141.64,2025-07-09 17:23:00
2252,4154,52,In-House Agency,117.95,2025-04-09 14:35:00
2253,4155,56,In-House Agency,218.3,2025-09-26 12:05:00
2254,4156,56,Carrier B,215.24,2025-08-07 18:58:00
2255,4157,56,Carrier B,167.23,2025-08-09 14:02:00
2256,4158,31,In-House Agency,291.51,2025-09-05 13:18:00
2257,4161,33,Carrier A,140.41,2025-10-11 15:32:00
2258,4162,3,Carrier A,264.68,2025-09-29 19:59:00
2259,4163,38,Carrier A,113.49,2025-05-11 18:23:00
2260,4164,28,Carrier B,104.68,2025-02-20 08:55:00
2261,4165,22,Carrier B,99.97,2025-10-15 17:39:00
2262,4166,60,Carrier B,253.91,2025-12-05 18:52:00
2263,4167,3,Carrier B,125.12,2025-12-16 10:19:00
2264,4168,34,In-House Agency,231.75,2025-04-26 17:40:00
2265,4169,27,Carrier B,171.75,2025-07-25 17:58:00
2266,4171,52,Carrier B,118.54,2025-08-06 15:03:00
2267,4174,15,Carrier B,106.75,2025-11-17 14:16:00
2268,4175,29,Carrier B,222.6,2025-05-02 15:25:00
2269,4176,48,In-House Agency,216.27,2025-11-24 16:39:00
2270,4177,8,Carrier A,287.17,2025-08-30 10:24:00
2271,4179,22,Carrier B,241.67,2025-01-21 16:47:00
2272,4180,39,In-House Agency,266.6,2025-08-06 09:53:00
2273,4181,33,Carrier B,148.0,2025-09-07 14:59:00
2274,4183,20,Carrier A,135.92,2025-08-17 11:18:00
2275,4185,14,In-House Agency,238.41,2025-10-01 12:59:00
2276,4186,31,In-House Agency,283.52,2025-06-25 10:44:00
2277,4188,14,Carrier B,148.2,2025-09-09 10:56:00
2278,4190,59,In-House Agency,303.45,2025-09-20 18:45:00
2279,4192,13,Carrier B,182.91,2025-02-12 12:45:00
2280,4194,42,In-House Agency,262.06,2025-09-19 09:30:00
2281,4195,1,Carrier A,116.89,2025-06-25 13:50:00
2282,4196,57,Carrier A,148.65,2025-02-19 10:34:00
2283,4197,54,Carrier A,216.12,2025-11-16 16:58:00
2284,4199,1,Carrier B,103.14,2025-09-16 10:26:00
2285,4204,55,In-House Agency,108.82,2025-11-15 17:39:00
2286,4208,4,Carrier A,228.11,2025-09-27 17:57:00
2287,4209,2,Carrier B,96.56,2025-01-27 10:41:00
2288,4210,32,In-House Agency,227.45,2025-05-31 09:14:00
2289,4214,19,Carrier B,192.72,2025-05-05 08:03:00
2290,4215,41,In-House Agency,147.07,2025-10-25 13:23:00
2291,4216,42,Carrier A,97.93,2025-07-09 19:31:00
2292,4218,7,Carrier A,140.04,2025-11-21 09:51:00
2293,4219,44,Carrier A,114.49,2025-08-07 17:43:00
2294,4222,15,Carrier A,197.2,2025-03-01 19:28:00
2295,4225,49,Carrier A,173.43,2025-06-23 13:05:00
2296,4227,10,Carrier B,254.64,2025-04-09 08:10:00
2297,4228,29,Carrier A,202.15,2025-08-17 11:09:00
2298,4229,44,In-House Agency,246.18,2025-07-02 16:38:00
2299,4231,21,In-House Agency,268.28,2025-03-02 12:23:00
2300,4232,27,Carrier B,287.58,2025-08-19 19:16:00
2301,4234,1,Carrier B,284.83,2025-04-12 09:29:00
2302,4235,3,In-House Agency,299.76,2025-02-28 18:53:00
2303,4236,30,Carrier B,97.63,2025-03-28 09:36:00
2304,4242,57,Carrier A,143.23,2025-06-03 17:51:00
2305,4252,18,Carrier B,306.93,2025-11-25 18:54:00
2306,4253,16,Carrier A,274.76,2025-08-12 13:53:00
2307,4255,34,In-House Agency,228.33,2025-06-17 10:36:00
2308,4256,23,Carrier B,180.62,2025-09-06 08:25:00
2309,4257,48,Carrier A,114.43,2025-11-12 13:55:00
2310,4259,48,Carrier A,193.98,2025-12-07 17:21:00
2311,4262,46,In-House Agency,119.97,2025-04-23 12:05:00
2312,4264,56,Carrier A,225.98,2025-05-12 10:02:00
2313,4265,16,In-House Agency,156.81,2025-09-09 13:03:00
2314,4267,52,In-House Agency,267.16,2025-01-05 19:38:00
2315,4269,28,In-House Agency,285.95,2025-12-15 09:15:00
2316,4272,19,Carrier A,214.91,2025-02-24 11:33:00
2317,4273,57,Carrier A,198.21,2025-08-31 16:22:00
2318,4275,8,In-House Agency,309.04,2025-08-06 17:13:00
2319,4276,24,In-House Agency,215.21,2025-02-28 11:34:00
2320,4277,57,In-House Agency,152.32,2025-05-01 10:19:00
2321,4278,21,Carrier B,164.21,2025-06-08 16:33:00
2322,4281,47,In-House Agency,199.56,2025-10-03 13:14:00
2323,4282,24,Carrier B,183.36,2025-08-07 18:57:00
2324,4284,5,Carrier A,222.92,2025-08-10 15:13:00
2325,4286,30,In-House Agency,219.85,2025-01-05 08:57:00
2326,4287,10,Carrier B,215.16,2025-02-21 15:15:00
2327,4289,25,In-House Agency,251.58,2025-08-15 17:22:00
2328,4294,3,In-House Agency,238.19,2025-06-13 14:30:00
2329,4295,18,Carrier B,224.3,2025-01-08 17:43:00
2330,4297,4,Carrier B,172.26,2025-07-20 16:16:00
2331,4298,19,Carrier B,177.78,2025-01-24 11:18:00
2332,4300,36,Carrier B,108.01,2025-10-28 11:33:00
2333,4301,6,Carrier B,107.87,2025-09-22 18:07:00
2334,4302,7,In-House Agency,154.02,2025-06-26 15:54:00
2335,4304,58,Carrier A,172.88,2025-04-28 14:06:00
2336,4306,42,In-House Agency,144.01,2025-09-21 16:57:00
2337,4311,37,Carrier A,233.54,2025-12-09 12:35:00
2338,4312,52,In-House Agency,232.3,2025-09-18 15:26:00
2339,4313,55,Carrier A,170.38,2025-10-22 17:06:00
2340,4314,30,Carrier B,187.99,2025-03-07 19:25:00
2341,4315,45,Carrier B,122.13,2025-11-12 17:42:00
2342,4317,1,Carrier B,276.83,2025-10-04 14:46:00
2343,4319,55,Carrier B,298.1,2025-05-26 08:08:00
2344,4324,31,Carrier A,247.35,2025-07-20 13:01:00
2345,4325,58,Carrier B,123.11,2025-06-29 18:45:00
2346,4328,28,Carrier A,262.24,2025-07-31 14:43:00
2347,4330,3,Carrier B,282.19,2025-02-01 15:43:00
2348,4333,31,Carrier B,186.82,2025-03-30 15:33:00
2349,4335,48,Carrier A,273.71,2025-06-08 14:36:00
2350,4337,44,Carrier A,218.06,2025-10-28 12:26:00
2351,4338,3,Carrier A,151.58,2025-05-11 13:37:00
2352,4340,25,Carrier A,214.89,2025-08-12 11:46:00
2353,4341,57,Carrier A,196.92,2025-12-16 15:15:00
2354,4342,16,Carrier B,218.72,2025-01-05 09:25:00
2355,4344,41,In-House Agency,249.52,2025-06-09 19:31:00
2356,4346,55,Carrier B,292.65,2025-10-01 09:03:00
2357,4347,55,Carrier B,116.57,2025-03-31 13:31:00
2358,4348,19,Carrier A,222.96,2025-01-11 12:15:00
2359,4349,16,Carrier B,228.37,2025-08-22 11:51:00
2360,4350,24,Carrier B,180.07,2025-04-20 11:56:00
2361,4351,3,Carrier B,184.19,2025-02-06 08:51:00
2362,4354,3,In-House Agency,227.56,2025-02-12 10:58:00
2363,4355,47,Carrier B,153.03,2025-12-16 19:37:00
2364,4356,26,In-House Agency,103.91,2025-02-01 12:53:00
2365,4357,5,In-House Agency,147.12,2025-10-15 09:45:00
2366,4358,10,Carrier B,225.49,2025-09-07 14:03:00
2367,4359,17,Carrier A,133.58,2025-09-17 14:55:00
2368,4361,32,Carrier A,265.57,2025-06-25 12:35:00
2369,4363,43,In-House Agency,177.0,2025-06-24 13:56:00
2370,4364,20,Carrier A,208.96,2025-05-28 08:44:00
2371,4366,27,Carrier B,251.01,2025-09-19 18:32:00
2372,4367,43,Carrier A,186.58,2025-10-05 17:30:00
2373,4368,48,Carrier B,103.12,2025-02-23 15:27:00
2374,4369,48,Carrier B,304.39,2025-10-06 13:29:00
2375,4370,34,In-House Agency,114.85,2025-11-18 19:10:00
2376,4371,12,In-House Agency,266.04,2025-10-16 09:23:00
2377,4373,58,In-House Agency,268.81,2025-09-30 12:44:00
2378,4374,57,Carrier A,168.58,2025-07-25 14:51:00
2379,4377,26,Carrier A,163.38,2025-05-08 14:28:00
2380,4380,4,Carrier A,228.05,2025-03-10 10:20:00
2381,4381,24,Carrier B,215.22,2025-01-28 15:52:00
2382,4382,54,In-House Agency,95.96,2025-10-02 14:20:00
2383,4384,18,In-House Agency,225.98,2025-08-14 18:31:00
2384,4385,25,Carrier B,155.77,2025-05-22 17:03:00
2385,4386,21,In-House Agency,100.07,2025-10-15 15:27:00
2386,4388,60,In-House Agency,155.79,2025-06-17 15:19:00
2387,4389,51,Carrier A,301.84,2025-01-07 13:04:00
2388,4390,22,Carrier B,97.89,2025-03-27 13:07:00
2389,4391,18,Carrier A,303.07,2025-02-15 08:31:00
2390,4394,38,In-House Agency,174.47,2025-05-17 11:38:00
2391,4395,27,Carrier B,227.36,2025-01-28 10:41:00
2392,4398,51,In-House Agency,163.72,2025-05-28 09:58:00
2393,4405,42,In-House Agency,184.97,2025-03-24 14:12:00
2394,4406,2,In-House Agency,304.86,2025-07-06 10:12:00
2395,4408,30,In-House Agency,229.45,2025-07-09 18:53:00
2396,4410,5,In-House Agency,241.4,2025-08-08 16:04:00
2397,4411,11,Carrier B,176.15,2025-09-12 16:59:00
2398,4413,30,Carrier B,215.13,2025-11-07 08:39:00
2399,4416,35,Carrier A,141.56,2025-07-14 18:32:00
2400,4418,39,In-House Agency,214.49,2025-10-26 19:13:00
2401,4419,12,In-House Agency,208.41,2025-11-30 08:18:00
2402,4421,29,Carrier B,306.17,2025-04-15 12:30:00
2403,4422,18,In-House Agency,268.55,2025-05-11 13:41:00
2404,4423,31,In-House Agency,153.96,2025-08-01 14:16:00
2405,4424,49,In-House Agency,245.06,2025-03-04 16:42:00
2406,4426,28,Carrier A,124.08,2025-07-28 19:26:00
2407,4427,18,In-House Agency,130.18,2025-01-24 19:59:00
2408,4428,36,In-House Agency,238.28,2025-07-29 17:33:00
2409,4429,17,Carrier A,107.99,2025-08-08 13:25:00
2410,4431,38,Carrier A,106.24,2025-03-27 09:09:00
2411,4432,27,In-House Agency,263.39,2025-05-29 17:58:00
2412,4434,56,Carrier B,285.29,2025-06-15 12:54:00
2413,4439,58,In-House Agency,238.58,2025-07-28 09:55:00
2414,4440,59,Carrier A,305.43,2025-05-11 14:58:00
2415,4441,16,In-House Agency,242.45,2025-06-11 13:03:00
2416,4442,13,Carrier A,128.75,2025-05-29 13:44:00
2417,4443,23,In-House Agency,232.45,2025-04-11 16:31:00
2418,4448,15,In-House Agency,187.15,2025-04-30 15:44:00
2419,4449,19,Carrier B,249.66,2025-02-02 17:30:00
2420,4451,43,In-House Agency,204.19,2025-02-09 17:36:00
2421,4452,9,Carrier A,156.1,2025-09-15 17:04:00
2422,4453,37,Carrier B,286.83,2025-10-23 13:07:00
2423,4455,30,Carrier A,222.05,2025-01-19 17:41:00
2424,4456,51,In-House Agency,274.04,2025-12-07 10:33:00
2425,4457,26,Carrier B,304.56,2025-06-09 16:37:00
2426,4459,41,In-House Agency,236.21,2025-07-27 11:08:00
2427,4460,29,Carrier B,103.62,2025-03-25 16:39:00
2428,4463,25,In-House Agency,212.25,2025-10-22 11:32:00
2429,4465,7,Carrier B,190.96,2025-08-06 16:53:00
2430,4469,48,Carrier A,263.97,2025-02-18 10:31:00
2431,4471,56,Carrier A,205.24,2025-08-28 18:03:00
2432,4475,25,Carrier A,111.49,2025-04-07 13:10:00
2433,4476,49,Carrier A,252.57,2025-04-20 12:55:00
2434,4478,43,In-House Agency,138.54,2025-05-21 12:00:00
2435,4479,60,In-House Agency,231.78,2025-03-15 16:21:00
2436,4480,8,Carrier A,235.4,2025-10-06 14:28:00
2437,4482,5,Carrier A,249.78,2025-11-14 08:45:00
2438,4483,12,Carrier B,276.49,2025-07-22 14:23:00
2439,4485,6,Carrier A,146.88,2025-02-05 08:39:00
2440,4489,32,In-House Agency,176.23,2025-10-02 13:55:00
2441,4490,8,Carrier B,120.46,2025-07-23 15:42:00
2442,4491,41,Carrier B,183.67,2025-12-19 08:36:00
2443,4493,56,In-House Agency,206.17,2025-03-21 19:30:00
2444,4494,37,In-House Agency,181.7,2025-10-06 16:47:00
2445,4497,38,In-House Agency,236.44,2025-07-02 09:53:00
2446,4499,42,Carrier B,239.07,2025-03-06 10:42:00
2447,4500,14,Carrier A,266.21,2025-12-09 09:56:00
2448,4501,40,Carrier A,100.66,2025-02-06 15:38:00
2449,4502,17,In-House Agency,149.82,2025-02-01 10:31:00
2450,4503,57,In-House Agency,106.68,2025-02-21 17:32:00
2451,4510,45,Carrier A,173.58,2025-06-16 19:50:00
2452,4511,27,In-House Agency,161.67,2025-02-18 12:40:00
2453,4514,6,Carrier A,306.41,2025-01-10 15:58:00
2454,4517,17,Carrier A,120.2,2025-04-17 13:41:00
2455,4520,11,Carrier B,163.72,2025-04-15 10:52:00
2456,4521,16,Carrier B,265.19,2025-05-14 14:20:00
2457,4522,11,Carrier B,279.19,2025-10-15 13:49:00
2458,4524,11,In-House Agency,135.69,2025-09-24 19:47:00
2459,4528,30,In-House Agency,100.26,2025-07-14 11:53:00
2460,4530,14,In-House Agency,101.67,2025-09-07 19:54:00
2461,4533,24,Carrier A,229.65,2025-04-10 14:09:00
2462,4534,10,Carrier B,240.47,2025-01-10 10:37:00
2463,4538,34,In-House Agency,309.98,2025-04-17 14:00:00
2464,4539,45,Carrier B,175.97,2025-09-11 13:41:00
2465,4540,49,Carrier A,125.14,2025-08-03 13:10:00
2466,4544,46,In-House Agency,237.4,2025-07-26 12:16:00
2467,4545,18,In-House Agency,201.29,2025-04-23 15:54:00
2468,4546,56,Carrier A,267.22,2025-10-18 11:32:00
2469,4547,45,In-House Agency,248.93,2025-05-07 12:11:00
2470,4550,20,Carrier B,208.48,2025-07-18 15:50:00
2471,4551,20,In-House Agency,114.76,2025-04-05 09:34:00
2472,4553,6,Carrier A,304.32,2025-10-11 09:29:00
2473,4554,54,In-House Agency,98.87,2025-04-07 11:42:00
2474,4556,54,Carrier A,270.43,2025-11-07 08:59:00
2475,4557,10,In-House Agency,300.52,2025-09-14 08:27:00
2476,4559,24,Carrier A,162.15,2025-01-14 17:17:00
2477,4560,57,Carrier A,101.3,2025-07-10 14:28:00
2478,4563,15,Carrier A,221.43,2025-12-09 16:01:00
2479,4564,2,Carrier A,248.37,2025-10-10 14:33:00
2480,4571,38,Carrier B,181.27,2025-03-24 14:41:00
2481,4575,22,In-House Agency,302.22,2025-04-28 19:30:00
2482,4579,45,Carrier A,216.58,2025-03-17 10:16:00
2483,4580,28,Carrier A,200.78,2025-12-09 14:00:00
2484,4581,59,Carrier A,308.7,2025-04-17 16:01:00
2485,4582,23,Carrier B,227.02,2025-06-04 13:49:00
2486,4583,36,In-House Agency,182.31,2025-03-30 18:57:00
2487,4584,42,Carrier B,178.09,2025-12-08 19:26:00
2488,4585,31,In-House Agency,151.22,2025-07-12 13:03:00
2489,4586,5,Carrier A,284.34,2025-12-02 17:56:00
2490,4587,34,Carrier B,241.95,2025-06-27 10:00:00
2491,4594,48,Carrier B,305.33,2025-01-13 12:58:00
2492,4595,23,Carrier B,266.67,2025-05-27 15:13:00
2493,4597,27,Carrier A,253.43,2025-09-14 11:10:00
2494,4599,41,In-House Agency,268.24,2025-11-14 09:59:00
2495,4600,5,Carrier A,299.1,2025-12-18 16:28:00
2496,4603,29,Carrier A,207.99,2025-05-10 12:12:00
2497,4604,46,Carrier B,194.17,2025-03-08 10:01:00
2498,4605,17,Carrier B,295.32,2025-08-27 14:55:00
2499,4606,50,In-House Agency,251.12,2025-07-25 08:34:00
2500,4607,34,Carrier B,196.89,2025-11-11 19:56:00
2501,4610,51,Carrier B,141.77,2025-04-02 14:53:00
2502,4613,42,Carrier B,183.67,2025-09-28 17:11:00
2503,4615,60,In-House Agency,117.2,2025-09-06 09:23:00
2504,4616,33,Carrier B,106.04,2025-10-01 11:15:00
2505,4617,5,Carrier A,196.5,2025-09-04 14:58:00
2506,4618,17,Carrier B,198.37,2025-09-29 09:11:00
2507,4619,43,In-House Agency,143.01,2025-05-10 08:49:00
2508,4620,10,Carrier A,222.62,2025-04-07 11:52:00
2509,4621,38,In-House Agency,184.08,2025-09-24 18:05:00
2510,4622,53,Carrier A,308.92,2025-07-22 12:45:00
2511,4623,55,Carrier A,307.25,2025-03-20 11:48:00
2512,4624,19,In-House Agency,234.01,2025-10-11 16:27:00
2513,4626,49,Carrier B,214.83,2025-04-08 17:03:00
2514,4627,50,Carrier B,182.0,2025-09-01 19:15:00
2515,4628,31,Carrier B,198.56,2025-07-13 15:56:00
2516,4629,37,In-House Agency,294.7,2025-03-16 16:58:00
2517,4631,57,Carrier B,201.75,2025-07-15 08:09:00
2518,4632,51,Carrier A,189.2,2025-10-28 14:13:00
2519,4633,38,Carrier B,114.36,2025-06-02 10:27:00
2520,4637,14,Carrier B,221.43,2025-12-17 10:22:00
2521,4638,5,Carrier A,231.44,2025-07-29 16:04:00
2522,4639,44,Carrier B,197.95,2025-12-10 16:45:00
2523,4640,54,Carrier B,273.03,2025-05-29 14:56:00
2524,4641,44,Carrier A,158.06,2025-02-09 19:23:00
2525,4642,19,Carrier B,151.51,2025-04-22 08:24:00
2526,4643,18,In-House Agency,161.71,2025-04-04 19:37:00
2527,4645,47,Carrier B,232.48,2025-12-17 11:26:00
2528,4647,8,In-House Agency,287.18,2025-10-21 11:56:00
2529,4649,22,Carrier B,263.05,2025-08-17 16:31:00
2530,4651,42,Carrier B,198.9,2025-12-18 14:31:00
2531,4654,31,Carrier B,166.91,2025-06-14 18:01:00
2532,4656,34,Carrier A,240.14,2025-03-12 14:31:00
2533,4657,38,Carrier A,307.18,2025-07-24 12:07:00
2534,4659,44,Carrier B,159.53,2025-05-26 13:46:00
2535,4660,39,Carrier B,163.29,2025-06-21 09:55:00
2536,4661,40,Carrier A,144.1,2025-03-09 14:33:00
2537,4663,35,In-House Agency,235.62,2025-09-12 17:13:00
2538,4669,9,Carrier B,180.25,2025-06-07 12:36:00
2539,4670,2,In-House Agency,167.34,2025-06-14 09:08:00
2540,4675,39,Carrier B,123.6,2025-01-21 12:00:00
2541,4676,58,Carrier B,185.98,2025-03-05 14:54:00
2542,4678,28,Carrier B,179.65,2025-11-14 14:05:00
2543,4684,35,In-House Agency,106.14,2025-05-26 17:52:00
2544,4685,40,Carrier B,306.15,2025-03-31 13:56:00
2545,4687,43,In-House Agency,156.0,2025-08-06 19:29:00
2546,4690,35,Carrier B,248.17,2025-03-14 09:08:00
2547,4692,14,Carrier B,176.4,2025-11-28 11:48:00
2548,4696,44,In-House Agency,139.97,2025-04-12 10:47:00
2549,4699,24,In-House Agency,147.23,2025-07-17 17:49:00
2550,4700,23,In-House Agency,297.15,2025-02-11 08:43:00
2551,4701,22,Carrier A,241.66,2025-09-05 09:35:00
2552,4702,28,In-House Agency,252.22,2025-07-10 15:48:00
2553,4703,44,In-House Agency,204.13,2025-07-17 13:33:00
2554,4704,22,In-House Agency,289.85,2025-01-30 08:16:00
2555,4705,58,Carrier B,292.71,2025-10-30 12:30:00
2556,4706,13,Carrier A,241.64,2025-11-13 11:40:00
2557,4707,40,Carrier B,290.6,2025-12-14 17:43:00
2558,4708,5,Carrier B,184.25,2025-07-27 14:17:00
2559,4709,2,Carrier A,307.56,2025-09-10 19:01:00
2560,4710,7,In-House Agency,142.56,2025-12-22 09:21:00
2561,4715,4,In-House Agency,130.37,2025-08-13 12:07:00
2562,4717,31,In-House Agency,169.14,2025-11-14 14:17:00
2563,4718,56,Carrier B,222.4,2025-12-16 11:51:00
2564,4722,34,In-House Agency,95.96,2025-05-25 13:53:00
2565,4723,40,Carrier B,170.15,2025-10-09 12:28:00
2566,4724,46,In-House Agency,138.5,2025-02-16 11:53:00
2567,4726,56,In-House Agency,97.8,2025-01-20 19:32:00
2568,4727,57,Carrier A,107.92,2025-02-15 13:43:00
2569,4729,34,Carrier B,304.45,2025-02-27 13:08:00
2570,4730,53,In-House Agency,183.24,2025-12-04 18:27:00
2571,4732,13,Carrier B,210.75,2025-11-25 17:40:00
2572,4733,46,Carrier A,143.28,2025-09-07 10:42:00
2573,4740,55,In-House Agency,241.95,2025-05-03 08:27:00
2574,4742,4,Carrier A,182.59,2025-07-03 13:27:00
2575,4743,45,In-House Agency,151.03,2025-09-27 19:27:00
2576,4745,19,In-House Agency,159.89,2025-09-14 15:01:00
2577,4746,41,In-House Agency,103.71,2025-04-04 12:22:00
2578,4747,31,In-House Agency,290.98,2025-04-21 14:25:00
2579,4750,49,Carrier A,174.89,2025-02-28 18:09:00
2580,4752,1,Carrier A,199.21,2025-11-21 14:19:00
2581,4753,34,Carrier A,201.51,2025-06-05 11:12:00
2582,4754,56,In-House Agency,135.63,2025-03-07 13:51:00
2583,4757,56,In-House Agency,271.16,2025-04-28 11:51:00
2584,4758,46,Carrier B,244.92,2025-01-08 13:24:00
2585,4759,22,Carrier B,217.53,2025-04-12 12:00:00
2586,4760,1,In-House Agency,104.62,2025-12-07 14:16:00
2587,4761,39,Carrier A,194.89,2025-11-17 12:20:00
2588,4762,9,Carrier A,308.0,2025-09-29 08:00:00
2589,4764,1,Carrier A,212.42,2025-01-08 14:55:00
2590,4765,31,Carrier A,192.68,2025-11-20 08:54:00
2591,4767,30,Carrier A,304.74,2025-07-18 16:03:00
2592,4768,54,In-House Agency,161.27,2025-12-19 10:42:00
2593,4769,14,Carrier A,215.28,2025-06-23 18:52:00
2594,4770,42,In-House Agency,144.39,2025-12-03 11:23:00
2595,4772,53,In-House Agency,199.97,2025-11-10 11:01:00
2596,4774,4,Carrier A,235.2,2025-12-18 10:29:00
2597,4775,59,In-House Agency,112.39,2025-09-20 09:35:00
2598,4776,8,In-House Agency,198.98,2025-09-04 17:16:00
2599,4777,36,Carrier A,273.07,2025-09-23 16:40:00
2600,4778,23,In-House Agency,308.78,2025-08-27 15:20:00
2601,4781,1,Carrier B,279.3,2025-01-02 12:45:00
2602,4785,54,In-House Agency,209.26,2025-05-28 13:28:00
2603,4786,55,Carrier B,229.92,2025-12-15 18:05:00
2604,4787,53,Carrier B,283.26,2025-05-20 15:15:00
2605,4788,31,In-House Agency,183.93,2025-07-15 13:24:00
2606,4789,24,In-House Agency,181.18,2025-01-14 16:30:00
2607,4790,22,Carrier B,228.67,2025-07-02 13:08:00
2608,4792,45,Carrier B,103.68,2025-06-10 17:58:00
2609,4794,24,Carrier A,238.01,2025-12-06 11:56:00
2610,4796,30,Carrier B,158.32,2025-02-19 11:24:00
2611,4797,22,Carrier B,149.37,2025-11-08 17:13:00
2612,4798,20,Carrier B,112.52,2025-09-07 18:47:00
2613,4799,20,Carrier B,231.41,2025-06-15 10:46:00
2614,4800,2,Carrier B,159.33,2025-06-19 10:58:00
2615,4802,29,Carrier A,143.84,2025-08-09 15:33:00
2616,4805,45,Carrier A,292.17,2025-09-25 14:11:00
2617,4806,30,Carrier A,123.77,2025-05-22 19:03:00
2618,4807,58,Carrier B,178.39,2025-01-23 12:17:00
2619,4808,42,In-House Agency,133.53,2025-07-15 16:42:00
2620,4811,31,In-House Agency,265.77,2025-03-13 12:34:00
2621,4812,49,Carrier B,102.64,2025-03-15 13:59:00
2622,4814,1,Carrier A,137.21,2025-05-22 08:32:00
2623,4815,49,Carrier B,146.57,2025-07-13 13:37:00
2624,4817,20,Carrier B,247.96,2025-10-01 11:52:00
2625,4820,24,Carrier B,263.08,2025-01-17 16:38:00
2626,4822,56,Carrier A,180.85,2025-03-10 19:04:00
2627,4824,25,Carrier A,274.17,2025-05-09 10:35:00
2628,4826,9,Carrier A,131.72,2025-11-26 11:01:00
2629,4829,37,Carrier B,120.06,2025-02-21 15:26:00
2630,4830,32,Carrier B,141.34,2025-07-16 09:57:00
2631,4831,30,Carrier A,290.63,2025-01-24 19:21:00
2632,4832,54,Carrier B,164.07,2025-03-26 17:42:00
2633,4834,13,Carrier A,298.42,2025-09-16 11:12:00
2634,4835,51,In-House Agency,308.79,2025-02-14 14:09:00
2635,4836,2,Carrier B,111.0,2025-10-27 12:21:00
2636,4840,45,Carrier B,213.86,2025-04-08 19:56:00
2637,4841,15,Carrier A,252.24,2025-04-21 17:01:00
2638,4842,31,Carrier A,143.37,2025-07-08 19:44:00
2639,4843,1,In-House Agency,272.55,2025-01-05 14:43:00
2640,4844,30,Carrier B,300.14,2025-11-24 14:55:00
2641,4845,43,In-House Agency,241.88,2025-03-14 18:42:00
2642,4848,10,In-House Agency,272.89,2025-08-10 08:47:00
2643,4852,20,Carrier B,135.86,2025-02-05 09:02:00
2644,4854,48,Carrier A,253.59,2025-07-08 14:17:00
2645,4859,34,In-House Agency,198.71,2025-01-10 19:37:00
2646,4862,59,Carrier B,157.17,2025-10-24 12:05:00
2647,4863,55,Carrier A,113.96,2025-05-21 19:33:00
2648,4865,23,Carrier B,181.67,2025-11-28 17:22:00
2649,4866,44,Carrier A,120.26,2025-03-23 19:27:00
2650,4867,49,Carrier B,97.24,2025-07-12 12:44:00
2651,4868,12,Carrier A,126.31,2025-06-12 15:09:00
2652,4873,46,In-House Agency,280.21,2025-05-19 15:45:00
2653,4874,55,In-House Agency,280.67,2025-12-01 12:39:00
2654,4875,20,In-House Agency,296.42,2025-06-20 14:40:00
2655,4876,26,In-House Agency,232.72,2025-08-13 10:44:00
2656,4877,10,Carrier A,237.59,2025-05-23 15:29:00
2657,4878,1,In-House Agency,172.08,2025-09-11 19:44:00
2658,4879,15,Carrier A,239.44,2025-04-12 14:24:00
2659,4882,38,In-House Agency,100.8,2025-08-06 17:11:00
2660,4885,3,Carrier B,171.16,2025-07-25 16:41:00
2661,4886,39,In-House Agency,247.59,2025-01-28 16:53:00
2662,4887,52,Carrier B,109.15,2025-02-10 08:23:00
2663,4895,26,Carrier B,190.05,2025-01-23 13:56:00
2664,4896,57,Carrier B,95.22,2025-06-12 09:10:00
2665,4897,14,Carrier A,203.1,2025-09-11 11:16:00
2666,4898,53,In-House Agency,206.85,2025-07-30 13:07:00
2667,4899,26,Carrier A,155.35,2025-02-17 17:18:00
2668,4901,30,Carrier A,131.42,2025-12-25 14:01:00
2669,4902,12,Carrier A,247.07,2025-09-26 17:20:00
2670,4904,23,In-House Agency,189.79,2025-04-10 09:50:00
2671,4908,29,In-House Agency,98.45,2025-07-25 10:18:00
2672,4909,11,In-House Agency,299.36,2025-11-28 09:20:00
2673,4910,26,Carrier B,203.72,2025-01-06 17:28:00
2674,4911,11,Carrier A,214.71,2025-06-12 13:16:00
2675,4912,59,Carrier A,284.47,2025-01-27 16:25:00
2676,4913,39,Carrier A,225.08,2025-01-12 14:50:00
2677,4914,46,Carrier A,227.86,2025-04-29 12:45:00
2678,4915,32,Carrier A,291.09,2025-09-27 11:59:00
2679,4917,48,In-House Agency,206.99,2025-05-12 12:41:00
2680,4920,4,Carrier B,95.13,2025-12-01 13:12:00
2681,4922,26,Carrier B,155.38,2025-08-22 13:48:00
2682,4923,54,In-House Agency,154.18,2025-08-11 19:10:00
2683,4924,17,In-House Agency,191.66,2025-12-02 13:47:00
2684,4925,13,Carrier A,223.03,2025-02-02 12:01:00
2685,4926,4,In-House Agency,165.96,2025-02-02 17:41:00
2686,4927,54,Carrier B,151.05,2025-03-09 10:14:00
2687,4929,11,In-House Agency,175.93,2025-08-04 13:24:00
2688,4931,49,In-House Agency,159.16,2025-10-24 10:11:00
2689,4932,55,Carrier B,203.43,2025-10-27 19:44:00
2690,4935,34,In-House Agency,262.32,2025-08-24 11:01:00
2691,4936,36,In-House Agency,259.4,2025-06-14 12:44:00
2692,4941,35,Carrier A,176.29,2025-02-16 15:54:00
2693,4943,8,In-House Agency,237.12,2025-07-28 17:46:00
2694,4946,9,Carrier B,117.04,2025-05-17 15:05:00
2695,4947,34,In-House Agency,132.09,2025-12-09 13:09:00
2696,4948,4,Carrier B,152.92,2025-01-16 12:30:00
2697,4950,5,Carrier A,191.95,2025-10-17 08:27:00
2698,4953,11,In-House Agency,250.75,2025-07-03 10:52:00
2699,4954,3,Carrier A,157.83,2025-02-25 17:42:00
2700,4957,12,Carrier B,283.08,2025-01-23 17:32:00
2701,4959,20,Carrier B,295.14,2025-12-14 11:48:00
2702,4960,9,Carrier B,126.57,2025-11-25 17:55:00
2703,4962,22,In-House Agency,253.64,2025-01-30 16:30:00
2704,4963,2,Carrier A,117.54,2025-04-25 08:49:00
2705,4964,50,Carrier A,250.47,2025-12-17 14:32:00
2706,4965,55,In-House Agency,98.64,2025-01-19 19:49:00
2707,4970,5,In-House Agency,122.7,2025-05-06 13:36:00
2708,4971,58,Carrier A,168.17,2025-10-19 18:13:00
2709,4972,27,In-House Agency,152.35,2025-01-11 17:31:00
2710,4973,3,Carrier A,265.79,2025-03-02 13:27:00
2711,4975,42,Carrier B,213.54,2025-12-22 19:21:00
2712,4976,14,Carrier B,116.44,2025-03-30 18:36:00
2713,4978,26,Carrier B,240.44,2025-09-16 14:33:00
2714,4982,35,Carrier A,106.12,2025-01-24 16:50:00
2715,4983,37,In-House Agency,193.63,2025-11-27 16:04:00
2716,4988,48,In-House Agency,156.15,2025-03-16 13:10:00
2717,4989,54,In-House Agency,262.61,2025-07-09 17:34:00
2718,4990,5,Carrier A,201.69,2025-02-01 14:07:00
2719,4992,53,In-House Agency,276.74,2025-02-09 08:00:00
2720,4995,52,Carrier A,132.67,2025-04-12 16:01:00
2721,4997,56,Carrier B,129.79,2025-10-25 18:04:00
2722,4998,15,In-House Agency,200.45,2025-07-28 15:18:00
2723,5000,37,Carrier B,222.49,2025-09-22 19:50:00
2724,5004,30,Carrier A,102.04,2025-04-01 18:21:00
2725,5006,15,Carrier A,119.85,2025-02-01 11:04:00
2726,5008,55,Carrier B,100.06,2025-07-13 18:08:00
2727,5011,42,Carrier B,227.9,2025-06-09 14:28:00
2728,5013,40,Carrier A,109.2,2025-05-25 15:52:00
2729,5019,38,Carrier A,146.57,2025-06-22 08:58:00
2730,5020,60,In-House Agency,275.71,2025-09-23 13:51:00
2731,5021,47,Carrier B,234.09,2025-05-29 15:22:00
2732,5022,34,In-House Agency,150.51,2025-12-13 12:17:00
2733,5024,14,In-House Agency,193.59,2025-07-30 09:34:00
2734,5028,7,Carrier B,121.0,2025-11-26 11:50:00
2735,5030,47,Carrier B,167.54,2025-02-06 11:01:00
2736,5031,5,In-House Agency,132.71,2025-09-08 18:11:00
2737,5032,36,In-House Agency,291.75,2025-07-04 10:20:00
2738,5033,7,Carrier B,161.23,2025-09-18 10:48:00
2739,5035,2,Carrier B,104.02,2025-04-09 10:24:00
2740,5036,33,Carrier A,106.81,2025-08-27 11:10:00
2741,5037,48,In-House Agency,95.23,2025-10-23 19:22:00
2742,5038,44,Carrier B,219.78,2025-06-24 12:04:00
2743,5039,3,Carrier A,147.66,2025-10-06 10:06:00
2744,5041,57,In-House Agency,266.26,2025-10-25 12:57:00
2745,5042,19,In-House Agency,195.36,2025-04-23 17:59:00
2746,5044,11,In-House Agency,196.3,2025-10-09 16:28:00
2747,5045,58,Carrier B,132.01,2025-09-20 17:09:00
2748,5046,34,Carrier A,153.0,2025-04-26 16:51:00
2749,5047,17,Carrier A,294.15,2025-05-25 19:10:00
2750,5048,26,In-House Agency,217.72,2025-07-12 08:08:00
2751,5049,25,Carrier A,302.51,2025-11-10 14:42:00
2752,5053,11,Carrier B,97.07,2025-05-04 16:48:00
2753,5056,49,In-House Agency,131.84,2025-03-05 15:11:00
2754,5058,39,Carrier B,113.63,2025-03-17 14:23:00
2755,5060,56,Carrier B,105.24,2025-05-06 11:46:00
2756,5062,37,Carrier A,198.49,2025-04-08 13:26:00
2757,5065,16,Carrier B,191.66,2025-04-27 10:31:00
2758,5067,40,In-House Agency,147.97,2025-05-24 19:48:00
2759,5070,43,Carrier A,151.5,2025-09-19 17:13:00
2760,5073,31,Carrier A,262.09,2025-04-04 14:39:00
2761,5074,13,In-House Agency,179.85,2025-04-11 19:49:00
2762,5075,28,Carrier A,137.85,2025-01-03 14:27:00
2763,5076,1,Carrier B,289.95,2025-06-29 15:04:00
2764,5077,6,In-House Agency,218.27,2025-09-21 17:45:00
2765,5079,33,Carrier B,228.31,2025-06-26 17:04:00
2766,5080,39,Carrier B,154.07,2025-07-15 12:36:00
2767,5083,55,In-House Agency,288.65,2025-08-05 10:11:00
2768,5085,52,Carrier B,116.7,2025-12-19 18:11:00
2769,5090,41,In-House Agency,172.08,2025-02-03 12:55:00
2770,5091,16,In-House Agency,217.86,2025-11-27 10:44:00
2771,5093,22,In-House Agency,184.79,2025-10-15 18:06:00
2772,5094,43,In-House Agency,225.09,2025-11-28 09:58:00
2773,5095,13,Carrier B,112.57,2025-04-24 09:27:00
2774,5097,51,Carrier B,225.18,2025-05-02 13:15:00
2775,5098,12,Carrier B,228.69,2025-03-02 15:08:00
2776,5099,28,Carrier A,109.01,2025-08-21 09:41:00
2777,5101,57,Carrier B,304.52,2025-03-01 13:51:00
2778,5103,30,In-House Agency,107.34,2025-03-10 12:05:00
2779,5104,26,Carrier A,204.02,2025-04-13 16:11:00
2780,5105,28,In-House Agency,239.3,2025-09-11 17:37:00
2781,5107,10,Carrier A,185.5,2025-03-17 10:32:00
2782,5108,5,Carrier B,223.35,2025-08-30 13:22:00
2783,5109,39,In-House Agency,262.36,2025-05-20 10:38:00
2784,5111,8,In-House Agency,246.53,2025-08-19 12:10:00
2785,5112,23,Carrier A,161.93,2025-05-13 10:35:00
2786,5114,45,Carrier B,176.78,2025-09-09 11:03:00
2787,5115,51,Carrier A,220.3,2025-12-09 14:45:00
2788,5117,15,Carrier A,202.29,2025-05-29 16:09:00
2789,5119,40,Carrier A,160.33,2025-01-20 12:57:00
2790,5121,21,Carrier B,169.16,2025-03-10 19:49:00
2791,5122,53,In-House Agency,281.3,2025-07-17 13:04:00
2792,5123,3,Carrier A,103.85,2025-04-17 14:50:00
2793,5128,10,Carrier B,238.01,2025-02-21 17:10:00
2794,5129,5,In-House Agency,268.2,2025-09-28 08:34:00
2795,5130,60,In-House Agency,241.18,2025-02-04 08:49:00
2796,5131,52,Carrier B,236.76,2025-12-12 09:38:00
2797,5132,13,In-House Agency,305.65,2025-06-29 19:25:00
2798,5137,54,Carrier A,190.6,2025-02-19 13:52:00
2799,5138,20,Carrier B,212.79,2025-10-27 19:21:00
2800,5141,32,In-House Agency,213.11,2025-11-06 15:00:00
2801,5142,44,Carrier A,123.8,2025-03-14 12:47:00
2802,5143,39,Carrier A,250.47,2025-10-01 11:40:00
2803,5145,53,In-House Agency,106.99,2025-08-18 17:27:00
2804,5146,60,Carrier A,195.4,2025-12-04 14:27:00
2805,5147,40,Carrier A,141.03,2025-11-09 13:36:00
2806,5148,23,Carrier A,219.71,2025-10-16 10:38:00
2807,5152,50,In-House Agency,164.5,2025-09-20 15:31:00
2808,5153,21,In-House Agency,183.92,2025-03-07 12:55:00
2809,5154,1,Carrier A,186.32,2025-06-12 14:39:00
2810,5155,23,In-House Agency,299.68,2025-01-24 14:14:00
2811,5156,51,Carrier B,95.01,2025-04-07 18:40:00
2812,5157,12,In-House Agency,155.57,2025-03-03 19:52:00
2813,5158,21,Carrier B,239.13,2025-02-19 10:43:00
2814,5163,22,Carrier A,217.84,2025-03-16 08:04:00
2815,5164,32,Carrier B,287.14,2025-12-08 14:15:00
2816,5165,43,In-House Agency,235.7,2025-01-02 18:17:00
2817,5167,11,Carrier A,283.43,2025-02-17 10:34:00
2818,5168,27,Carrier A,246.81,2025-06-16 12:07:00
2819,5173,38,In-House Agency,228.17,2025-07-09 10:56:00
2820,5175,55,Carrier A,171.14,2025-10-01 09:42:00
2821,5176,46,Carrier A,215.93,2025-07-18 18:42:00
2822,5177,14,Carrier A,147.19,2025-09-07 16:47:00
2823,5178,46,In-House Agency,278.84,2025-10-03 18:05:00
2824,5179,21,In-House Agency,289.63,2025-12-09 08:42:00
2825,5180,49,In-House Agency,199.34,2025-02-25 17:41:00
2826,5182,20,Carrier B,205.71,2025-05-29 16:06:00
2827,5184,22,Carrier A,154.12,2025-11-16 09:31:00
2828,5185,7,Carrier B,253.85,2025-05-03 15:36:00
2829,5186,15,Carrier A,112.56,2025-05-07 13:54:00
2830,5188,27,Carrier B,188.03,2025-03-31 19:40:00
2831,5190,16,Carrier B,211.48,2025-06-24 19:56:00
2832,5193,47,In-House Agency,288.35,2025-10-27 08:18:00
2833,5194,51,In-House Agency,95.41,2025-06-08 12:52:00
2834,5195,20,In-House Agency,163.41,2025-08-06 13:08:00
2835,5196,33,In-House Agency,226.23,2025-09-19 08:16:00
2836,5197,10,In-House Agency,298.91,2025-02-13 13:16:00
2837,5199,48,Carrier A,249.06,2025-03-06 16:43:00
2838,5200,9,In-House Agency,198.85,2025-04-03 11:52:00
2839,5202,36,Carrier A,115.85,2025-12-08 08:33:00
2840,5203,24,In-House Agency,224.78,2025-07-02 13:56:00
2841,5204,46,In-House Agency,228.38,2025-12-19 10:35:00
2842,5206,48,Carrier B,248.14,2025-12-07 17:28:00
2843,5207,60,In-House Agency,303.8,2025-10-18 08:55:00
2844,5208,49,Carrier A,236.4,2025-08-25 18:50:00
2845,5210,2,In-House Agency,187.81,2025-09-10 17:04:00
2846,5213,23,Carrier B,117.95,2025-03-19 14:22:00
2847,5216,15,Carrier A,141.36,2025-02-19 14:48:00
2848,5217,31,In-House Agency,270.66,2025-06-12 09:47:00
2849,5218,18,Carrier A,132.42,2025-07-08 09:34:00
2850,5219,22,In-House Agency,113.58,2025-02-28 10:24:00
2851,5220,25,In-House Agency,129.34,2025-08-22 12:54:00
2852,5222,28,Carrier B,143.44,2025-11-08 19:59:00
2853,5223,19,In-House Agency,276.68,2025-03-26 10:26:00
2854,5224,31,Carrier B,297.03,2025-07-21 10:18:00
2855,5225,11,Carrier B,209.47,2025-01-27 14:17:00
2856,5229,47,In-House Agency,254.39,2025-12-16 11:53:00
2857,5232,15,Carrier B,218.51,2025-08-11 19:30:00
2858,5233,38,Carrier B,181.77,2025-12-01 12:37:00
2859,5237,60,Carrier B,183.74,2025-11-02 09:41:00
2860,5238,37,Carrier A,283.56,2025-11-12 19:09:00
2861,5240,36,In-House Agency,147.82,2025-09-10 09:14:00
2862,5245,3,Carrier B,101.01,2025-02-11 15:06:00
2863,5247,31,In-House Agency,131.42,2025-04-23 12:26:00
2864,5249,29,Carrier A,123.44,2025-09-02 18:43:00
2865,5250,26,Carrier B,264.09,2025-07-19 15:02:00
2866,5251,59,In-House Agency,104.0,2025-03-19 09:54:00
2867,5252,8,In-House Agency,221.42,2025-02-11 08:50:00
2868,5253,58,Carrier B,144.31,2025-09-02 10:35:00
2869,5256,10,In-House Agency,154.21,2025-06-18 19:10:00
2870,5259,22,Carrier A,302.44,2025-01-03 10:14:00
2871,5260,29,Carrier A,243.39,2025-09-15 17:51:00
2872,5265,27,Carrier A,298.67,2025-07-25 19:38:00
2873,5267,32,In-House Agency,202.96,2025-03-06 12:46:00
2874,5268,46,Carrier A,195.1,2025-03-04 19:37:00
2875,5271,28,Carrier A,249.82,2025-12-24 10:41:00
2876,5272,21,Carrier A,305.75,2025-10-17 12:50:00
2877,5273,47,In-House Agency,223.71,2025-05-07 19:48:00
2878,5275,51,Carrier B,232.35,2025-04-29 09:50:00
2879,5276,58,Carrier A,293.95,2025-07-07 13:47:00
2880,5277,7,Carrier A,212.99,2025-11-24 09:22:00
2881,5281,39,Carrier A,102.63,2025-10-14 15:31:00
2882,5283,54,Carrier B,253.37,2025-11-24 19:41:00
2883,5286,19,Carrier A,155.48,2025-03-13 11:32:00
2884,5288,45,Carrier B,236.18,2025-10-08 12:15:00
2885,5289,38,In-House Agency,160.61,2025-05-31 17:29:00
2886,5291,2,In-House Agency,180.88,2025-12-04 09:48:00
2887,5293,54,Carrier A,304.94,2025-12-02 14:38:00
2888,5297,43,Carrier B,268.44,2025-04-27 09:14:00
2889,5299,24,Carrier A,168.06,2025-10-15 17:19:00
2890,5300,5,In-House Agency,205.4,2025-08-28 17:05:00
2891,5301,59,Carrier A,226.35,2025-07-02 12:12:00
2892,5303,10,Carrier A,238.33,2025-10-11 15:30:00
2893,5304,29,Carrier B,227.43,2025-03-15 09:43:00
2894,5305,9,Carrier B,111.93,2025-10-09 12:52:00
2895,5306,14,Carrier A,131.58,2025-02-22 19:53:00
2896,5307,45,In-House Agency,121.32,2025-12-05 13:55:00
2897,5309,52,In-House Agency,164.08,2025-11-16 12:19:00
2898,5312,58,Carrier A,138.14,2025-08-07 10:56:00
2899,5313,22,Carrier B,309.92,2025-08-22 10:52:00
2900,5314,22,In-House Agency,232.76,2025-01-15 13:01:00
2901,5316,24,In-House Agency,247.46,2025-06-27 09:11:00
2902,5317,1,Carrier B,220.36,2025-12-13 14:03:00
2903,5319,38,Carrier A,203.78,2025-04-25 17:51:00
2904,5321,30,In-House Agency,276.07,2025-08-07 19:08:00
2905,5322,6,Carrier B,167.45,2025-06-23 19:05:00
2906,5323,32,Carrier A,146.45,2025-04-14 10:45:00
2907,5325,32,Carrier B,229.6,2025-08-08 13:07:00
2908,5326,31,In-House Agency,307.18,2025-02-18 11:18:00
2909,5328,33,Carrier B,247.4,2025-08-16 16:09:00
2910,5329,43,Carrier B,155.09,2025-04-04 08:57:00
2911,5331,24,Carrier B,243.29,2025-02-01 11:34:00
2912,5332,18,In-House Agency,146.25,2025-06-02 16:53:00
2913,5333,58,Carrier A,226.34,2025-11-27 19:39:00
2914,5334,27,Carrier B,230.83,2025-07-18 11:57:00
2915,5335,14,Carrier A,280.4,2025-07-12 18:35:00
2916,5336,50,Carrier B,102.56,2025-03-04 19:15:00
2917,5338,4,In-House Agency,172.32,2025-04-22 16:59:00
2918,5342,54,Carrier A,266.98,2025-06-05 18:45:00
2919,5345,35,Carrier B,296.95,2025-12-06 13:03:00
2920,5346,4,Carrier B,309.5,2025-06-17 13:54:00
2921,5347,54,In-House Agency,184.78,2025-10-21 19:04:00
2922,5348,35,Carrier B,139.29,2025-05-21 14:34:00
2923,5349,5,In-House Agency,297.11,2025-03-15 11:21:00
2924,5350,47,In-House Agency,284.07,2025-04-28 16:52:00
2925,5352,59,Carrier A,281.54,2025-01-26 12:06:00
2926,5353,29,In-House Agency,148.37,2025-01-20 09:13:00
2927,5354,19,Carrier A,276.68,2025-11-20 15:50:00
2928,5356,42,In-House Agency,259.89,2025-11-11 09:45:00
2929,5357,47,Carrier A,237.42,2025-09-14 19:59:00
2930,5358,27,Carrier B,170.44,2025-11-26 08:27:00
2931,5359,11,Carrier A,133.26,2025-04-23 17:37:00
2932,5362,37,Carrier A,95.02,2025-08-08 08:14:00
2933,5365,27,Carrier B,224.48,2025-10-10 11:44:00
2934,5366,36,In-House Agency,265.4,2025-07-28 16:23:00
2935,5367,19,Carrier B,255.66,2025-06-18 14:18:00
2936,5368,10,Carrier B,179.55,2025-03-31 11:44:00
2937,5371,28,In-House Agency,127.73,2025-04-02 18:32:00
2938,5375,40,In-House Agency,205.16,2025-04-17 16:46:00
2939,5376,34,Carrier B,302.85,2025-10-30 09:58:00
2940,5379,15,Carrier B,293.57,2025-11-24 17:25:00
2941,5380,39,Carrier A,182.79,2025-11-17 18:27:00
2942,5382,15,Carrier B,151.93,2025-11-09 14:32:00
2943,5383,37,In-House Agency,186.26,2025-10-19 12:08:00
2944,5384,18,Carrier B,262.68,2025-10-16 09:39:00
2945,5385,27,Carrier B,134.23,2025-07-23 15:25:00
2946,5387,21,In-House Agency,234.39,2025-01-19 19:22:00
2947,5388,56,In-House Agency,217.22,2025-01-10 19:17:00
2948,5389,57,Carrier B,203.19,2025-06-10 15:47:00
2949,5391,7,Carrier A,129.55,2025-02-02 19:27:00
2950,5392,16,In-House Agency,107.88,2025-05-04 15:53:00
2951,5394,55,Carrier B,234.55,2025-10-07 18:00:00
2952,5395,57,In-House Agency,112.39,2025-01-24 13:23:00
2953,5397,56,Carrier A,160.3,2025-05-14 16:39:00
2954,5403,33,Carrier A,274.06,2025-12-02 10:04:00
2955,5404,39,Carrier A,213.79,2025-10-30 08:23:00
2956,5405,25,Carrier B,106.48,2025-02-01 19:46:00
2957,5409,58,Carrier B,208.84,2025-09-16 08:21:00
2958,5411,18,In-House Agency,142.55,2025-11-22 13:03:00
2959,5413,40,Carrier B,210.63,2025-01-13 17:13:00
2960,5419,15,Carrier B,258.81,2025-04-02 10:15:00
2961,5421,35,Carrier A,161.37,2025-05-05 11:51:00
2962,5424,59,Carrier B,281.01,2025-10-15 08:58:00
2963,5425,35,Carrier A,301.7,2025-12-24 15:39:00
2964,5426,46,Carrier A,169.72,2025-05-25 18:50:00
2965,5427,19,Carrier B,115.04,2025-05-19 08:55:00
2966,5428,59,Carrier B,279.18,2025-07-08 13:42:00
2967,5429,60,Carrier A,131.27,2025-09-16 11:17:00
2968,5431,40,In-House Agency,206.1,2025-11-28 14:13:00
2969,5433,6,Carrier B,287.79,2025-11-19 10:31:00
2970,5434,31,Carrier A,260.51,2025-04-08 19:07:00
2971,5436,23,In-House Agency,246.61,2025-09-26 13:44:00
2972,5437,32,Carrier A,226.17,2025-06-08 10:36:00
2973,5439,55,Carrier A,113.56,2025-01-31 08:38:00
2974,5442,43,Carrier B,160.78,2025-08-20 11:15:00
2975,5443,23,In-House Agency,118.47,2025-04-05 18:19:00
2976,5444,23,Carrier A,138.35,2025-09-04 09:40:00
2977,5445,5,In-House Agency,300.77,2025-01-08 13:06:00
2978,5446,55,Carrier B,213.04,2025-12-21 15:11:00
2979,5447,28,Carrier B,272.97,2025-02-09 12:33:00
2980,5448,57,Carrier B,148.91,2025-01-15 08:15:00
2981,5449,17,In-House Agency,198.07,2025-07-03 11:03:00
2982,5450,9,Carrier A,151.27,2025-08-24 11:09:00
2983,5451,25,Carrier A,130.33,2025-01-25 18:58:00
2984,5452,53,Carrier B,115.76,2025-06-28 18:42:00
2985,5454,40,In-House Agency,147.11,2025-08-28 14:18:00
2986,5455,28,Carrier B,285.32,2025-07-09 10:27:00
2987,5456,42,In-House Agency,291.34,2025-10-25 11:34:00
2988,5457,21,In-House Agency,198.76,2025-10-21 15:20:00
2989,5459,43,Carrier B,107.52,2025-06-22 09:47:00
2990,5460,16,In-House Agency,262.06,2025-04-26 12:11:00
2991,5462,40,Carrier B,141.25,2025-08-08 17:54:00
2992,5463,5,Carrier B,299.86,2025-06-30 19:36:00
2993,5466,53,Carrier B,117.92,2025-01-13 09:55:00
2994,5468,7,In-House Agency,122.44,2025-05-20 12:16:00
2995,5469,3,Carrier B,213.35,2025-05-20 08:49:00
2996,5470,6,Carrier B,135.03,2025-12-18 10:45:00
2997,5471,13,In-House Agency,178.18,2025-06-23 19:36:00
2998,5472,6,In-House Agency,116.54,2025-01-23 12:21:00
2999,5473,50,In-House Agency,220.41,2025-03-24 08:39:00
3000,5474,40,In-House Agency,215.55,2025-10-04 15:36:00
3001,5476,42,Carrier A,145.41,2025-03-05 18:05:00
3002,5477,43,In-House Agency,258.51,2025-01-07 11:57:00
3003,5478,29,In-House Agency,181.39,2025-04-22 14:32:00
3004,5479,57,Carrier A,291.46,2025-10-03 08:45:00
3005,5480,26,Carrier B,252.82,2025-07-05 18:50:00
3006,5481,23,Carrier A,194.1,2025-08-18 17:26:00
3007,5482,40,Carrier A,116.46,2025-08-21 17:17:00
3008,5483,11,Carrier A,257.67,2025-02-26 16:06:00
3009,5485,38,Carrier A,215.05,2025-03-03 08:42:00
3010,5486,18,Carrier A,267.81,2025-03-25 12:28:00
3011,5487,48,Carrier A,149.5,2025-04-04 16:05:00
3012,5490,28,Carrier A,160.93,2025-09-16 14:24:00
3013,5493,5,Carrier B,287.49,2025-09-03 11:31:00
3014,5495,59,Carrier A,242.2,2025-06-27 13:14:00
3015,5496,56,Carrier A,136.03,2025-04-08 11:04:00
3016,5498,49,Carrier A,98.79,2025-06-06 17:01:00
3017,5499,42,In-House Agency,168.66,2025-12-04 19:24:00
3018,5500,6,Carrier B,131.28,2025-04-19 16:48:00
3019,5501,14,In-House Agency,223.05,2025-03-14 17:36:00
3020,5502,30,In-House Agency,201.68,2025-06-16 18:24:00
3021,5503,13,In-House Agency,138.94,2025-11-28 15:56:00
3022,5504,32,Carrier A,240.29,2025-11-21 10:24:00
3023,5505,41,In-House Agency,110.94,2025-07-24 14:16:00
3024,5506,19,Carrier B,236.71,2025-04-17 14:30:00
3025,5507,60,In-House Agency,144.98,2025-04-06 11:08:00
3026,5509,54,In-House Agency,177.73,2025-08-24 12:54:00
3027,5510,40,Carrier B,253.89,2025-02-18 11:34:00
3028,5514,11,Carrier B,217.22,2025-06-22 11:03:00
3029,5516,49,Carrier A,289.35,2025-02-11 16:40:00
3030,5518,38,Carrier A,147.14,2025-11-17 19:35:00
3031,5520,31,Carrier B,305.76,2025-05-08 16:52:00
3032,5521,46,In-House Agency,150.95,2025-06-02 16:24:00
3033,5523,55,In-House Agency,189.39,2025-10-17 08:11:00
3034,5524,33,Carrier A,220.78,2025-02-15 12:57:00
3035,5525,41,Carrier B,256.9,2025-08-13 12:36:00
3036,5529,38,In-House Agency,259.84,2025-04-25 09:57:00
3037,5530,28,Carrier B,198.8,2025-05-05 18:18:00
3038,5531,11,Carrier A,172.43,2025-04-02 16:13:00
3039,5532,6,Carrier B,248.63,2025-08-11 14:52:00
3040,5535,34,Carrier A,115.16,2025-12-12 14:02:00
3041,5536,51,Carrier A,210.64,2025-11-02 10:44:00
3042,5540,55,Carrier A,234.41,2025-09-30 19:45:00
3043,5544,35,Carrier A,258.56,2025-11-21 09:37:00
3044,5545,34,Carrier B,114.2,2025-11-12 09:12:00
3045,5546,14,Carrier A,178.37,2025-01-19 19:25:00
3046,5547,18,Carrier A,295.19,2025-08-05 16:31:00
3047,5548,35,Carrier A,165.21,2025-07-21 15:09:00
3048,5550,42,Carrier B,220.61,2025-07-31 12:07:00
3049,5551,45,Carrier B,186.05,2025-03-27 16:58:00
3050,5554,60,Carrier B,279.24,2025-07-09 19:17:00
3051,5555,27,Carrier B,98.86,2025-08-23 16:44:00
3052,5556,45,Carrier B,230.7,2025-06-25 10:51:00
3053,5557,27,Carrier B,101.08,2025-04-04 19:58:00
3054,5560,45,Carrier A,129.63,2025-11-24 17:55:00
3055,5561,32,Carrier A,142.08,2025-10-09 17:34:00
3056,5562,14,Carrier B,214.14,2025-01-08 19:58:00
3057,5563,37,In-House Agency,95.09,2025-12-07 13:28:00
3058,5564,3,Carrier A,241.67,2025-12-11 15:47:00
3059,5566,37,Carrier A,176.78,2025-03-03 14:37:00
3060,5569,46,Carrier B,278.74,2025-12-15 19:34:00
3061,5570,30,Carrier B,165.5,2025-10-05 10:50:00
3062,5572,3,In-House Agency,305.64,2025-06-19 16:42:00
3063,5573,25,In-House Agency,119.27,2025-08-16 17:12:00
3064,5574,4,Carrier A,154.44,2025-08-13 17:52:00
3065,5576,60,In-House Agency,251.45,2025-02-11 13:53:00
3066,5577,49,In-House Agency,237.08,2025-04-05 08:15:00
3067,5579,3,Carrier B,267.47,2025-11-04 18:12:00
3068,5582,24,Carrier A,163.48,2025-03-07 19:25:00
3069,5583,2,Carrier A,259.51,2025-06-27 12:17:00
3070,5584,3,Carrier A,130.21,2025-07-12 15:20:00
3071,5585,12,In-House Agency,143.77,2025-10-15 15:45:00
3072,5586,43,Carrier A,234.33,2025-04-22 15:58:00
3073,5587,18,Carrier B,203.65,2025-07-12 10:26:00
3074,5588,36,Carrier B,281.67,2025-11-08 12:27:00
3075,5592,24,Carrier B,118.19,2025-02-17 16:29:00
3076,5594,31,In-House Agency,250.03,2025-12-10 08:12:00
3077,5595,32,In-House Agency,177.13,2025-10-23 18:45:00
3078,5599,55,In-House Agency,279.61,2025-06-12 19:33:00
3079,5602,48,Carrier B,174.46,2025-07-04 10:11:00
3080,5603,58,In-House Agency,192.25,2025-07-14 11:58:00
3081,5604,53,Carrier A,202.6,2025-04-08 08:09:00
3082,5606,24,Carrier A,144.21,2025-08-21 17:04:00
3083,5608,16,Carrier B,139.36,2025-07-07 17:50:00
3084,5609,21,Carrier A,195.24,2025-09-24 18:09:00
3085,5613,22,Carrier B,258.22,2025-09-17 14:58:00
3086,5614,16,In-House Agency,298.57,2025-02-12 15:19:00
3087,5615,44,Carrier A,300.88,2025-10-18 09:21:00
3088,5616,9,Carrier B,157.49,2025-11-27 09:45:00
3089,5617,1,Carrier A,256.44,2025-01-05 11:11:00
3090,5618,19,In-House Agency,161.56,2025-08-28 12:40:00
3091,5620,57,In-House Agency,185.91,2025-09-04 19:17:00
3092,5621,39,In-House Agency,238.04,2025-11-11 09:09:00
3093,5622,11,Carrier B,99.46,2025-12-21 14:28:00
3094,5625,31,Carrier B,268.78,2025-06-16 19:26:00
3095,5626,54,Carrier B,224.3,2025-09-09 14:56:00
3096,5627,24,In-House Agency,241.05,2025-09-22 16:45:00
3097,5629,32,Carrier A,145.6,2025-11-21 15:52:00
3098,5636,12,Carrier A,218.81,2025-03-11 13:24:00
3099,5637,4,Carrier A,274.7,2025-10-01 08:55:00
3100,5638,30,Carrier A,264.97,2025-07-04 14:20:00
3101,5639,28,Carrier A,128.05,2025-01-22 12:57:00
3102,5642,28,Carrier B,210.42,2025-11-10 14:29:00
3103,5643,55,In-House Agency,118.59,2025-03-03 15:16:00
3104,5644,7,In-House Agency,242.3,2025-01-14 19:14:00
3105,5645,10,Carrier B,201.17,2025-04-18 13:29:00
3106,5646,27,In-House Agency,113.55,2025-08-14 09:33:00
3107,5647,11,Carrier B,204.26,2025-11-27 17:05:00
3108,5649,44,Carrier B,165.63,2025-09-29 19:13:00
3109,5650,4,Carrier B,98.55,2025-12-12 18:12:00
3110,5651,6,Carrier A,227.47,2025-05-08 10:25:00
3111,5653,32,Carrier B,264.84,2025-12-07 17:31:00
3112,5654,3,Carrier B,277.6,2025-10-03 19:38:00
3113,5655,40,Carrier A,226.31,2025-01-04 13:24:00
3114,5657,56,Carrier B,215.85,2025-02-15 11:01:00
3115,5660,8,In-House Agency,154.09,2025-12-06 17:24:00
3116,5662,43,In-House Agency,107.7,2025-03-22 19:45:00
3117,5663,30,In-House Agency,279.2,2025-07-08 08:32:00
3118,5664,54,Carrier A,189.74,2025-05-04 10:59:00
3119,5666,44,Carrier B,113.5,2025-11-22 15:28:00
3120,5667,8,Carrier B,109.2,2025-01-05 12:20:00
3121,5669,1,In-House Agency,131.23,2025-01-15 09:17:00
3122,5672,47,Carrier B,247.8,2025-02-14 12:20:00
3123,5676,8,Carrier A,297.77,2025-11-06 10:53:00
3124,5681,25,Carrier B,190.1,2025-07-05 13:38:00
3125,5686,47,Carrier B,147.87,2025-03-31 16:57:00
3126,5688,57,In-House Agency,215.5,2025-04-21 10:51:00
3127,5690,23,Carrier B,270.05,2025-06-21 08:28:00
3128,5691,38,In-House Agency,234.58,2025-02-10 13:47:00
3129,5692,37,In-House Agency,254.65,2025-09-11 15:07:00
3130,5693,34,In-House Agency,279.54,2025-11-22 17:16:00
3131,5694,18,In-House Agency,148.02,2025-01-06 09:23:00
3132,5695,26,Carrier B,118.91,2025-08-06 12:50:00
3133,5700,59,Carrier A,279.77,2025-02-16 13:23:00
3134,5701,27,In-House Agency,137.23,2025-06-04 11:14:00
3135,5703,17,Carrier A,183.84,2025-04-21 11:25:00
3136,5708,48,Carrier B,231.95,2025-02-13 14:23:00
3137,5709,4,Carrier A,302.68,2025-01-20 12:48:00
3138,5710,2,Carrier A,308.67,2025-11-13 11:15:00
3139,5712,15,In-House Agency,131.3,2025-03-15 12:36:00
3140,5713,9,Carrier A,258.0,2025-09-20 09:32:00
3141,5714,8,In-House Agency,188.89,2025-08-06 15:39:00
3142,5716,46,Carrier A,170.73,2025-06-19 10:45:00
3143,5718,2,Carrier B,238.0,2025-05-22 09:48:00
3144,5719,36,Carrier B,156.37,2025-03-27 16:10:00
3145,5720,7,In-House Agency,156.24,2025-07-27 19:57:00
3146,5723,14,Carrier A,295.78,2025-07-23 15:52:00
3147,5725,29,Carrier B,238.56,2025-08-10 08:24:00
3148,5726,12,In-House Agency,210.58,2025-07-01 11:17:00
3149,5729,51,Carrier B,265.22,2025-03-04 08:06:00
3150,5731,17,Carrier A,187.37,2025-11-14 13:11:00
3151,5732,56,In-House Agency,278.9,2025-12-17 16:11:00
3152,5733,33,Carrier A,234.05,2025-04-04 17:17:00
3153,5734,13,Carrier A,200.33,2025-11-27 17:08:00
3154,5736,11,In-House Agency,288.55,2025-04-01 11:21:00
3155,5737,45,Carrier A,159.42,2025-12-09 16:00:00
3156,5738,30,Carrier A,264.2,2025-09-03 08:57:00
3157,5742,38,Carrier A,262.54,2025-11-16 09:23:00
3158,5743,58,In-House Agency,168.94,2025-02-02 18:51:00
3159,5744,2,Carrier A,152.85,2025-03-01 11:44:00
3160,5748,42,In-House Agency,255.08,2025-09-17 08:14:00
3161,5749,23,In-House Agency,113.63,2025-11-18 13:34:00
3162,5751,43,Carrier B,160.34,2025-11-29 09:07:00
3163,5754,22,Carrier A,154.9,2025-03-06 09:13:00
3164,5755,58,Carrier A,286.48,2025-05-20 09:00:00
3165,5756,16,In-House Agency,271.95,2025-10-14 13:05:00
3166,5757,39,Carrier B,279.62,2025-11-22 09:28:00
3167,5759,14,In-House Agency,153.65,2025-05-21 16:02:00
3168,5760,5,In-House Agency,245.83,2025-01-22 11:59:00
3169,5762,19,In-House Agency,216.88,2025-01-13 18:27:00
3170,5763,29,Carrier B,225.14,2025-02-26 08:34:00
3171,5764,18,Carrier B,281.56,2025-07-05 19:27:00
3172,5765,17,Carrier A,96.55,2025-08-30 18:59:00
3173,5766,48,Carrier A,223.62,2025-10-13 08:40:00
3174,5767,2,In-House Agency,132.15,2025-09-10 13:58:00
3175,5768,8,Carrier B,185.0,2025-02-16 13:54:00
3176,5770,2,Carrier B,201.85,2025-02-04 10:21:00
3177,5772,40,Carrier A,166.97,2025-01-14 18:19:00
3178,5775,57,In-House Agency,127.62,2025-12-13 12:41:00
3179,5778,51,Carrier B,253.01,2025-09-04 08:55:00
3180,5779,49,Carrier A,113.25,2025-08-06 18:28:00
3181,5780,5,Carrier A,272.39,2025-04-17 08:05:00
3182,5782,4,Carrier B,196.27,2025-02-01 12:01:00
3183,5784,22,In-House Agency,284.59,2025-07-31 13:12:00
3184,5785,50,Carrier A,169.09,2025-09-19 19:55:00
3185,5786,27,In-House Agency,139.99,2025-05-15 08:13:00
3186,5787,11,Carrier A,115.57,2025-02-22 10:55:00
3187,5788,54,Carrier A,133.35,2025-06-23 16:34:00
3188,5789,42,In-House Agency,168.5,2025-02-14 13:56:00
3189,5790,28,Carrier A,117.02,2025-07-21 09:47:00
3190,5791,31,In-House Agency,298.04,2025-05-22 11:00:00
3191,5793,43,In-House Agency,228.34,2025-04-13 18:47:00
3192,5795,14,In-House Agency,245.16,2025-02-03 09:46:00
3193,5796,32,Carrier B,179.36,2025-05-11 08:52:00
3194,5797,22,In-House Agency,276.0,2025-07-19 13:13:00
3195,5799,58,Carrier B,208.69,2025-04-06 16:55:00
3196,5800,32,Carrier B,162.05,2025-08-01 17:22:00
3197,5801,11,Carrier B,168.64,2025-10-16 11:16:00
3198,5802,38,Carrier B,211.99,2025-12-20 09:35:00
3199,5805,51,Carrier B,194.65,2025-06-13 17:47:00
3200,5806,17,Carrier A,153.01,2025-03-13 16:08:00
3201,5808,21,Carrier A,274.73,2025-05-20 15:11:00
3202,5810,44,In-House Agency,179.95,2025-08-27 08:45:00
3203,5812,13,Carrier A,284.92,2025-10-14 19:20:00
3204,5813,21,Carrier A,152.0,2025-06-28 10:29:00
3205,5815,49,Carrier A,301.05,2025-07-25 12:17:00
3206,5816,27,In-House Agency,102.52,2025-06-30 12:16:00
3207,5818,9,Carrier A,111.96,2025-02-07 08:22:00
3208,5819,16,In-House Agency,127.68,2025-02-02 10:09:00
3209,5821,29,Carrier A,176.3,2025-01-28 14:28:00
3210,5822,39,Carrier B,134.84,2025-12-11 18:53:00
3211,5823,38,Carrier A,120.41,2025-01-11 13:14:00
3212,5825,59,Carrier A,120.7,2025-08-12 17:46:00
3213,5826,57,In-House Agency,234.5,2025-07-02 16:53:00
3214,5828,47,In-House Agency,137.85,2025-07-24 17:09:00
3215,5829,53,In-House Agency,219.38,2025-10-03 08:06:00
3216,5830,34,Carrier A,255.56,2025-07-01 14:06:00
3217,5831,56,Carrier A,201.77,2025-02-23 12:45:00
3218,5833,1,In-House Agency,205.21,2025-08-20 09:03:00
3219,5835,56,In-House Agency,104.47,2025-05-18 09:49:00
3220,5837,21,Carrier A,193.06,2025-07-30 17:02:00
3221,5838,26,In-House Agency,145.66,2025-10-14 08:49:00
3222,5839,60,In-House Agency,308.73,2025-10-27 17:11:00
3223,5841,18,Carrier B,214.5,2025-02-25 14:13:00
3224,5842,7,In-House Agency,174.35,2025-07-16 13:56:00
3225,5844,18,In-House Agency,293.64,2025-04-16 16:33:00
3226,5845,50,In-House Agency,192.47,2025-02-04 12:29:00
3227,5846,31,Carrier A,135.01,2025-10-23 09:11:00
3228,5847,50,Carrier B,206.24,2025-09-03 13:28:00
3229,5848,11,Carrier B,229.27,2025-06-19 09:40:00
3230,5851,34,In-House Agency,154.48,2025-11-30 11:37:00
3231,5852,24,In-House Agency,309.42,2025-01-28 14:44:00
3232,5856,19,Carrier B,231.09,2025-08-24 10:25:00
3233,5857,2,In-House Agency,98.5,2025-08-09 18:40:00
3234,5858,31,In-House Agency,126.7,2025-10-10 10:10:00
3235,5860,15,Carrier A,205.89,2025-03-30 16:33:00
3236,5861,43,Carrier A,308.02,2025-02-16 10:13:00
3237,5863,26,In-House Agency,181.0,2025-03-03 10:59:00
3238,5867,34,In-House Agency,168.8,2025-11-10 18:55:00
3239,5868,3,Carrier B,277.02,2025-04-25 10:46:00
3240,5869,54,In-House Agency,237.8,2025-12-01 15:48:00
3241,5876,10,In-House Agency,123.56,2025-05-26 15:20:00
3242,5877,56,In-House Agency,273.52,2025-08-24 08:04:00
3243,5878,26,Carrier B,248.83,2025-08-24 12:16:00
3244,5880,45,Carrier A,269.17,2025-07-25 12:48:00
3245,5881,9,Carrier A,288.14,2025-04-25 15:51:00
3246,5882,50,Carrier A,106.78,2025-06-18 11:32:00
3247,5884,16,Carrier A,265.87,2025-08-19 12:35:00
3248,5885,41,Carrier B,144.08,2025-10-11 19:11:00
3249,5886,9,In-House Agency,218.63,2025-09-09 16:25:00
3250,5887,27,Carrier A,260.2,2025-04-03 16:04:00
3251,5888,38,Carrier B,245.18,2025-02-09 16:47:00
3252,5889,56,Carrier A,117.75,2025-05-12 12:42:00
3253,5890,30,Carrier B,203.18,2025-04-29 10:54:00
3254,5892,54,In-House Agency,152.28,2025-03-28 12:04:00
3255,5893,25,Carrier B,123.35,2025-05-04 15:29:00
3256,5897,49,Carrier B,260.23,2025-07-26 13:15:00
3257,5898,39,Carrier B,211.19,2025-01-07 09:53:00
3258,5899,11,In-House Agency,105.25,2025-08-03 10:11:00
3259,5900,15,Carrier B,236.86,2025-11-18 13:46:00
3260,5901,50,Carrier A,157.39,2025-05-29 15:52:00
3261,5902,44,Carrier B,217.22,2025-08-27 17:47:00
3262,5903,31,Carrier A,163.19,2025-08-12 19:38:00
3263,5904,54,Carrier A,202.57,2025-04-15 09:11:00
3264,5905,11,Carrier A,102.22,2025-07-30 14:10:00
3265,5906,13,Carrier A,266.47,2025-06-17 10:56:00
3266,5908,4,In-House Agency,120.31,2025-01-27 12:30:00
3267,5909,26,Carrier A,200.39,2025-12-05 17:47:00
3268,5910,6,Carrier B,253.41,2025-04-20 09:45:00
3269,5913,23,In-House Agency,157.36,2025-05-11 18:22:00
3270,5915,24,Carrier B,263.86,2025-04-02 18:45:00
3271,5916,16,In-House Agency,262.48,2025-03-04 13:59:00
3272,5917,29,Carrier A,146.11,2025-10-26 14:28:00
3273,5918,34,In-House Agency,95.96,2025-04-09 14:11:00
3274,5921,8,In-House Agency,260.45,2025-09-18 12:16:00
3275,5922,25,Carrier A,305.89,2025-06-22 12:36:00
3276,5924,6,Carrier A,294.01,2025-12-10 19:02:00
3277,5925,1,Carrier A,112.28,2025-12-09 10:27:00
3278,5926,5,Carrier A,257.43,2025-01-23 12:28:00
3279,5929,38,Carrier B,205.72,2025-11-09 08:39:00
3280,5930,5,In-House Agency,197.08,2025-02-25 10:05:00
3281,5931,29,Carrier B,100.02,2025-09-23 08:33:00
3282,5932,51,Carrier B,280.29,2025-06-29 12:48:00
3283,5934,21,Carrier B,270.58,2025-08-12 14:10:00
3284,5935,53,Carrier B,180.58,2025-07-10 09:27:00
3285,5936,50,In-House Agency,262.5,2025-05-25 10:15:00
3286,5937,22,Carrier A,151.64,2025-10-08 11:41:00
3287,5938,11,Carrier B,202.5,2025-09-15 15:58:00
3288,5939,6,Carrier A,139.12,2025-01-18 10:47:00
3289,5941,51,Carrier B,244.38,2025-05-13 14:22:00
3290,5943,24,Carrier B,280.83,2025-04-18 19:25:00
3291,5944,25,Carrier A,259.23,2025-04-01 15:56:00
3292,5945,8,Carrier B,307.98,2025-08-14 14:16:00
3293,5946,32,Carrier A,119.79,2025-06-16 13:54:00
3294,5947,18,In-House Agency,142.58,2025-11-03 13:06:00
3295,5948,48,In-House Agency,249.4,2025-07-30 18:55:00
3296,5949,42,In-House Agency,296.86,2025-03-13 14:13:00
3297,5950,24,In-House Agency,267.56,2025-07-06 09:16:00
3298,5951,38,Carrier A,261.35,2025-10-29 14:23:00
3299,5952,40,Carrier A,260.68,2025-05-31 09:00:00
3300,5954,28,Carrier A,156.55,2025-01-12 16:31:00
3301,5958,52,Carrier B,141.18,2025-05-20 19:09:00
3302,5960,17,In-House Agency,135.4,2025-12-18 16:40:00
3303,5961,43,Carrier B,99.99,2025-12-07 12:33:00
3304,5962,30,Carrier B,141.44,2025-05-13 11:09:00
3305,5963,26,Carrier A,288.8,2025-03-27 18:47:00
3306,5964,58,Carrier B,254.02,2025-08-03 09:34:00
3307,5965,32,Carrier A,141.83,2025-02-25 13:48:00
3308,5966,58,In-House Agency,293.46,2025-05-09 14:32:00
3309,5967,34,In-House Agency,170.61,2025-12-13 13:23:00
3310,5968,54,Carrier A,224.65,2025-05-31 10:51:00
3311,5969,18,Carrier B,132.56,2025-03-16 16:50:00
3312,5970,19,Carrier B,228.91,2025-04-06 09:11:00
3313,5971,46,Carrier B,138.88,2025-04-25 19:29:00
3314,5978,13,Carrier B,180.1,2025-07-29 09:59:00
3315,5979,50,In-House Agency,212.18,2025-07-04 16:33:00
3316,5980,49,Carrier A,199.92,2025-11-07 19:32:00
3317,5983,12,Carrier B,184.75,2025-02-04 08:21:00
3318,5986,12,Carrier B,173.57,2025-09-14 10:07:00
3319,5988,41,Carrier A,253.48,2025-02-02 18:41:00
3320,5989,5,In-House Agency,210.53,2025-09-26 16:54:00
3321,5991,10,Carrier A,145.73,2025-07-05 18:54:00
3322,5993,31,Carrier B,136.25,2025-03-02 16:44:00
3323,5994,60,Carrier A,270.97,2025-05-01 15:48:00
3324,5995,17,Carrier A,129.75,2025-06-28 19:30:00
3325,5996,44,Carrier A,167.19,2025-01-06 15:37:00
3326,5997,57,Carrier A,109.05,2025-03-09 08:54:00
3327,5998,36,Carrier B,117.11,2025-04-14 18:42:00
3328,6000,30,In-House Agency,185.17,2025-05-05 17:32:00
