lead_id,dealer_id,lead_source,department,status,created_at
1,11,Call Center,Sales,closed,2025-12-04 18:39:00
2,50,Web,Sales,closed,2025-02-07 17:12:00
3,25,Web,Sales,closed,2025-09-11 19:00:00
4,56,Web,Sales,closed,2025-02-24 16:29:00
5,36,Web,F&I,working,2025-11-01 17:52:00
6,33,QR Code,Sales,new,2025-08-07 19:55:00
7,32,Call Center,Sales,new,2025-11-17 19:18:00
8,5,Web,Sales,working,2025-08-01 14:03:00
9,23,Web,F&I,working,2025-06-02 16:47:00
10,52,Call Center,Sales,working,2025-11-05 14:31:00
11,2,QR Code,Sales,new,2025-07-21 09:41:00
12,49,Web,Service,working,2025-08-04 08:47:00
13,16,Call Center,Service,new,2025-04-13 10:30:00
14,37,Web,Service,working,2025-04-22 10:38:00
15,48,Call Center,F&I,new,2025-02-28 17:01:00
16,37,Web,Sales,closed,2025-12-13 11:04:00
17,54,Call Center,Sales,working,2025-11-18 18:38:00
18,51,Call Center,Sales,working,2025-10-17 18:23:00
19,28,QR Code,F&I,working,2025-07-05 19:09:00
20,35,Web,Sales,closed,2025-09-05 17:17:00
21,37,QR Code,Sales,new,2025-11-09 15:54:00
22,34,Call Center,Sales,working,2025-04-08 15:35:00
23,45,QR Code,Service,working,2025-09-01 08:05:00
24,36,Web,Service,working,2025-06-19 12:16:00
25,45,Call Center,Sales,working,2025-04-05 12:46:00
26,49,QR Code,Sales,new,2025-09-26 11:18:00
27,41,Call Center,F&I,closed,2025-09-09 12:30:00
28,53,Web,Sales,closed,2025-02-03 18:43:00
29,29,Web,F&I,working,2025-08-15 12:36:00
30,40,Call Center,Service,working,2025-02-20 18:05:00
31,39,Web,Sales,working,2025-08-29 19:18:00
32,30,QR Code,Sales,working,2025-02-06 18:37:00
33,60,Web,Sales,new,2025-04-12 18:09:00
34,53,Call Center,Sales,working,2025-03-14 17:47:00
35,59,Web,Sales,closed,2025-05-28 12:44:00
36,57,QR Code,Sales,working,2025-08-10 08:05:00
37,18,Call Center,Service,new,2025-10-23 15:33:00
38,59,Call Center,F&I,working,2025-05-23 18:52:00
39,55,Web,Sales,working,2025-03-24 12:42:00
40,53,Call Center,Sales,working,2025-10-09 12:20:00
41,30,Call Center,Sales,working,2025-07-31 17:48:00
42,29,Call Center,Sales,closed,2025-09-06 17:51:00
43,54,Web,F&I,working,2025-03-20 16:45:00
44,50,Web,F&I,closed,2025-08-01 12:52:00
45,10,QR Code,Sales,working,2025-08-17 16:48:00
46,15,Call Center,Sales,working,2025-07-30 19:58:00
47,25,QR Code,F&I,working,2025-12-06 08:08:00
48,30,QR Code,Sales,closed,2025-01-08 10:04:00
49,46,QR Code,Sales,new,2025-09-07 11:40:00
50,19,QR Code,Sales,new,2025-04-27 18:45:00
51,29,QR Code,Sales,new,2025-03-27 08:20:00
52,19,Web,Sales,new,2025-07-03 16:26:00
53,51,Call Center,Sales,closed,2025-04-03 14:39:00
54,32,Call Center,Sales,closed,2025-10-26 12:29:00
55,41,QR Code,Sales,working,2025-08-06 11:24:00
56,7,Web,Sales,closed,2025-05-02 12:44:00
57,48,QR Code,Service,working,2025-01-26 11:38:00
58,15,Call Center,Service,closed,2025-11-22 19:49:00
59,54,QR Code,Sales,closed,2025-03-12 18:02:00
60,12,Call Center,Service,working,2025-04-13 16:32:00
61,54,Web,F&I,working,2025-03-26 12:47:00
62,52,Web,F&I,new,2025-02-28 11:55:00
63,44,QR Code,Sales,working,2025-07-23 08:16:00
64,53,Web,Sales,new,2025-11-23 15:01:00
65,36,QR Code,Sales,new,2025-06-17 18:52:00
66,7,QR Code,Sales,working,2025-05-01 13:42:00
67,45,Web,Sales,closed,2025-10-04 10:56:00
68,14,Web,F&I,working,2025-08-16 09:43:00
69,55,Call Center,Service,closed,2025-08-21 18:38:00
70,4,Call Center,F&I,closed,2025-06-20 11:04:00
71,36,QR Code,Sales,new,2025-04-17 13:49:00
72,52,Call Center,Service,new,2025-03-31 10:00:00
73,31,Web,Sales,new,2025-08-18 15:32:00
74,55,Web,Service,working,2025-07-25 19:58:00
75,34,Web,Sales,working,2025-05-31 09:50:00
76,55,QR Code,F&I,closed,2025-12-02 19:55:00
77,7,Web,Sales,working,2025-06-10 13:09:00
78,31,Call Center,Service,new,2025-02-04 14:06:00
79,24,QR Code,Sales,closed,2025-03-08 16:21:00
80,27,QR Code,F&I,working,2025-07-01 19:03:00
81,39,Web,Sales,closed,2025-06-09 11:09:00
82,15,Web,Service,working,2025-02-25 09:48:00
83,36,QR Code,F&I,closed,2025-01-14 12:01:00
84,48,Call Center,Sales,closed,2025-11-21 11:24:00
85,37,Call Center,F&I,new,2025-11-02 10:48:00
86,44,Web,Sales,working,2025-02-11 15:38:00
87,19,QR Code,Sales,closed,2025-12-14 18:19:00
88,50,Web,Sales,new,2025-03-12 08:31:00
89,12,Web,Sales,new,2025-03-08 16:35:00
90,52,Call Center,Sales,closed,2025-07-01 08:27:00
91,27,Call Center,Sales,working,2025-05-29 10:51:00
92,30,Web,Sales,new,2025-12-20 11:27:00
93,34,Web,F&I,closed,2025-02-10 13:14:00
94,58,Web,Service,closed,2025-06-28 10:15:00
95,5,QR Code,Sales,closed,2025-04-01 17:28:00
96,57,QR Code,Service,closed,2025-10-17 13:55:00
97,21,Web,Sales,working,2025-03-19 18:19:00
98,38,Web,Sales,working,2025-01-29 15:28:00
99,25,QR Code,Sales,closed,2025-08-25 08:28:00
100,37,Call Center,Sales,working,2025-11-30 16:09:00
101,29,Web,F&I,new,2025-02-22 16:41:00
102,11,Web,F&I,working,2025-07-06 14:49:00
103,47,QR Code,F&I,working,2025-12-03 09:37:00
104,59,Web,F&I,closed,2025-06-29 18:25:00
105,53,QR Code,Service,closed,2025-03-07 18:58:00
106,32,Call Center,F&I,new,2025-04-09 09:18:00
107,7,QR Code,Service,closed,2025-09-17 08:42:00
108,3,Web,Service,new,2025-07-30 15:39:00
109,51,Call Center,Sales,closed,2025-08-29 15:29:00
110,50,QR Code,Sales,new,2025-07-15 11:51:00
111,56,Call Center,Service,working,2025-05-09 16:59:00
112,33,Web,Sales,new,2025-03-17 15:56:00
113,21,QR Code,Service,new,2025-02-20 10:02:00
114,1,Call Center,Sales,new,2025-02-10 16:46:00
115,28,Web,Sales,new,2025-02-26 08:15:00
116,41,QR Code,Sales,new,2025-09-21 12:27:00
117,34,Call Center,F&I,closed,2025-07-04 16:50:00
118,36,Web,F&I,new,2025-01-11 18:24:00
119,17,Web,Service,working,2025-01-09 11:46:00
120,7,QR Code,Service,new,2025-10-25 08:22:00
121,31,Call Center,Service,new,2025-11-20 19:49:00
122,3,Call Center,Sales,new,2025-05-31 08:20:00
123,33,QR Code,Sales,new,2025-07-23 18:12:00
124,12,QR Code,Sales,closed,2025-09-12 12:51:00
125,19,Web,Service,working,2025-06-06 10:44:00
126,18,Call Center,Sales,closed,2025-11-24 14:23:00
127,44,Call Center,Sales,new,2025-08-13 18:23:00
128,24,Call Center,Sales,closed,2025-08-16 13:25:00
129,17,QR Code,Sales,closed,2025-05-14 12:44:00
130,32,Call Center,Sales,new,2025-04-13 15:11:00
131,29,QR Code,F&I,working,2025-02-14 18:22:00
132,36,Web,F&I,new,2025-10-05 19:45:00
133,41,Web,Sales,new,2025-03-31 11:50:00
134,36,QR Code,F&I,new,2025-03-08 12:25:00
135,47,QR Code,Sales,working,2025-09-03 17:04:00
136,9,QR Code,Sales,new,2025-10-10 14:32:00
137,4,QR Code,Sales,new,2025-03-05 10:20:00
138,15,QR Code,F&I,new,2025-06-27 12:12:00
139,36,Call Center,Service,closed,2025-05-21 16:05:00
140,47,Web,Service,closed,2025-11-06 08:52:00
141,6,QR Code,Service,working,2025-01-24 18:13:00
142,27,QR Code,Sales,closed,2025-11-13 16:18:00
143,20,Call Center,Service,closed,2025-09-05 14:19:00
144,22,Call Center,Sales,closed,2025-11-07 13:46:00
145,23,Call Center,Service,closed,2025-07-24 16:06:00
146,16,Web,F&I,closed,2025-03-23 13:12:00
147,32,Web,Sales,working,2025-09-21 15:01:00
148,4,Web,Sales,closed,2025-01-26 18:30:00
149,4,QR Code,Sales,closed,2025-10-19 12:04:00
150,9,Web,Sales,working,2025-02-19 16:23:00
151,13,QR Code,Sales,new,2025-11-05 08:02:00
152,9,QR Code,Sales,working,2025-06-17 17:47:00
153,38,QR Code,Service,closed,2025-06-22 15:45:00
154,31,Web,Sales,new,2025-01-09 14:37:00
155,38,Call Center,Sales,closed,2025-09-03 17:49:00
156,10,Call Center,Sales,closed,2025-12-15 09:12:00
157,50,Web,F&I,closed,2025-11-10 19:03:00
158,34,QR Code,Sales,closed,2025-04-17 15:33:00
159,13,Web,Sales,new,2025-05-07 12:49:00
160,44,Web,F&I,working,2025-10-06 13:49:00
161,19,Web,F&I,new,2025-01-22 13:59:00
162,60,QR Code,Sales,new,2025-10-15 17:47:00
163,16,QR Code,F&I,new,2025-01-26 18:14:00
164,1,Call Center,Sales,working,2025-10-09 15:41:00
165,42,Call Center,Sales,closed,2025-10-21 08:58:00
166,27,Call Center,F&I,working,2025-04-01 15:11:00
167,56,Call Center,Sales,closed,2025-05-29 17:06:00
168,22,Web,F&I,closed,2025-05-26 16:31:00
169,9,Web,Sales,new,2025-09-16 13:10:00
170,42,QR Code,Sales,closed,2025-05-12 13:50:00
171,28,Web,Sales,closed,2025-09-21 09:11:00
172,31,Call Center,Sales,working,2025-06-15 11:28:00
173,22,QR Code,Service,new,2025-06-04 12:41:00
174,41,Web,Service,new,2025-06-01 10:30:00
175,49,QR Code,Service,new,2025-10-03 18:48:00
176,51,QR Code,Sales,closed,2025-02-11 13:04:00
177,8,QR Code,F&I,new,2025-02-01 17:34:00
178,32,QR Code,Sales,new,2025-02-16 15:08:00
179,47,Web,Sales,new,2025-01-12 19:13:00
180,3,Web,Service,closed,2025-08-05 08:59:00
181,60,Call Center,Sales,new,2025-08-30 10:49:00
182,47,Web,Sales,working,2025-11-27 15:55:00
183,25,Call Center,Service,closed,2025-07-12 16:08:00
184,23,Call Center,F&I,working,2025-03-02 16:08:00
185,15,Call Center,F&I,working,2025-01-02 18:46:00
186,8,QR Code,Sales,new,2025-01-17 11:13:00
187,16,Web,Sales,closed,2025-01-23 11:48:00
188,4,QR Code,F&I,new,2025-03-13 19:36:00
189,43,Call Center,Sales,working,2025-09-24 08:35:00
190,57,QR Code,Service,closed,2025-03-31 15:03:00
191,42,Web,Service,working,2025-12-10 19:26:00
192,52,Call Center,Sales,working,2025-08-26 16:33:00
193,55,Call Center,Sales,new,2025-07-09 08:17:00
194,38,QR Code,Sales,new,2025-12-10 13:19:00
195,1,Call Center,F&I,new,2025-04-19 19:48:00
196,36,Web,Sales,closed,2025-06-14 18:22:00
197,47,Web,F&I,working,2025-08-29 13:26:00
198,38,Web,Sales,working,2025-08-02 11:24:00
199,16,QR Code,Service,closed,2025-09-13 13:16:00
200,32,QR Code,Sales,new,2025-11-25 19:50:00
201,42,QR Code,Sales,new,2025-01-31 18:03:00
202,27,QR Code,Sales,closed,2025-03-12 10:00:00
203,59,QR Code,Sales,new,2025-09-05 16:35:00
204,59,QR Code,Sales,new,2025-02-19 17:33:00
205,30,Call Center,F&I,new,2025-10-17 12:43:00
206,6,QR Code,Service,new,2025-12-01 14:24:00
207,7,Call Center,Sales,closed,2025-09-28 17:30:00
208,12,Call Center,F&I,closed,2025-06-11 10:48:00
209,53,Call Center,Sales,closed,2025-07-23 11:36:00
210,25,QR Code,Sales,closed,2025-12-13 10:50:00
211,47,QR Code,Service,working,2025-02-10 08:06:00
212,51,Web,Sales,closed,2025-08-19 14:27:00
213,46,Call Center,Sales,working,2025-02-07 19:50:00
214,48,Web,Sales,new,2025-07-19 08:19:00
215,36,Web,Sales,new,2025-09-20 13:35:00
216,50,QR Code,F&I,new,2025-02-13 17:33:00
217,5,Web,Sales,working,2025-03-27 15:50:00
218,30,Call Center,Sales,working,2025-02-24 13:53:00
219,52,Web,Sales,closed,2025-06-18 17:08:00
220,21,QR Code,Service,working,2025-05-30 17:50:00
221,12,QR Code,Sales,closed,2025-12-16 15:45:00
222,41,Call Center,Sales,new,2025-06-05 19:27:00
223,5,QR Code,Sales,working,2025-08-18 16:32:00
224,56,QR Code,Sales,working,2025-08-03 19:57:00
225,39,Call Center,Sales,new,2025-11-23 18:42:00
226,49,Web,Sales,new,2025-06-19 12:14:00
227,26,QR Code,Sales,closed,2025-08-26 10:22:00
228,31,Web,Sales,new,2025-02-23 09:53:00
229,10,Web,Sales,new,2025-06-28 16:30:00
230,22,Call Center,Service,new,2025-11-28 19:15:00
231,43,Web,Sales,closed,2025-08-10 11:28:00
232,25,QR Code,Sales,working,2025-01-03 19:51:00
233,37,QR Code,Sales,working,2025-02-22 11:29:00
234,40,QR Code,Sales,working,2025-07-20 15:39:00
235,20,Call Center,Sales,new,2025-03-01 16:24:00
236,45,Call Center,Sales,working,2025-11-27 12:08:00
237,13,QR Code,Sales,working,2025-07-16 14:43:00
238,15,Web,Sales,working,2025-10-03 17:47:00
239,32,QR Code,Sales,new,2025-10-09 12:49:00
240,35,Web,Sales,closed,2025-04-22 11:19:00
241,3,Web,Sales,new,2025-08-19 15:55:00
242,50,Call Center,Service,closed,2025-05-02 19:22:00
243,40,Web,Sales,new,2025-11-20 11:52:00
244,21,Web,Sales,closed,2025-05-30 18:52:00
245,9,Call Center,Service,new,2025-05-08 18:25:00
246,41,Web,Sales,working,2025-02-17 19:59:00
247,30,Web,Sales,closed,2025-09-07 09:46:00
248,41,QR Code,Sales,new,2025-12-07 16:25:00
249,32,QR Code,Service,new,2025-06-25 09:40:00
250,30,Call Center,F&I,new,2025-01-09 15:29:00
251,11,Call Center,Service,working,2025-05-21 09:23:00
252,42,Call Center,Sales,working,2025-03-26 19:44:00
253,28,Call Center,Service,new,2025-12-02 11:30:00
254,9,Call Center,Sales,new,2025-09-02 19:51:00
255,49,QR Code,F&I,new,2025-03-10 09:33:00
256,40,Call Center,Sales,closed,2025-11-29 11:40:00
257,59,QR Code,Service,new,2025-07-30 09:57:00
258,6,QR Code,Service,closed,2025-05-08 17:18:00
259,45,QR Code,F&I,new,2025-01-14 16:38:00
260,16,Web,Sales,working,2025-09-11 18:38:00
261,37,Web,Sales,new,2025-08-04 15:49:00
262,51,QR Code,Sales,closed,2025-07-23 16:49:00
263,18,Web,Sales,new,2025-02-12 10:34:00
264,20,QR Code,F&I,new,2025-08-12 08:15:00
265,46,QR Code,Sales,working,2025-03-12 13:33:00
266,18,Call Center,Sales,working,2025-03-02 12:33:00
267,4,QR Code,Sales,new,2025-09-13 12:49:00
268,3,Call Center,Sales,working,2025-01-07 14:58:00
269,15,Call Center,Sales,closed,2025-06-14 13:17:00
270,37,Call Center,Sales,new,2025-07-10 10:14:00
271,3,Call Center,F&I,working,2025-07-25 12:20:00
272,48,Call Center,Sales,closed,2025-11-15 15:49:00
273,47,Call Center,Sales,working,2025-10-07 08:14:00
274,25,Call Center,Sales,new,2025-06-07 14:31:00
275,10,Call Center,Sales,new,2025-05-24 16:26:00
276,24,QR Code,Sales,new,2025-08-23 16:08:00
277,26,QR Code,Sales,working,2025-02-08 18:08:00
278,21,Web,Sales,new,2025-06-12 11:08:00
279,38,Call Center,Sales,working,2025-02-25 15:20:00
280,52,Web,Service,closed,2025-12-18 17:02:00
281,12,Web,F&I,closed,2025-01-16 19:35:00
282,26,QR Code,Service,closed,2025-07-10 09:37:00
283,59,Call Center,F&I,new,2025-02-08 18:28:00
284,6,Call Center,Sales,working,2025-06-19 08:10:00
285,28,Web,Sales,closed,2025-07-22 14:11:00
286,40,QR Code,Sales,working,2025-05-06 16:30:00
287,34,QR Code,F&I,closed,2025-05-08 08:24:00
288,23,QR Code,Service,working,2025-09-03 17:32:00
289,23,Call Center,F&I,new,2025-10-27 11:42:00
290,52,Web,F&I,new,2025-07-18 10:15:00
291,52,QR Code,Sales,closed,2025-07-03 13:36:00
292,37,Web,Sales,new,2025-04-07 15:02:00
293,46,Web,Sales,new,2025-04-01 17:45:00
294,50,QR Code,F&I,new,2025-02-26 13:45:00
295,26,Call Center,Sales,working,2025-10-28 10:10:00
296,28,Web,Service,new,2025-11-24 19:35:00
297,60,Web,Sales,closed,2025-11-11 10:24:00
298,37,QR Code,Sales,closed,2025-07-20 13:58:00
299,40,QR Code,Sales,working,2025-04-24 10:21:00
300,16,Web,Sales,new,2025-06-27 19:42:00
301,57,Web,Sales,new,2025-06-21 11:44:00
302,27,Web,Sales,working,2025-03-27 13:34:00
303,21,Call Center,Sales,new,2025-05-14 14:10:00
304,36,Web,Sales,closed,2025-02-17 15:45:00
305,45,QR Code,F&I,closed,2025-10-11 12:42:00
306,10,Web,Sales,new,2025-01-28 12:52:00
307,39,Call Center,Sales,new,2025-09-03 10:40:00
308,35,Call Center,Sales,working,2025-07-18 13:11:00
309,7,QR Code,Sales,closed,2025-02-13 14:48:00
310,36,Web,Service,working,2025-02-01 16:43:00
311,31,Call Center,Sales,new,2025-10-21 14:57:00
312,3,QR Code,F&I,closed,2025-09-15 18:39:00
313,9,Web,Sales,closed,2025-01-22 14:12:00
314,41,QR Code,Sales,closed,2025-03-17 09:05:00
315,56,QR Code,Service,closed,2025-01-07 14:07:00
316,23,Web,Sales,working,2025-07-30 17:38:00
317,26,Web,F&I,working,2025-01-20 19:15:00
318,20,Web,Service,closed,2025-06-09 18:06:00
319,15,Web,F&I,working,2025-03-10 13:17:00
320,39,Call Center,Sales,new,2025-11-27 14:47:00
321,55,QR Code,Sales,new,2025-09-26 11:53:00
322,41,QR Code,Sales,working,2025-03-05 15:38:00
323,17,Call Center,Sales,working,2025-12-19 08:10:00
324,50,Call Center,Service,closed,2025-04-20 11:17:00
325,33,QR Code,Sales,new,2025-01-11 18:11:00
326,1,Web,Service,working,2025-04-25 19:45:00
327,28,Web,Sales,new,2025-07-12 15:19:00
328,53,Web,Sales,new,2025-11-16 16:42:00
329,54,QR Code,Service,closed,2025-07-11 12:19:00
330,31,Web,F&I,closed,2025-02-02 13:55:00
331,55,Web,Service,closed,2025-11-04 10:46:00
332,46,QR Code,Sales,working,2025-04-24 18:22:00
333,36,QR Code,F&I,closed,2025-04-04 09:14:00
334,4,QR Code,Sales,closed,2025-11-21 09:30:00
335,33,QR Code,Sales,working,2025-03-03 14:03:00
336,10,Call Center,Sales,closed,2025-03-12 15:09:00
337,12,QR Code,Sales,working,2025-06-10 12:13:00
338,11,Call Center,Sales,new,2025-10-23 10:39:00
339,1,QR Code,Sales,closed,2025-06-14 08:40:00
340,15,Web,Sales,working,2025-06-26 16:37:00
341,39,Web,Sales,closed,2025-09-26 10:21:00
342,32,Call Center,Sales,working,2025-07-03 08:14:00
343,41,QR Code,Service,closed,2025-05-11 08:42:00
344,10,QR Code,Service,new,2025-04-16 12:26:00
345,43,Web,Service,closed,2025-09-24 10:26:00
346,7,QR Code,Service,working,2025-09-19 09:50:00
347,13,QR Code,Sales,new,2025-07-03 08:35:00
348,37,Web,Sales,new,2025-12-09 16:04:00
349,7,QR Code,Sales,working,2025-05-12 12:29:00
350,28,Call Center,F&I,new,2025-03-01 08:54:00
351,8,Web,F&I,working,2025-07-25 14:44:00
352,52,QR Code,F&I,new,2025-08-04 09:08:00
353,4,Call Center,Sales,closed,2025-03-23 15:51:00
354,29,QR Code,Sales,working,2025-04-03 17:01:00
355,57,Web,F&I,new,2025-03-08 14:28:00
356,50,QR Code,Sales,closed,2025-10-23 13:33:00
357,53,QR Code,Sales,closed,2025-10-13 10:32:00
358,55,Call Center,Sales,working,2025-09-11 13:15:00
359,52,Web,Sales,working,2025-10-21 15:20:00
360,36,Call Center,Service,closed,2025-10-09 17:40:00
361,24,Call Center,Service,working,2025-01-28 16:49:00
362,31,Web,Service,new,2025-12-03 09:48:00
363,1,Web,Service,working,2025-06-24 16:33:00
364,48,Call Center,Sales,new,2025-07-29 11:07:00
365,26,Web,Service,new,2025-04-21 19:21:00
366,33,Web,Sales,closed,2025-03-10 08:35:00
367,54,Web,F&I,new,2025-10-27 19:37:00
368,33,Web,F&I,closed,2025-07-16 11:17:00
369,45,Web,Service,closed,2025-09-20 13:45:00
370,36,Call Center,Sales,closed,2025-11-20 19:18:00
371,59,Call Center,F&I,closed,2025-12-11 10:32:00
372,37,QR Code,Sales,closed,2025-12-08 16:18:00
373,28,QR Code,Sales,working,2025-01-07 10:03:00
374,13,Call Center,F&I,closed,2025-05-17 12:09:00
375,45,Call Center,Service,new,2025-06-01 13:52:00
376,25,QR Code,Service,closed,2025-05-02 12:44:00
377,60,Web,Sales,closed,2025-07-15 13:35:00
378,48,Call Center,Service,new,2025-11-05 12:28:00
379,25,Web,Sales,working,2025-01-21 10:10:00
380,17,Web,Sales,new,2025-01-03 08:09:00
381,39,QR Code,Service,closed,2025-01-27 12:31:00
382,36,Call Center,Service,working,2025-07-03 16:14:00
383,34,QR Code,Sales,closed,2025-02-04 16:25:00
384,49,Call Center,Sales,working,2025-11-29 15:15:00
385,40,Call Center,F&I,closed,2025-11-15 13:24:00
386,8,Web,Sales,working,2025-07-17 08:58:00
387,6,Call Center,F&I,closed,2025-02-19 16:00:00
388,14,QR Code,Service,closed,2025-12-10 14:53:00
389,53,QR Code,Service,new,2025-02-06 15:45:00
390,29,Web,Sales,new,2025-11-19 14:43:00
391,3,Web,F&I,new,2025-02-07 12:50:00
392,39,Web,Service,working,2025-02-14 14:25:00
393,2,Call Center,Sales,new,2025-08-31 19:25:00
394,55,Web,F&I,new,2025-10-07 12:43:00
395,51,Web,F&I,new,2025-11-28 16:55:00
396,8,Call Center,Sales,working,2025-01-22 16:35:00
397,20,QR Code,Service,closed,2025-04-18 13:13:00
398,17,Call Center,Sales,closed,2025-04-10 08:54:00
399,36,QR Code,Sales,working,2025-08-25 18:04:00
400,40,Call Center,Sales,working,2025-02-05 13:39:00
401,45,Call Center,Sales,working,2025-10-27 13:27:00
402,18,Call Center,Service,working,2025-07-04 15:29:00
403,54,Call Center,F&I,new,2025-05-24 12:46:00
404,5,Call Center,Service,closed,2025-02-08 08:52:00
405,26,Call Center,F&I,closed,2025-10-30 12:34:00
406,35,QR Code,Service,working,2025-08-30 14:14:00
407,38,Call Center,Sales,closed,2025-05-29 09:25:00
408,12,QR Code,Service,new,2025-10-17 19:46:00
409,14,Web,Sales,working,2025-09-23 08:02:00
410,21,QR Code,F&I,closed,2025-02-22 12:53:00
411,38,QR Code,Sales,closed,2025-10-06 14:23:00
412,58,QR Code,Sales,new,2025-02-09 16:25:00
413,9,Call Center,Sales,closed,2025-08-14 18:17:00
414,8,QR Code,Sales,new,2025-09-04 17:10:00
415,27,Call Center,Sales,closed,2025-01-12 17:10:00
416,41,QR Code,Service,working,2025-01-10 09:13:00
417,33,Call Center,Service,working,2025-05-16 15:38:00
418,15,Web,Sales,new,2025-07-13 11:33:00
419,33,Web,Service,closed,2025-12-17 09:11:00
420,6,QR Code,Sales,closed,2025-09-04 16:52:00
421,45,Web,Sales,working,2025-09-29 14:22:00
422,48,Call Center,Sales,working,2025-10-22 15:49:00
423,8,Call Center,Sales,new,2025-09-24 19:51:00
424,40,QR Code,Sales,new,2025-05-22 14:35:00
425,31,Web,Sales,working,2025-04-02 12:19:00
426,50,QR Code,Sales,closed,2025-07-23 09:47:00
427,52,QR Code,Service,closed,2025-10-09 08:10:00
428,28,Call Center,Sales,working,2025-02-15 09:38:00
429,39,Call Center,Service,working,2025-01-30 08:12:00
430,60,Web,Sales,closed,2025-09-23 16:33:00
431,40,QR Code,Sales,new,2025-03-28 18:00:00
432,6,Web,Sales,working,2025-05-22 14:37:00
433,18,QR Code,F&I,working,2025-04-26 14:36:00
434,22,QR Code,F&I,closed,2025-03-01 17:16:00
435,25,Web,Service,working,2025-10-16 15:43:00
436,23,QR Code,Sales,working,2025-09-22 11:18:00
437,31,Web,Sales,closed,2025-06-10 12:11:00
438,44,Web,Service,new,2025-04-08 19:15:00
439,14,Call Center,Service,closed,2025-04-28 13:09:00
440,8,QR Code,F&I,working,2025-02-10 17:00:00
441,35,Web,Sales,working,2025-01-22 15:57:00
442,58,Web,Sales,closed,2025-10-22 12:25:00
443,3,Web,Sales,closed,2025-09-15 10:29:00
444,45,Web,Sales,new,2025-09-23 08:43:00
445,31,Web,Sales,working,2025-11-10 14:13:00
446,18,QR Code,Sales,working,2025-05-01 11:09:00
447,48,Web,Service,new,2025-03-18 14:31:00
448,17,QR Code,Sales,new,2025-10-15 19:10:00
449,17,Web,Sales,working,2025-07-04 13:01:00
450,42,Call Center,F&I,working,2025-10-03 13:20:00
451,32,Call Center,Sales,working,2025-08-17 15:40:00
452,56,QR Code,Service,working,2025-03-27 14:40:00
453,26,Call Center,Sales,new,2025-02-06 13:20:00
454,46,QR Code,Service,working,2025-05-17 15:49:00
455,24,QR Code,F&I,working,2025-10-28 10:11:00
456,9,QR Code,Sales,closed,2025-05-01 19:47:00
457,36,Call Center,Service,closed,2025-01-28 09:06:00
458,9,Call Center,Sales,closed,2025-09-27 13:55:00
459,56,Web,F&I,closed,2025-09-01 12:35:00
460,41,Web,Sales,closed,2025-10-16 16:19:00
461,31,Call Center,Service,working,2025-10-04 12:23:00
462,9,Web,Sales,new,2025-06-26 19:59:00
463,13,QR Code,Sales,new,2025-07-30 10:45:00
464,25,Call Center,Sales,working,2025-07-13 18:15:00
465,52,Web,Sales,new,2025-05-18 10:08:00
466,13,Call Center,Sales,closed,2025-06-14 08:11:00
467,19,Call Center,Service,closed,2025-05-18 08:14:00
468,32,Web,Service,new,2025-07-10 13:05:00
469,10,Web,Service,new,2025-01-29 16:30:00
470,25,Call Center,Service,new,2025-08-15 11:29:00
471,7,QR Code,F&I,working,2025-09-24 14:43:00
472,60,Call Center,Service,new,2025-06-15 19:59:00
473,41,Web,Sales,working,2025-08-11 17:07:00
474,45,Call Center,Sales,new,2025-11-02 11:10:00
475,51,Call Center,Sales,working,2025-02-24 16:50:00
476,23,QR Code,Sales,closed,2025-08-13 14:22:00
477,17,Web,Service,closed,2025-01-21 12:34:00
478,13,Call Center,Sales,working,2025-10-18 19:29:00
479,53,QR Code,Sales,new,2025-05-15 18:32:00
480,21,QR Code,F&I,working,2025-02-02 11:33:00
481,50,Call Center,Service,working,2025-10-10 14:41:00
482,12,Call Center,Sales,new,2025-01-17 09:02:00
483,54,QR Code,Sales,closed,2025-07-18 19:37:00
484,14,Web,F&I,new,2025-12-02 15:51:00
485,24,QR Code,F&I,working,2025-10-13 13:50:00
486,53,Web,Sales,closed,2025-11-12 09:53:00
487,13,QR Code,Service,closed,2025-04-09 18:11:00
488,36,QR Code,Sales,closed,2025-08-01 17:22:00
489,45,Web,F&I,new,2025-12-07 10:35:00
490,58,QR Code,F&I,working,2025-06-11 13:26:00
491,28,QR Code,Sales,closed,2025-06-15 11:24:00
492,60,Web,F&I,working,2025-05-11 14:00:00
493,19,Call Center,Sales,working,2025-11-02 08:19:00
494,14,Call Center,Service,closed,2025-06-11 12:58:00
495,36,QR Code,Sales,new,2025-10-20 15:22:00
496,37,QR Code,Sales,working,2025-04-22 15:11:00
497,3,Web,Sales,new,2025-10-23 13:22:00
498,28,Call Center,F&I,new,2025-08-02 19:41:00
499,60,QR Code,Service,working,2025-01-06 08:19:00
500,10,QR Code,Service,working,2025-01-26 15:48:00
501,33,Call Center,Sales,working,2025-02-16 10:08:00
502,49,Web,Sales,working,2025-03-11 14:41:00
503,36,QR Code,Sales,new,2025-11-12 09:17:00
504,21,QR Code,Sales,closed,2025-12-17 14:27:00
505,11,QR Code,Service,working,2025-06-29 17:09:00
506,6,QR Code,Sales,closed,2025-02-27 10:55:00
507,19,Web,Service,new,2025-01-08 12:28:00
508,49,QR Code,Sales,closed,2025-05-13 10:44:00
509,2,QR Code,F&I,closed,2025-07-12 08:16:00
510,43,QR Code,F&I,closed,2025-05-19 13:55:00
511,7,Web,F&I,closed,2025-06-11 09:11:00
512,26,Call Center,Sales,working,2025-03-22 13:40:00
513,57,QR Code,F&I,new,2025-01-16 10:21:00
514,43,Call Center,Service,closed,2025-03-12 18:39:00
515,44,Web,Sales,new,2025-04-27 14:19:00
516,22,QR Code,Sales,closed,2025-08-18 10:37:00
517,9,Call Center,Service,closed,2025-08-09 10:20:00
518,47,Web,F&I,working,2025-01-16 14:19:00
519,40,QR Code,Sales,closed,2025-04-29 08:22:00
520,24,Web,Sales,new,2025-04-05 10:12:00
521,13,Call Center,Sales,working,2025-04-15 17:31:00
522,56,Call Center,Sales,new,2025-08-23 17:47:00
523,47,Web,Service,closed,2025-06-10 17:38:00
524,53,Call Center,Sales,working,2025-01-22 19:02:00
525,34,Call Center,Sales,working,2025-11-19 14:56:00
526,45,Call Center,Sales,closed,2025-09-22 15:05:00
527,8,QR Code,F&I,closed,2025-04-03 16:08:00
528,58,Web,Sales,working,2025-04-14 19:41:00
529,51,QR Code,Service,new,2025-03-25 09:45:00
530,33,Call Center,Sales,working,2025-11-10 08:49:00
531,12,Web,Sales,closed,2025-01-27 15:18:00
532,8,Call Center,Sales,working,2025-03-09 08:29:00
533,14,QR Code,Sales,working,2025-10-29 15:05:00
534,1,QR Code,Sales,closed,2025-05-06 16:52:00
535,4,Call Center,Sales,working,2025-04-05 08:09:00
536,43,QR Code,Sales,new,2025-10-23 08:06:00
537,39,QR Code,Sales,working,2025-10-21 19:37:00
538,53,Web,Service,new,2025-02-04 12:30:00
539,47,QR Code,F&I,working,2025-11-19 19:44:00
540,51,Web,Service,working,2025-05-28 12:33:00
541,40,Call Center,Service,working,2025-07-01 16:46:00
542,32,QR Code,Sales,working,2025-04-03 11:00:00
543,22,QR Code,Service,new,2025-06-29 08:40:00
544,21,Call Center,Service,working,2025-01-04 14:46:00
545,2,Call Center,Sales,working,2025-03-31 18:30:00
546,52,QR Code,Sales,new,2025-01-19 18:29:00
547,35,Web,Service,working,2025-06-21 19:03:00
548,20,QR Code,Service,closed,2025-10-17 16:01:00
549,18,Web,F&I,closed,2025-01-16 16:53:00
550,20,QR Code,Sales,working,2025-06-11 09:31:00
551,24,Web,Sales,working,2025-08-20 10:07:00
552,60,QR Code,F&I,working,2025-09-05 13:09:00
553,7,QR Code,F&I,new,2025-09-22 19:02:00
554,57,Call Center,Sales,closed,2025-01-24 19:19:00
555,8,Call Center,Sales,new,2025-05-20 08:39:00
556,7,QR Code,Sales,working,2025-04-16 12:09:00
557,52,QR Code,Sales,new,2025-05-26 12:39:00
558,35,Call Center,Sales,working,2025-08-16 18:03:00
559,38,QR Code,Service,closed,2025-11-19 13:19:00
560,49,QR Code,Sales,closed,2025-08-27 15:06:00
561,59,Web,Sales,closed,2025-07-06 13:50:00
562,21,Web,Sales,working,2025-08-21 09:22:00
563,7,QR Code,Service,working,2025-06-16 16:29:00
564,25,Web,Sales,closed,2025-02-03 17:27:00
565,28,Web,Sales,new,2025-10-18 10:42:00
566,48,Web,Sales,closed,2025-10-21 15:20:00
567,53,Call Center,Sales,working,2025-08-16 09:38:00
568,49,Call Center,Service,closed,2025-11-22 10:28:00
569,21,QR Code,Service,closed,2025-06-03 12:58:00
570,28,Call Center,Sales,closed,2025-06-26 16:25:00
571,55,Call Center,Sales,closed,2025-05-31 08:00:00
572,53,Call Center,F&I,new,2025-07-03 11:27:00
573,26,Web,Service,working,2025-11-17 14:27:00
574,56,Call Center,Sales,new,2025-12-10 18:01:00
575,60,QR Code,Sales,closed,2025-08-06 14:35:00
576,25,Call Center,Sales,closed,2025-07-01 08:36:00
577,37,Call Center,F&I,closed,2025-07-07 15:45:00
578,34,Web,Sales,closed,2025-05-24 17:05:00
579,35,Web,Service,working,2025-10-24 16:49:00
580,3,QR Code,Sales,closed,2025-11-02 12:03:00
581,38,QR Code,Sales,working,2025-03-28 19:39:00
582,17,QR Code,Sales,working,2025-03-09 08:47:00
583,32,QR Code,F&I,working,2025-04-03 09:09:00
584,53,Web,Service,working,2025-03-20 14:15:00
585,47,Call Center,Sales,closed,2025-11-23 13:03:00
586,49,Call Center,Sales,working,2025-03-01 15:19:00
587,10,Web,Sales,working,2025-09-29 14:43:00
588,23,QR Code,F&I,working,2025-08-10 13:17:00
589,48,QR Code,Service,new,2025-05-04 16:21:00
590,12,QR Code,Sales,new,2025-06-10 09:00:00
591,17,Call Center,Sales,new,2025-04-09 08:38:00
592,54,QR Code,Service,closed,2025-04-22 09:05:00
593,9,QR Code,Service,closed,2025-07-12 17:51:00
594,58,QR Code,Sales,working,2025-02-26 15:42:00
595,41,Web,Service,closed,2025-08-21 18:49:00
596,17,Call Center,Sales,new,2025-03-24 14:24:00
597,32,QR Code,Sales,closed,2025-04-13 15:06:00
598,17,Call Center,Sales,closed,2025-02-22 19:16:00
599,2,Call Center,Service,new,2025-09-12 08:42:00
600,55,QR Code,Sales,working,2025-02-05 19:52:00
601,8,QR Code,F&I,working,2025-10-18 13:43:00
602,50,QR Code,Sales,closed,2025-05-29 08:24:00
603,20,Call Center,Service,working,2025-07-19 15:05:00
604,29,Call Center,Sales,new,2025-04-08 19:37:00
605,54,Call Center,Sales,new,2025-08-19 13:50:00
606,26,Call Center,Service,closed,2025-03-02 16:29:00
607,56,Call Center,Service,new,2025-10-02 09:02:00
608,32,Call Center,Sales,closed,2025-12-01 08:15:00
609,9,Call Center,Service,working,2025-01-08 09:29:00
610,54,Call Center,Service,new,2025-10-30 09:31:00
611,40,Call Center,Service,working,2025-04-23 13:51:00
612,48,Web,Sales,closed,2025-12-14 17:34:00
613,24,Call Center,Sales,closed,2025-10-11 08:08:00
614,6,Call Center,Sales,new,2025-01-04 19:41:00
615,19,QR Code,Service,working,2025-08-02 19:08:00
616,40,QR Code,Sales,working,2025-01-20 17:05:00
617,51,Web,Sales,closed,2025-06-04 11:12:00
618,13,Call Center,Service,working,2025-02-27 15:11:00
619,22,Web,Sales,closed,2025-11-12 08:59:00
620,47,QR Code,Sales,working,2025-08-16 11:47:00
621,21,Call Center,Sales,new,2025-04-28 11:47:00
622,4,Call Center,Sales,closed,2025-08-12 15:11:00
623,13,Call Center,Sales,closed,2025-06-21 08:17:00
624,39,QR Code,F&I,new,2025-03-22 17:35:00
625,6,QR Code,Sales,new,2025-07-30 17:30:00
626,18,QR Code,Sales,new,2025-01-08 11:20:00
627,50,Call Center,Sales,working,2025-09-16 15:51:00
628,53,Web,Sales,new,2025-02-20 16:48:00
629,43,Call Center,Service,closed,2025-06-06 19:37:00
630,1,Call Center,Sales,closed,2025-11-18 13:33:00
631,14,Call Center,Service,working,2025-12-17 19:59:00
632,12,QR Code,Service,closed,2025-11-28 19:49:00
633,49,QR Code,Sales,closed,2025-10-25 11:20:00
634,34,Web,Service,closed,2025-03-04 16:57:00
635,57,Call Center,F&I,working,2025-02-03 09:05:00
636,56,QR Code,F&I,new,2025-04-15 12:26:00
637,35,Web,Sales,working,2025-03-09 19:41:00
638,42,Web,Sales,closed,2025-06-21 18:50:00
639,37,Web,Sales,working,2025-03-09 11:30:00
640,40,QR Code,Sales,new,2025-03-24 10:53:00
641,58,Call Center,Sales,new,2025-12-08 08:20:00
642,29,Web,Sales,closed,2025-05-14 19:02:00
643,23,Web,Sales,new,2025-03-17 16:19:00
644,10,QR Code,Sales,closed,2025-01-03 13:41:00
645,31,QR Code,Service,closed,2025-05-29 19:58:00
646,22,Call Center,Service,new,2025-12-19 10:43:00
647,20,Web,Service,new,2025-01-13 15:22:00
648,35,QR Code,Service,new,2025-08-17 16:25:00
649,26,QR Code,F&I,working,2025-03-17 14:23:00
650,14,QR Code,F&I,working,2025-08-16 12:10:00
651,58,QR Code,F&I,new,2025-08-06 17:38:00
652,27,Web,Sales,closed,2025-11-24 15:45:00
653,59,Call Center,Sales,working,2025-03-12 12:35:00
654,2,Call Center,Sales,closed,2025-01-02 18:30:00
655,16,Call Center,Service,working,2025-01-15 09:38:00
656,38,QR Code,Sales,working,2025-09-04 18:43:00
657,10,Web,F&I,new,2025-06-13 13:10:00
658,50,Call Center,Service,closed,2025-11-18 10:34:00
659,24,QR Code,Sales,new,2025-02-19 08:08:00
660,58,QR Code,Service,closed,2025-10-14 16:45:00
661,49,Web,Sales,new,2025-02-28 09:52:00
662,20,QR Code,Service,new,2025-01-15 10:54:00
663,45,Web,Sales,new,2025-04-27 09:27:00
664,51,Call Center,Sales,working,2025-02-27 14:02:00
665,43,Call Center,Service,closed,2025-01-06 11:37:00
666,12,Web,Sales,new,2025-12-10 19:17:00
667,23,Call Center,F&I,closed,2025-06-30 17:15:00
668,49,Call Center,F&I,new,2025-10-03 11:58:00
669,7,Web,F&I,working,2025-04-03 11:32:00
670,3,Web,Sales,working,2025-02-12 12:29:00
671,20,Web,Sales,working,2025-12-18 12:54:00
672,26,QR Code,Service,new,2025-08-13 09:09:00
673,11,Web,F&I,working,2025-02-03 11:38:00
674,26,Call Center,Service,closed,2025-03-04 15:17:00
675,50,QR Code,Sales,closed,2025-10-25 14:22:00
676,32,Call Center,Service,new,2025-09-12 08:06:00
677,54,Web,Service,new,2025-02-04 14:38:00
678,10,QR Code,Service,new,2025-06-05 18:48:00
679,17,Web,Service,closed,2025-10-05 16:01:00
680,3,Call Center,Sales,working,2025-08-09 14:28:00
681,32,Call Center,Sales,working,2025-08-09 15:48:00
682,31,Call Center,Sales,working,2025-10-15 12:31:00
683,25,QR Code,Sales,working,2025-11-12 13:03:00
684,2,Web,Sales,working,2025-11-17 13:22:00
685,22,Call Center,Sales,new,2025-03-28 15:42:00
686,37,Web,Sales,closed,2025-09-21 15:37:00
687,14,Web,Sales,closed,2025-06-22 13:10:00
688,24,Call Center,Sales,new,2025-08-12 16:13:00
689,18,QR Code,Service,working,2025-02-04 14:13:00
690,26,QR Code,Sales,closed,2025-05-09 16:11:00
691,41,Call Center,Sales,new,2025-09-22 18:52:00
692,30,QR Code,Sales,closed,2025-05-18 14:59:00
693,41,QR Code,Sales,working,2025-01-31 10:15:00
694,59,QR Code,Sales,working,2025-02-02 12:52:00
695,52,Web,Sales,working,2025-06-08 14:41:00
696,13,Web,Sales,working,2025-03-23 12:42:00
697,42,QR Code,Sales,new,2025-01-22 08:55:00
698,21,Web,F&I,working,2025-11-05 13:42:00
699,6,QR Code,Service,new,2025-07-23 09:36:00
700,60,QR Code,Service,closed,2025-03-03 16:16:00
701,48,QR Code,Service,working,2025-07-19 11:09:00
702,32,Web,Service,new,2025-10-01 13:34:00
703,24,Call Center,Service,closed,2025-06-07 08:53:00
704,52,QR Code,F&I,closed,2025-01-28 11:16:00
705,20,QR Code,Sales,closed,2025-11-24 09:34:00
706,55,Web,Sales,working,2025-08-15 12:19:00
707,21,Web,Service,working,2025-11-26 09:52:00
708,32,QR Code,Sales,working,2025-08-30 19:27:00
709,53,Call Center,Service,closed,2025-02-21 09:22:00
710,51,Call Center,Sales,new,2025-11-25 18:19:00
711,54,Call Center,Service,closed,2025-11-29 14:50:00
712,29,QR Code,Sales,new,2025-09-02 18:37:00
713,52,Call Center,Sales,working,2025-05-25 10:25:00
714,54,Call Center,Sales,new,2025-10-20 16:41:00
715,15,Web,Sales,closed,2025-02-15 10:03:00
716,34,Web,Service,working,2025-08-11 09:14:00
717,13,Web,Service,working,2025-05-17 10:27:00
718,39,Web,Service,new,2025-04-21 14:11:00
719,59,Web,Sales,closed,2025-05-08 15:05:00
720,17,Call Center,Sales,new,2025-02-07 13:59:00
721,3,Web,Sales,working,2025-01-03 12:25:00
722,9,Call Center,Sales,working,2025-10-14 10:32:00
723,10,Call Center,Sales,new,2025-05-14 15:55:00
724,18,Web,Sales,working,2025-07-04 17:53:00
725,17,Web,Sales,new,2025-09-22 13:47:00
726,49,QR Code,F&I,closed,2025-03-19 18:51:00
727,11,Web,Sales,working,2025-08-28 08:28:00
728,56,Call Center,Sales,new,2025-03-17 12:11:00
729,48,Web,Sales,closed,2025-09-18 17:13:00
730,1,QR Code,Sales,new,2025-09-27 11:49:00
731,2,Web,Service,closed,2025-02-11 15:29:00
732,18,QR Code,Sales,new,2025-11-01 18:39:00
733,21,Call Center,Sales,new,2025-10-19 18:18:00
734,56,Call Center,Sales,new,2025-07-24 10:24:00
735,19,QR Code,Sales,working,2025-11-28 15:51:00
736,57,Web,Sales,closed,2025-07-18 14:05:00
737,52,QR Code,Sales,closed,2025-07-08 14:05:00
738,60,QR Code,Service,closed,2025-09-11 09:18:00
739,54,QR Code,Sales,closed,2025-05-08 08:35:00
740,38,QR Code,Sales,closed,2025-02-11 18:29:00
741,21,QR Code,Sales,closed,2025-10-28 15:39:00
742,22,Call Center,Sales,closed,2025-04-06 17:16:00
743,7,QR Code,Sales,working,2025-08-11 09:00:00
744,32,QR Code,Service,closed,2025-06-05 13:44:00
745,45,Web,Service,new,2025-12-12 10:08:00
746,28,QR Code,Sales,working,2025-11-17 15:09:00
747,32,Call Center,F&I,closed,2025-08-30 11:12:00
748,28,Web,Service,closed,2025-08-01 19:35:00
749,3,Web,Sales,closed,2025-09-07 19:39:00
750,58,Call Center,Service,closed,2025-09-07 08:27:00
751,36,Web,F&I,working,2025-02-02 15:07:00
752,15,Call Center,Sales,closed,2025-09-17 13:58:00
753,54,Web,Sales,working,2025-12-03 19:45:00
754,55,QR Code,Sales,closed,2025-03-24 19:05:00
755,9,Call Center,Sales,working,2025-03-30 09:50:00
756,23,Web,Service,new,2025-05-14 16:02:00
757,22,Call Center,Service,new,2025-08-09 16:14:00
758,55,QR Code,Service,new,2025-12-20 19:03:00
759,29,Call Center,F&I,closed,2025-08-23 17:50:00
760,7,Call Center,Sales,new,2025-10-15 18:07:00
761,59,Call Center,Service,closed,2025-07-05 15:48:00
762,8,Web,F&I,new,2025-04-14 11:53:00
763,22,QR Code,Sales,working,2025-05-27 13:45:00
764,24,QR Code,Sales,closed,2025-11-19 14:50:00
765,44,Call Center,Sales,new,2025-07-05 19:51:00
766,60,Call Center,F&I,new,2025-11-25 18:45:00
767,57,Web,Sales,closed,2025-09-24 19:35:00
768,47,Web,Sales,working,2025-06-10 16:39:00
769,45,Web,Service,closed,2025-07-26 17:50:00
770,29,QR Code,Sales,new,2025-06-26 12:05:00
771,33,Web,Sales,closed,2025-10-10 10:01:00
772,33,QR Code,Sales,working,2025-02-26 12:40:00
773,52,QR Code,Service,closed,2025-10-25 18:34:00
774,15,Web,Sales,closed,2025-06-29 17:43:00
775,13,Web,Sales,closed,2025-07-04 14:53:00
776,26,QR Code,Sales,working,2025-10-29 12:37:00
777,53,Call Center,Sales,working,2025-03-25 19:29:00
778,36,Call Center,Service,working,2025-07-09 09:07:00
779,2,Call Center,Service,working,2025-03-15 08:59:00
780,57,Call Center,Sales,closed,2025-05-26 15:00:00
781,37,Web,Service,working,2025-08-20 19:53:00
782,49,QR Code,Service,working,2025-03-12 18:28:00
783,25,Web,Sales,new,2025-04-30 18:56:00
784,8,QR Code,Sales,closed,2025-11-26 16:36:00
785,37,Call Center,Service,closed,2025-09-25 08:07:00
786,35,Call Center,Sales,new,2025-04-03 11:53:00
787,57,Web,Sales,closed,2025-10-24 17:20:00
788,27,QR Code,Sales,working,2025-01-13 09:07:00
789,35,Web,Sales,working,2025-03-28 09:09:00
790,21,Web,F&I,working,2025-03-14 14:52:00
791,4,Call Center,Service,closed,2025-04-14 11:31:00
792,2,QR Code,Sales,new,2025-07-28 12:35:00
793,44,Call Center,Service,closed,2025-02-21 10:19:00
794,29,QR Code,Sales,new,2025-02-12 13:34:00
795,51,QR Code,F&I,closed,2025-05-06 15:02:00
796,54,Web,F&I,closed,2025-12-15 11:37:00
797,19,Call Center,Service,closed,2025-01-24 09:19:00
798,57,Call Center,Service,working,2025-08-10 18:21:00
799,49,Web,Sales,working,2025-08-20 13:13:00
800,1,Web,Sales,new,2025-11-08 18:11:00
801,58,Web,Service,working,2025-12-10 14:52:00
802,25,QR Code,F&I,new,2025-04-01 15:23:00
803,29,Call Center,Service,working,2025-01-05 18:58:00
804,13,QR Code,Service,closed,2025-02-16 11:14:00
805,24,Web,Sales,closed,2025-01-19 19:38:00
806,11,Call Center,Service,closed,2025-10-10 18:43:00
807,12,QR Code,Sales,new,2025-02-03 10:16:00
808,55,QR Code,Service,working,2025-04-27 11:54:00
809,45,QR Code,Service,closed,2025-12-14 16:56:00
810,21,Web,Sales,closed,2025-08-10 16:29:00
811,26,Web,Sales,closed,2025-04-10 08:47:00
812,7,Web,Sales,new,2025-01-15 17:51:00
813,22,Call Center,Sales,new,2025-05-09 13:53:00
814,29,QR Code,Sales,new,2025-02-18 09:03:00
815,25,QR Code,Sales,new,2025-06-10 08:58:00
816,4,QR Code,Service,new,2025-06-04 09:43:00
817,27,QR Code,Service,closed,2025-04-30 08:29:00
818,51,Web,Sales,closed,2025-01-14 11:06:00
819,41,Web,Sales,working,2025-09-18 19:39:00
820,57,Call Center,Sales,working,2025-10-05 17:21:00
821,13,QR Code,F&I,new,2025-04-13 13:12:00
822,45,QR Code,Service,closed,2025-08-28 17:21:00
823,27,Call Center,Sales,new,2025-06-18 15:14:00
824,41,QR Code,Sales,closed,2025-04-25 11:15:00
825,1,Call Center,Sales,new,2025-07-05 16:07:00
826,13,Web,Sales,working,2025-04-12 19:11:00
827,59,Call Center,Service,new,2025-02-21 14:41:00
828,8,Call Center,Sales,new,2025-06-23 13:51:00
829,46,Call Center,Sales,new,2025-02-03 11:12:00
830,51,Web,Sales,closed,2025-03-18 12:55:00
831,25,QR Code,Sales,closed,2025-11-27 15:11:00
832,38,QR Code,F&I,closed,2025-07-25 18:02:00
833,36,Call Center,Service,working,2025-02-13 15:33:00
834,30,Web,Sales,working,2025-08-10 13:17:00
835,35,Call Center,Service,new,2025-11-26 09:07:00
836,39,QR Code,Service,working,2025-03-12 08:49:00
837,31,QR Code,F&I,new,2025-12-01 14:14:00
838,49,QR Code,Service,working,2025-08-28 09:20:00
839,28,Call Center,Sales,closed,2025-08-02 08:23:00
840,54,Web,Sales,working,2025-07-01 18:48:00
841,3,Call Center,F&I,working,2025-03-13 17:40:00
842,59,QR Code,F&I,working,2025-11-08 11:25:00
843,41,Call Center,Sales,closed,2025-06-05 16:11:00
844,19,QR Code,Sales,new,2025-12-04 13:33:00
845,31,Web,F&I,new,2025-02-05 10:55:00
846,20,Call Center,Sales,closed,2025-10-28 15:17:00
847,34,QR Code,F&I,working,2025-06-18 15:36:00
848,46,Web,Service,new,2025-06-02 14:15:00
849,45,Call Center,Sales,new,2025-10-19 11:56:00
850,18,QR Code,Sales,new,2025-11-18 19:46:00
851,14,Web,F&I,closed,2025-09-10 09:23:00
852,17,QR Code,Sales,new,2025-04-17 09:40:00
853,48,Web,Sales,working,2025-08-25 11:25:00
854,30,Web,Sales,closed,2025-09-06 18:15:00
855,29,Web,Service,new,2025-03-13 10:53:00
856,10,Web,Sales,closed,2025-08-14 08:57:00
857,14,QR Code,Sales,closed,2025-08-15 16:41:00
858,43,Web,Service,working,2025-02-22 08:38:00
859,1,Call Center,Service,new,2025-06-22 11:56:00
860,53,Web,Sales,new,2025-06-17 17:13:00
861,26,Call Center,Sales,new,2025-08-08 13:20:00
862,5,Web,Service,working,2025-12-03 08:04:00
863,27,QR Code,Sales,new,2025-06-04 19:34:00
864,60,Call Center,Sales,new,2025-10-19 17:20:00
865,45,QR Code,F&I,closed,2025-07-18 10:21:00
866,41,QR Code,Sales,new,2025-04-30 11:01:00
867,58,Web,Sales,working,2025-03-05 11:39:00
868,47,Web,Service,working,2025-11-03 10:17:00
869,49,Call Center,Service,working,2025-01-13 13:15:00
870,39,QR Code,Sales,working,2025-07-15 18:00:00
871,14,Call Center,Sales,closed,2025-03-06 11:15:00
872,20,QR Code,Sales,closed,2025-05-27 11:17:00
873,31,Web,Sales,new,2025-02-10 15:28:00
874,31,Web,Sales,new,2025-01-11 12:38:00
875,31,Web,Sales,working,2025-02-06 11:09:00
876,1,QR Code,Service,working,2025-01-07 15:25:00
877,26,Web,Sales,closed,2025-07-11 17:04:00
878,33,QR Code,Service,closed,2025-09-08 08:41:00
879,24,QR Code,Service,closed,2025-11-20 18:41:00
880,50,QR Code,Service,working,2025-02-17 14:45:00
881,58,QR Code,F&I,working,2025-02-11 10:53:00
882,38,QR Code,Sales,closed,2025-06-07 09:06:00
883,50,Call Center,Sales,new,2025-06-26 19:25:00
884,1,Web,Sales,new,2025-03-28 19:26:00
885,33,Web,Sales,new,2025-02-26 10:12:00
886,40,QR Code,Sales,working,2025-02-25 09:24:00
887,49,Call Center,Sales,new,2025-02-21 18:37:00
888,3,Call Center,Sales,new,2025-02-19 14:38:00
889,24,Web,F&I,new,2025-12-16 13:42:00
890,57,Call Center,Service,closed,2025-03-13 12:44:00
891,16,Web,Service,closed,2025-07-08 15:32:00
892,56,QR Code,Sales,working,2025-01-24 11:38:00
893,60,QR Code,F&I,new,2025-09-01 19:24:00
894,55,Call Center,Sales,new,2025-09-16 12:53:00
895,36,Call Center,F&I,new,2025-08-28 15:42:00
896,60,Web,Service,new,2025-06-17 19:16:00
897,58,Call Center,Service,closed,2025-12-10 18:46:00
898,5,Web,Sales,closed,2025-11-26 19:47:00
899,42,QR Code,F&I,working,2025-11-25 11:14:00
900,13,QR Code,Sales,working,2025-03-01 14:36:00
901,20,QR Code,Sales,working,2025-02-01 14:20:00
902,52,Call Center,Sales,closed,2025-12-14 17:14:00
903,19,Web,Service,new,2025-04-23 17:18:00
904,45,Web,F&I,closed,2025-03-05 17:30:00
905,14,Web,Service,working,2025-09-11 08:51:00
906,60,Web,Service,working,2025-04-02 18:58:00
907,2,Web,Sales,closed,2025-10-08 15:22:00
908,26,QR Code,Service,working,2025-02-06 19:59:00
909,56,QR Code,Sales,closed,2025-01-28 10:36:00
910,55,Call Center,Service,new,2025-10-22 14:27:00
911,11,Call Center,Sales,working,2025-01-29 10:03:00
912,26,Call Center,Sales,working,2025-05-06 15:19:00
913,12,QR Code,Sales,closed,2025-12-01 18:42:00
914,1,Call Center,Sales,working,2025-03-03 18:42:00
915,15,QR Code,Sales,closed,2025-01-12 15:17:00
916,7,Call Center,Sales,closed,2025-10-31 19:27:00
917,35,Web,Service,new,2025-04-05 14:35:00
918,51,Web,Sales,closed,2025-09-29 16:45:00
919,42,Call Center,F&I,new,2025-03-05 10:55:00
920,12,QR Code,Sales,working,2025-01-03 09:02:00
921,3,Call Center,Sales,working,2025-02-13 16:10:00
922,19,QR Code,Sales,closed,2025-12-04 15:44:00
923,10,Call Center,F&I,closed,2025-06-03 16:13:00
924,18,QR Code,Service,new,2025-03-07 16:16:00
925,45,QR Code,Sales,closed,2025-03-15 19:17:00
926,45,Call Center,Service,closed,2025-11-27 18:41:00
927,39,Web,Service,working,2025-03-25 14:24:00
928,41,Web,F&I,working,2025-02-15 10:55:00
929,18,Call Center,Sales,new,2025-01-06 14:06:00
930,8,QR Code,Service,working,2025-03-31 17:52:00
931,7,Web,Service,working,2025-09-28 16:17:00
932,58,Call Center,Sales,working,2025-01-25 10:22:00
933,44,QR Code,Sales,working,2025-09-30 15:37:00
934,47,Web,Service,new,2025-11-24 18:38:00
935,19,Web,Sales,closed,2025-05-22 11:19:00
936,6,Web,Service,new,2025-06-06 18:05:00
937,36,Call Center,F&I,working,2025-09-10 18:32:00
938,9,Web,Sales,closed,2025-09-03 16:44:00
939,45,QR Code,Sales,closed,2025-10-01 18:58:00
940,57,QR Code,Service,closed,2025-09-28 15:10:00
941,57,Call Center,Sales,working,2025-09-26 10:32:00
942,22,Call Center,Service,new,2025-12-14 12:19:00
943,40,Call Center,Sales,closed,2025-09-07 15:21:00
944,1,Web,Sales,new,2025-02-21 16:32:00
945,27,Web,Sales,closed,2025-03-05 12:14:00
946,7,QR Code,Service,new,2025-08-13 10:22:00
947,1,QR Code,Sales,new,2025-07-03 12:02:00
948,31,Web,Sales,working,2025-12-07 16:31:00
949,46,Web,Service,working,2025-03-07 16:46:00
950,54,Call Center,Sales,new,2025-07-19 08:08:00
951,22,QR Code,Service,working,2025-08-08 15:18:00
952,16,Call Center,F&I,closed,2025-05-24 11:42:00
953,13,QR Code,Service,new,2025-08-31 19:46:00
954,15,Call Center,Sales,working,2025-03-03 11:59:00
955,20,Call Center,Sales,working,2025-11-21 15:03:00
956,58,Call Center,Sales,new,2025-01-25 18:47:00
957,17,Web,Sales,new,2025-09-09 09:42:00
958,18,QR Code,Sales,new,2025-04-18 10:40:00
959,8,QR Code,F&I,closed,2025-01-22 11:12:00
960,60,Call Center,F&I,closed,2025-02-20 13:19:00
961,49,QR Code,Service,new,2025-04-14 10:12:00
962,29,QR Code,Sales,working,2025-11-19 09:30:00
963,19,QR Code,Sales,closed,2025-01-24 11:47:00
964,32,QR Code,F&I,new,2025-12-17 10:28:00
965,25,Web,Sales,working,2025-10-15 11:11:00
966,33,QR Code,Service,closed,2025-08-22 12:19:00
967,19,QR Code,Sales,new,2025-05-18 08:34:00
968,8,QR Code,Sales,closed,2025-01-01 13:20:00
969,19,Call Center,Service,new,2025-06-16 13:14:00
970,18,Web,F&I,closed,2025-04-01 18:55:00
971,50,Call Center,Service,closed,2025-10-26 14:41:00
972,21,Call Center,Sales,working,2025-05-18 10:28:00
973,30,Call Center,Sales,working,2025-04-05 19:11:00
974,2,Call Center,F&I,working,2025-06-08 18:38:00
975,26,QR Code,Sales,closed,2025-02-21 08:38:00
976,60,Call Center,Sales,new,2025-01-23 12:09:00
977,39,Call Center,F&I,new,2025-01-07 16:47:00
978,55,Call Center,Sales,closed,2025-02-13 15:52:00
979,41,Call Center,Sales,new,2025-10-06 09:34:00
980,19,QR Code,Sales,closed,2025-04-26 09:31:00
981,60,Call Center,Service,new,2025-02-13 14:33:00
982,59,QR Code,Sales,working,2025-09-13 19:51:00
983,37,QR Code,Sales,new,2025-08-07 13:08:00
984,27,QR Code,Sales,closed,2025-11-05 11:24:00
985,25,QR Code,Service,closed,2025-02-12 17:49:00
986,48,QR Code,Sales,working,2025-04-23 08:13:00
987,2,QR Code,Sales,new,2025-07-05 09:03:00
988,24,Web,Sales,closed,2025-03-13 14:15:00
989,25,QR Code,F&I,working,2025-01-14 08:44:00
990,16,Call Center,Sales,working,2025-02-09 10:48:00
991,47,Web,Service,closed,2025-06-22 08:18:00
992,30,QR Code,Service,closed,2025-10-11 16:19:00
993,28,Web,F&I,closed,2025-03-22 14:08:00
994,26,Call Center,Sales,new,2025-11-13 19:35:00
995,5,Web,Sales,closed,2025-08-28 14:52:00
996,55,Call Center,Sales,new,2025-06-21 16:06:00
997,41,Call Center,Sales,closed,2025-01-17 17:02:00
998,51,Call Center,Sales,new,2025-09-05 12:00:00
999,49,Web,Sales,working,2025-05-25 14:46:00
1000,33,QR Code,Service,new,2025-02-21 08:37:00
1001,31,Call Center,Sales,new,2025-10-28 18:29:00
1002,33,QR Code,Service,closed,2025-09-22 13:28:00
1003,22,Web,Service,working,2025-05-29 08:57:00
1004,44,Call Center,Sales,closed,2025-07-18 17:04:00
1005,37,Web,Sales,new,2025-11-18 10:49:00
1006,36,Web,Sales,working,2025-02-14 10:59:00
1007,49,QR Code,F&I,new,2025-08-15 17:31:00
1008,29,QR Code,Service,working,2025-07-07 13:05:00
1009,33,Web,F&I,closed,2025-08-19 08:39:00
1010,4,QR Code,Service,new,2025-05-06 10:54:00
1011,30,QR Code,F&I,working,2025-11-25 09:05:00
1012,14,Call Center,Sales,new,2025-09-01 16:09:00
1013,10,Call Center,Sales,new,2025-11-24 17:49:00
1014,41,Call Center,Sales,working,2025-04-01 14:05:00
1015,17,Call Center,Sales,working,2025-04-05 13:48:00
1016,51,QR Code,Sales,closed,2025-03-24 17:24:00
1017,36,Call Center,Sales,closed,2025-11-02 17:39:00
1018,56,Call Center,Service,closed,2025-06-12 14:16:00
1019,38,Call Center,Sales,new,2025-02-19 14:44:00
1020,44,Call Center,Sales,working,2025-10-23 08:19:00
1021,33,QR Code,Sales,working,2025-03-05 14:26:00
1022,30,Web,Sales,closed,2025-08-08 10:34:00
1023,54,Call Center,Service,closed,2025-02-23 14:06:00
1024,3,Web,F&I,new,2025-12-08 11:49:00
1025,51,Call Center,F&I,new,2025-07-22 16:18:00
1026,10,QR Code,Service,closed,2025-07-11 13:21:00
1027,26,QR Code,Sales,closed,2025-01-27 14:46:00
1028,9,Call Center,Service,working,2025-09-16 18:58:00
1029,38,Call Center,Service,closed,2025-03-20 09:36:00
1030,23,Call Center,Service,new,2025-04-06 12:12:00
1031,10,Call Center,Service,closed,2025-11-18 09:07:00
1032,6,Web,Service,new,2025-02-09 14:06:00
1033,59,Call Center,Sales,new,2025-08-19 10:42:00
1034,39,Call Center,F&I,working,2025-01-17 15:39:00
1035,1,QR Code,Service,new,2025-03-23 11:38:00
1036,8,Call Center,Sales,new,2025-04-22 09:46:00
1037,9,Web,Sales,new,2025-05-18 13:45:00
1038,19,QR Code,Service,working,2025-08-28 16:25:00
1039,17,Call Center,Service,closed,2025-03-30 12:25:00
1040,57,Web,Sales,working,2025-08-17 13:39:00
1041,53,Web,Sales,new,2025-02-02 16:16:00
1042,19,QR Code,F&I,closed,2025-11-06 13:25:00
1043,50,Call Center,Sales,closed,2025-06-10 08:45:00
1044,7,Web,Service,closed,2025-10-15 09:36:00
1045,27,Web,Sales,working,2025-12-16 11:12:00
1046,38,Call Center,Sales,working,2025-07-16 08:41:00
1047,37,Web,Sales,working,2025-01-03 08:57:00
1048,54,QR Code,Sales,working,2025-08-01 13:25:00
1049,30,QR Code,F&I,new,2025-09-10 13:39:00
1050,56,QR Code,Sales,new,2025-12-19 09:12:00
1051,52,QR Code,F&I,closed,2025-07-08 08:16:00
1052,3,Call Center,F&I,new,2025-02-26 12:21:00
1053,51,Web,Service,new,2025-07-14 17:29:00
1054,8,QR Code,Sales,working,2025-09-25 18:31:00
1055,21,Call Center,Sales,working,2025-09-05 19:05:00
1056,43,Web,Service,new,2025-04-21 15:06:00
1057,46,QR Code,Sales,closed,2025-08-21 09:58:00
1058,28,QR Code,Sales,closed,2025-03-26 18:06:00
1059,18,Web,Service,working,2025-01-15 13:16:00
1060,18,Call Center,Sales,working,2025-07-09 19:59:00
1061,32,Web,Sales,new,2025-09-23 18:15:00
1062,15,Call Center,F&I,closed,2025-02-28 12:15:00
1063,26,Call Center,Sales,closed,2025-07-21 12:31:00
1064,59,Web,Service,closed,2025-11-15 11:10:00
1065,43,Web,Sales,new,2025-08-31 12:56:00
1066,53,QR Code,Service,working,2025-01-09 11:33:00
1067,48,QR Code,Sales,working,2025-06-29 12:23:00
1068,56,Web,Sales,closed,2025-11-02 16:46:00
1069,10,Call Center,Service,new,2025-07-30 13:31:00
1070,7,QR Code,Service,working,2025-05-21 16:11:00
1071,18,Call Center,Sales,closed,2025-06-08 19:21:00
1072,8,Web,Sales,working,2025-08-10 12:07:00
1073,32,Call Center,Sales,new,2025-12-17 16:18:00
1074,43,Web,Sales,new,2025-03-25 12:00:00
1075,1,Web,Service,new,2025-08-09 08:16:00
1076,46,Call Center,F&I,new,2025-05-19 14:37:00
1077,19,Call Center,Sales,working,2025-04-23 11:51:00
1078,25,Web,F&I,new,2025-08-05 12:58:00
1079,13,Call Center,Sales,new,2025-05-09 12:19:00
1080,54,Call Center,Sales,working,2025-08-12 19:20:00
1081,27,Call Center,F&I,new,2025-08-25 14:05:00
1082,40,Call Center,Sales,working,2025-06-04 10:39:00
1083,1,QR Code,Sales,new,2025-08-25 09:03:00
1084,48,QR Code,Sales,closed,2025-10-27 08:44:00
1085,20,Web,Service,new,2025-01-04 09:04:00
1086,60,Web,Sales,new,2025-03-04 11:53:00
1087,17,QR Code,Sales,closed,2025-11-10 17:07:00
1088,19,QR Code,Sales,closed,2025-05-29 15:23:00
1089,26,QR Code,Service,working,2025-07-17 14:52:00
1090,58,QR Code,Sales,working,2025-12-03 10:29:00
1091,30,Call Center,F&I,working,2025-05-22 16:54:00
1092,14,QR Code,Sales,closed,2025-06-28 09:11:00
1093,23,QR Code,Sales,working,2025-12-02 19:54:00
1094,18,Web,F&I,new,2025-12-04 18:30:00
1095,50,QR Code,Sales,closed,2025-12-04 13:37:00
1096,23,QR Code,Service,new,2025-10-27 08:01:00
1097,11,Call Center,Service,working,2025-04-29 18:30:00
1098,47,Web,F&I,new,2025-07-16 17:16:00
1099,2,Web,Sales,working,2025-03-31 14:08:00
1100,37,Call Center,Sales,working,2025-10-12 15:43:00
1101,6,Call Center,Service,closed,2025-10-26 09:13:00
1102,5,Call Center,Service,closed,2025-06-24 18:33:00
1103,28,Web,F&I,closed,2025-11-17 09:08:00
1104,20,Call Center,Sales,new,2025-02-21 17:34:00
1105,5,Web,Sales,closed,2025-03-22 11:54:00
1106,58,QR Code,Sales,working,2025-02-26 18:01:00
1107,5,QR Code,Service,new,2025-10-16 13:04:00
1108,39,Call Center,F&I,working,2025-11-10 10:17:00
1109,7,Web,Sales,closed,2025-01-19 13:27:00
1110,13,QR Code,F&I,closed,2025-10-01 18:47:00
1111,8,Web,Sales,working,2025-11-12 14:58:00
1112,57,QR Code,Sales,new,2025-10-02 19:15:00
1113,5,Call Center,Sales,working,2025-01-30 08:20:00
1114,5,QR Code,Sales,closed,2025-05-09 19:52:00
1115,56,Call Center,Sales,working,2025-12-01 13:44:00
1116,32,Call Center,Sales,new,2025-05-24 16:14:00
1117,3,QR Code,Sales,working,2025-05-01 09:01:00
1118,6,Web,F&I,working,2025-01-31 15:01:00
1119,25,Call Center,Sales,working,2025-08-16 10:42:00
1120,49,Call Center,Service,working,2025-10-30 19:53:00
1121,56,QR Code,F&I,new,2025-08-07 09:35:00
1122,47,QR Code,Sales,working,2025-10-18 15:47:00
1123,16,Call Center,Sales,closed,2025-03-09 12:05:00
1124,50,Web,Sales,working,2025-10-05 08:39:00
1125,1,Web,Sales,working,2025-03-05 12:54:00
1126,31,QR Code,Sales,new,2025-11-23 17:05:00
1127,15,Call Center,Sales,closed,2025-11-19 18:03:00
1128,21,QR Code,Service,new,2025-01-22 19:16:00
1129,2,Web,Sales,new,2025-12-14 17:15:00
1130,5,Web,F&I,new,2025-11-25 08:20:00
1131,24,Web,F&I,working,2025-06-21 15:18:00
1132,11,Call Center,Sales,new,2025-07-08 17:01:00
1133,46,Call Center,Sales,closed,2025-06-26 08:42:00
1134,25,Call Center,F&I,new,2025-11-29 17:32:00
1135,41,QR Code,Sales,closed,2025-10-08 09:54:00
1136,52,QR Code,Sales,closed,2025-01-27 16:28:00
1137,48,QR Code,Sales,closed,2025-03-01 14:23:00
1138,15,Web,Sales,new,2025-08-18 16:15:00
1139,27,QR Code,Service,closed,2025-12-12 12:50:00
1140,37,QR Code,F&I,new,2025-09-11 10:56:00
1141,48,Call Center,F&I,working,2025-02-21 08:44:00
1142,45,Call Center,Service,new,2025-10-13 13:57:00
1143,22,QR Code,Service,closed,2025-10-30 08:04:00
1144,23,Web,Service,closed,2025-08-18 14:18:00
1145,45,QR Code,Sales,closed,2025-03-10 16:05:00
1146,21,Call Center,Sales,closed,2025-08-13 12:49:00
1147,38,Web,Sales,working,2025-09-18 13:48:00
1148,14,QR Code,Sales,closed,2025-08-09 13:06:00
1149,49,Call Center,Service,new,2025-02-24 09:13:00
1150,33,Call Center,Sales,new,2025-03-28 16:34:00
1151,1,Call Center,Sales,working,2025-09-08 17:27:00
1152,34,Web,Sales,new,2025-03-06 19:45:00
1153,8,Web,Sales,new,2025-08-16 10:17:00
1154,8,Call Center,Service,new,2025-07-01 19:04:00
1155,50,QR Code,Service,new,2025-02-07 14:06:00
1156,51,Web,Sales,closed,2025-09-24 18:53:00
1157,3,QR Code,Sales,new,2025-11-21 17:24:00
1158,15,Call Center,Sales,new,2025-12-11 15:52:00
1159,5,QR Code,Service,closed,2025-09-09 10:02:00
1160,31,QR Code,F&I,working,2025-09-29 11:56:00
1161,8,Web,F&I,working,2025-05-28 11:42:00
1162,52,QR Code,Sales,new,2025-09-08 08:18:00
1163,27,Web,Sales,working,2025-07-20 08:17:00
1164,15,Call Center,Sales,closed,2025-10-21 09:39:00
1165,9,QR Code,Sales,closed,2025-11-06 08:51:00
1166,34,Web,Sales,new,2025-04-18 16:25:00
1167,15,Call Center,F&I,working,2025-05-29 14:13:00
1168,16,Call Center,Service,closed,2025-01-07 09:32:00
1169,8,QR Code,Sales,closed,2025-07-13 12:55:00
1170,38,Call Center,Service,working,2025-07-20 13:27:00
1171,28,Call Center,F&I,closed,2025-02-17 12:30:00
1172,47,Web,Service,closed,2025-07-21 09:28:00
1173,7,Web,Sales,closed,2025-11-26 09:06:00
1174,14,QR Code,Sales,new,2025-09-08 14:39:00
1175,34,Call Center,Sales,working,2025-10-18 12:26:00
1176,56,Web,Service,closed,2025-01-03 15:34:00
1177,55,Call Center,Sales,new,2025-02-11 14:08:00
1178,11,QR Code,Sales,new,2025-09-24 15:55:00
1179,3,Web,Sales,closed,2025-08-06 15:08:00
1180,36,Web,Sales,new,2025-08-03 14:18:00
1181,57,Web,Sales,closed,2025-12-13 13:36:00
1182,10,QR Code,Service,closed,2025-05-29 19:23:00
1183,55,Call Center,Sales,working,2025-03-11 08:20:00
1184,13,QR Code,Sales,new,2025-02-18 08:39:00
1185,19,QR Code,Service,working,2025-08-07 17:49:00
1186,18,Web,Sales,new,2025-04-02 16:37:00
1187,25,QR Code,Service,closed,2025-06-19 17:17:00
1188,48,QR Code,F&I,new,2025-11-12 10:00:00
1189,14,QR Code,Sales,new,2025-02-16 15:55:00
1190,21,QR Code,Service,new,2025-06-04 16:25:00
1191,34,QR Code,Service,new,2025-02-10 18:53:00
1192,44,QR Code,F&I,closed,2025-03-03 13:11:00
1193,40,Call Center,Sales,new,2025-10-14 19:00:00
1194,1,Web,Sales,working,2025-11-07 18:30:00
1195,53,QR Code,F&I,closed,2025-01-16 18:29:00
1196,46,QR Code,Service,new,2025-03-20 09:26:00
1197,8,Web,Service,new,2025-01-29 13:06:00
1198,18,QR Code,Service,new,2025-04-10 13:53:00
1199,58,QR Code,Sales,closed,2025-06-12 19:23:00
1200,6,Web,Sales,closed,2025-03-30 11:44:00
1201,37,QR Code,F&I,new,2025-02-14 09:58:00
1202,50,Call Center,Sales,working,2025-03-28 15:05:00
1203,16,QR Code,Service,new,2025-06-07 19:48:00
1204,20,Web,Service,new,2025-01-28 12:08:00
1205,27,Call Center,Sales,new,2025-04-26 10:18:00
1206,54,Call Center,F&I,closed,2025-03-29 14:09:00
1207,19,Web,Service,closed,2025-04-17 16:53:00
1208,18,QR Code,Service,working,2025-02-16 11:29:00
1209,25,QR Code,F&I,working,2025-12-04 19:06:00
1210,56,Call Center,Sales,working,2025-01-05 13:41:00
1211,12,Web,Sales,closed,2025-07-03 10:48:00
1212,31,Web,Service,closed,2025-05-05 13:30:00
1213,20,Call Center,Service,closed,2025-01-21 09:26:00
1214,60,QR Code,F&I,closed,2025-06-03 11:36:00
1215,9,Web,Service,new,2025-12-06 09:19:00
1216,10,Web,Sales,working,2025-06-27 08:42:00
1217,28,QR Code,Sales,closed,2025-02-16 16:54:00
1218,1,Call Center,Sales,working,2025-09-02 16:43:00
1219,49,Web,Service,working,2025-03-10 18:46:00
1220,39,QR Code,Sales,working,2025-07-21 18:47:00
1221,2,QR Code,Sales,new,2025-04-24 13:23:00
1222,3,Web,Sales,working,2025-04-19 14:41:00
1223,17,Call Center,Sales,closed,2025-08-04 16:53:00
1224,52,Call Center,Sales,closed,2025-01-07 16:24:00
1225,1,QR Code,F&I,working,2025-09-06 14:49:00
1226,59,QR Code,Sales,working,2025-08-19 19:21:00
1227,24,Call Center,F&I,closed,2025-02-27 14:55:00
1228,10,Web,F&I,closed,2025-01-04 17:16:00
1229,3,Web,Sales,new,2025-03-04 17:43:00
1230,29,Web,Service,closed,2025-06-16 09:22:00
1231,35,Call Center,Sales,closed,2025-07-22 09:08:00
1232,41,Web,F&I,working,2025-09-10 15:44:00
1233,59,QR Code,Sales,new,2025-09-26 13:23:00
1234,47,Web,F&I,closed,2025-02-10 12:27:00
1235,54,Call Center,Service,closed,2025-08-10 12:19:00
1236,35,QR Code,Service,working,2025-05-05 17:30:00
1237,3,Web,F&I,closed,2025-11-06 12:17:00
1238,15,QR Code,Sales,new,2025-01-10 17:18:00
1239,39,QR Code,Sales,closed,2025-08-24 13:34:00
1240,10,QR Code,Sales,closed,2025-08-25 19:10:00
1241,17,Call Center,Service,closed,2025-07-26 09:40:00
1242,2,QR Code,Sales,closed,2025-03-21 13:36:00
1243,55,Call Center,Sales,new,2025-03-05 09:36:00
1244,21,QR Code,Sales,closed,2025-07-05 18:48:00
1245,33,QR Code,Sales,working,2025-10-02 15:48:00
1246,12,Call Center,Sales,closed,2025-12-16 14:26:00
1247,6,QR Code,Service,new,2025-11-03 13:39:00
1248,56,Call Center,Sales,closed,2025-04-09 11:11:00
1249,14,Web,Sales,closed,2025-10-23 17:28:00
1250,51,Web,Sales,new,2025-04-01 17:53:00
1251,44,Web,F&I,working,2025-12-13 14:04:00
1252,17,Call Center,Service,closed,2025-10-03 18:34:00
1253,29,QR Code,Sales,working,2025-09-04 19:49:00
1254,51,Call Center,Sales,working,2025-03-05 17:48:00
1255,47,Web,Sales,working,2025-03-28 10:58:00
1256,30,Call Center,Service,working,2025-09-09 12:44:00
1257,2,Web,Sales,closed,2025-04-24 12:19:00
1258,11,QR Code,Sales,closed,2025-10-18 15:43:00
1259,17,Call Center,Sales,new,2025-11-23 17:19:00
1260,34,Web,Service,new,2025-07-27 13:41:00
1261,42,QR Code,Sales,working,2025-03-28 14:00:00
1262,5,Call Center,Sales,new,2025-06-25 10:17:00
1263,47,QR Code,Sales,working,2025-03-03 15:36:00
1264,59,QR Code,Service,closed,2025-01-07 11:47:00
1265,18,QR Code,Service,closed,2025-10-11 09:51:00
1266,45,Call Center,Sales,closed,2025-11-30 15:11:00
1267,4,Call Center,Sales,closed,2025-04-17 15:29:00
1268,29,Web,Sales,closed,2025-02-12 17:13:00
1269,20,Call Center,Sales,new,2025-10-19 19:56:00
1270,1,Web,Service,working,2025-05-09 18:11:00
1271,44,QR Code,Sales,working,2025-10-15 09:48:00
1272,32,Web,F&I,closed,2025-01-04 15:31:00
1273,22,QR Code,Sales,new,2025-11-23 11:49:00
1274,31,QR Code,Sales,closed,2025-02-22 11:36:00
1275,21,Call Center,Service,new,2025-03-22 10:39:00
1276,21,Web,Service,working,2025-09-22 19:17:00
1277,29,Web,Sales,working,2025-06-07 08:48:00
1278,4,Web,Service,new,2025-07-29 15:49:00
1279,51,Web,Sales,closed,2025-07-15 11:51:00
1280,31,QR Code,Sales,closed,2025-01-24 15:15:00
1281,18,Web,Sales,working,2025-10-03 09:30:00
1282,56,QR Code,Sales,new,2025-03-19 16:05:00
1283,53,QR Code,Sales,new,2025-05-30 19:45:00
1284,55,Web,Service,new,2025-07-04 10:20:00
1285,42,Web,Sales,working,2025-07-30 08:53:00
1286,56,QR Code,Sales,closed,2025-06-17 13:40:00
1287,30,QR Code,F&I,new,2025-11-09 18:27:00
1288,30,QR Code,Sales,working,2025-08-20 09:11:00
1289,22,QR Code,Service,closed,2025-08-21 14:56:00
1290,55,QR Code,Service,working,2025-04-25 16:29:00
1291,13,Web,F&I,closed,2025-10-22 17:09:00
1292,55,Call Center,Sales,new,2025-01-21 13:55:00
1293,18,Call Center,Service,new,2025-04-30 10:56:00
1294,29,Web,Sales,closed,2025-03-05 19:13:00
1295,59,QR Code,Sales,new,2025-10-24 11:07:00
1296,48,Web,Service,working,2025-11-06 14:12:00
1297,52,Web,F&I,new,2025-08-04 13:23:00
1298,54,Web,F&I,closed,2025-02-03 12:14:00
1299,6,QR Code,Service,working,2025-11-30 08:17:00
1300,58,Call Center,Sales,new,2025-06-15 10:36:00
1301,19,QR Code,Sales,new,2025-07-10 14:11:00
1302,14,Web,Service,working,2025-06-06 17:20:00
1303,10,Call Center,Sales,closed,2025-07-28 19:33:00
1304,5,Web,Sales,working,2025-02-27 16:28:00
1305,17,Web,Service,working,2025-03-07 17:42:00
1306,31,QR Code,Service,closed,2025-09-10 11:08:00
1307,16,Web,Sales,closed,2025-04-26 12:21:00
1308,30,QR Code,Sales,closed,2025-12-09 12:48:00
1309,21,Web,Service,closed,2025-08-05 19:59:00
1310,48,QR Code,Sales,new,2025-07-17 10:00:00
1311,31,Call Center,Service,closed,2025-06-26 14:28:00
1312,30,Web,Sales,new,2025-11-15 19:17:00
1313,33,Web,F&I,new,2025-06-22 12:21:00
1314,32,Web,Service,closed,2025-10-09 13:48:00
1315,36,Call Center,F&I,working,2025-06-01 15:27:00
1316,6,Call Center,Sales,closed,2025-09-16 11:09:00
1317,15,Call Center,Service,working,2025-01-09 16:38:00
1318,37,QR Code,Sales,closed,2025-09-29 13:34:00
1319,35,Web,F&I,working,2025-11-09 08:25:00
1320,46,QR Code,Sales,closed,2025-10-12 17:38:00
1321,4,Call Center,Sales,new,2025-07-30 11:25:00
1322,42,Web,Sales,new,2025-08-03 13:04:00
1323,44,Call Center,Sales,closed,2025-03-19 12:48:00
1324,39,Call Center,Service,working,2025-08-30 09:34:00
1325,30,Call Center,F&I,closed,2025-03-20 13:56:00
1326,28,Call Center,F&I,closed,2025-10-27 15:48:00
1327,56,Call Center,F&I,closed,2025-07-05 15:53:00
1328,28,Call Center,Service,working,2025-08-04 19:46:00
1329,23,Call Center,Sales,working,2025-02-12 11:37:00
1330,32,QR Code,Service,working,2025-10-15 17:33:00
1331,43,Call Center,Service,closed,2025-07-15 18:06:00
1332,8,Web,Sales,closed,2025-05-03 17:26:00
1333,46,Web,Service,working,2025-01-21 15:36:00
1334,3,QR Code,Service,working,2025-07-24 18:58:00
1335,55,Web,Service,working,2025-05-10 13:15:00
1336,11,QR Code,Service,closed,2025-04-18 18:20:00
1337,49,Call Center,Service,new,2025-06-28 13:22:00
1338,48,Web,Service,new,2025-04-27 19:05:00
1339,21,Web,Service,working,2025-11-15 11:16:00
1340,32,Web,Service,working,2025-06-29 10:10:00
1341,19,QR Code,Sales,closed,2025-10-14 19:04:00
1342,10,QR Code,Sales,new,2025-06-24 14:06:00
1343,48,QR Code,Sales,new,2025-05-31 13:14:00
1344,15,QR Code,Service,new,2025-08-14 08:18:00
1345,37,Web,Sales,closed,2025-04-09 17:25:00
1346,57,QR Code,Sales,working,2025-07-18 12:27:00
1347,51,QR Code,Sales,working,2025-09-17 09:51:00
1348,15,QR Code,Service,closed,2025-06-28 11:29:00
1349,11,QR Code,Sales,closed,2025-01-12 08:57:00
1350,18,Web,F&I,closed,2025-10-19 08:45:00
1351,28,Web,Sales,working,2025-03-10 12:34:00
1352,20,Call Center,Sales,closed,2025-06-19 14:09:00
1353,44,Web,F&I,closed,2025-10-28 08:45:00
1354,38,Call Center,Service,closed,2025-03-03 14:46:00
1355,22,Call Center,F&I,closed,2025-02-15 19:43:00
1356,46,Web,Sales,new,2025-08-09 12:25:00
1357,34,Call Center,F&I,new,2025-05-12 16:03:00
1358,7,Call Center,F&I,closed,2025-03-28 08:00:00
1359,40,Call Center,Sales,working,2025-09-13 09:55:00
1360,10,Web,Sales,working,2025-11-04 19:54:00
1361,12,Call Center,Service,working,2025-09-17 08:39:00
1362,11,Web,Sales,new,2025-02-21 17:58:00
1363,8,QR Code,Sales,new,2025-12-09 13:09:00
1364,43,Web,F&I,closed,2025-12-02 17:44:00
1365,26,Web,Sales,new,2025-08-11 15:06:00
1366,50,QR Code,Sales,new,2025-12-17 11:05:00
1367,48,QR Code,Sales,working,2025-01-25 14:12:00
1368,33,Call Center,Sales,closed,2025-09-26 19:02:00
1369,7,Call Center,F&I,closed,2025-08-23 13:04:00
1370,32,QR Code,Service,new,2025-04-16 08:59:00
1371,15,Web,Sales,new,2025-07-10 17:15:00
1372,17,QR Code,Sales,closed,2025-08-05 12:13:00
1373,42,Web,Service,working,2025-05-20 14:24:00
1374,3,Call Center,Service,new,2025-08-18 09:40:00
1375,19,QR Code,Sales,new,2025-05-26 14:52:00
1376,13,QR Code,Service,new,2025-02-14 10:33:00
1377,31,Call Center,Sales,new,2025-09-03 14:11:00
1378,10,QR Code,Service,closed,2025-08-15 16:49:00
1379,50,QR Code,Sales,closed,2025-04-18 08:09:00
1380,26,Call Center,F&I,closed,2025-07-14 09:14:00
1381,5,QR Code,Sales,closed,2025-05-06 10:09:00
1382,2,QR Code,Sales,working,2025-11-13 13:02:00
1383,53,QR Code,Sales,new,2025-07-18 18:02:00
1384,5,QR Code,Service,working,2025-01-11 17:41:00
1385,40,Web,F&I,closed,2025-05-09 15:30:00
1386,10,QR Code,F&I,new,2025-08-21 10:18:00
1387,12,Web,F&I,working,2025-07-18 19:01:00
1388,55,Web,Sales,closed,2025-04-27 13:13:00
1389,27,Web,Service,working,2025-08-02 14:29:00
1390,56,QR Code,Sales,working,2025-12-04 16:55:00
1391,27,QR Code,Sales,working,2025-07-11 10:30:00
1392,11,Web,F&I,working,2025-12-04 10:28:00
1393,44,Call Center,Service,closed,2025-10-16 11:09:00
1394,21,QR Code,Sales,closed,2025-11-09 08:43:00
1395,21,Call Center,Service,new,2025-07-02 12:53:00
1396,52,Call Center,F&I,new,2025-10-15 10:26:00
1397,18,Call Center,F&I,closed,2025-12-20 10:58:00
1398,50,QR Code,Service,working,2025-01-11 15:37:00
1399,29,Web,F&I,closed,2025-01-11 13:56:00
1400,51,Call Center,F&I,working,2025-12-09 12:45:00
1401,51,Web,Service,working,2025-02-12 08:39:00
1402,27,Web,F&I,new,2025-03-28 16:17:00
1403,58,Web,Sales,new,2025-01-13 08:41:00
1404,22,Call Center,Sales,closed,2025-10-10 08:47:00
1405,20,Call Center,F&I,working,2025-07-14 14:02:00
1406,18,Web,Sales,closed,2025-07-12 14:26:00
1407,9,QR Code,Sales,new,2025-06-27 15:18:00
1408,9,Call Center,Sales,working,2025-02-24 09:09:00
1409,16,Call Center,Sales,new,2025-02-14 19:51:00
1410,41,QR Code,Sales,new,2025-06-19 08:45:00
1411,46,Web,Sales,closed,2025-02-10 11:30:00
1412,46,QR Code,Service,working,2025-09-11 12:46:00
1413,56,Web,Sales,new,2025-02-01 09:11:00
1414,17,QR Code,Sales,new,2025-03-15 19:07:00
1415,5,Call Center,Service,new,2025-04-07 10:25:00
1416,38,QR Code,Sales,closed,2025-06-01 12:13:00
1417,44,Web,Service,new,2025-05-09 08:04:00
1418,58,Call Center,F&I,closed,2025-08-17 09:20:00
1419,59,QR Code,Service,closed,2025-07-05 09:36:00
1420,49,Web,Sales,closed,2025-09-08 11:14:00
1421,3,Web,Sales,working,2025-12-20 13:59:00
1422,26,Web,Sales,new,2025-08-26 19:48:00
1423,26,Call Center,Sales,closed,2025-07-07 10:09:00
1424,12,Call Center,Sales,working,2025-04-22 10:17:00
1425,36,Call Center,Sales,closed,2025-05-23 19:31:00
1426,5,QR Code,Sales,working,2025-06-15 10:15:00
1427,22,Web,Service,working,2025-11-19 17:07:00
1428,34,Web,Service,closed,2025-05-25 10:23:00
1429,31,Call Center,Sales,working,2025-02-02 11:13:00
1430,45,Web,Service,working,2025-04-30 12:35:00
1431,37,QR Code,Sales,new,2025-04-28 11:31:00
1432,57,Web,Sales,new,2025-01-10 14:48:00
1433,47,Call Center,Sales,new,2025-05-17 12:45:00
1434,51,Web,Sales,working,2025-05-20 17:56:00
1435,33,Call Center,Service,working,2025-05-25 19:52:00
1436,20,Call Center,Sales,new,2025-05-14 08:41:00
1437,27,Web,Sales,new,2025-02-10 15:40:00
1438,30,Call Center,Service,working,2025-05-22 12:10:00
1439,21,Call Center,Sales,working,2025-01-09 16:30:00
1440,21,Call Center,Sales,new,2025-07-22 18:18:00
1441,9,Call Center,F&I,new,2025-09-12 10:06:00
1442,26,Call Center,Sales,closed,2025-10-07 14:44:00
1443,17,Call Center,Sales,closed,2025-04-27 16:01:00
1444,10,QR Code,Sales,working,2025-03-12 18:42:00
1445,36,Call Center,Sales,new,2025-02-04 11:14:00
1446,1,QR Code,Sales,working,2025-06-28 16:57:00
1447,26,Call Center,Sales,closed,2025-04-19 19:39:00
1448,21,Web,Sales,working,2025-05-14 15:01:00
1449,60,Call Center,Service,closed,2025-04-16 19:19:00
1450,44,QR Code,Service,working,2025-04-20 15:03:00
1451,15,Web,Sales,new,2025-10-18 12:00:00
1452,30,QR Code,Service,working,2025-07-20 15:35:00
1453,51,Call Center,Sales,new,2025-12-08 08:54:00
1454,47,Call Center,Sales,working,2025-10-18 11:41:00
1455,2,Call Center,F&I,working,2025-06-02 10:16:00
1456,57,Call Center,Sales,new,2025-09-01 19:15:00
1457,31,QR Code,Service,new,2025-02-02 09:25:00
1458,2,Web,Sales,working,2025-01-20 14:11:00
1459,37,QR Code,Sales,working,2025-01-23 19:18:00
1460,13,Call Center,Service,new,2025-05-17 11:44:00
1461,36,Call Center,Service,closed,2025-09-08 08:18:00
1462,35,Web,Service,working,2025-03-16 14:11:00
1463,24,Web,Service,new,2025-08-28 18:48:00
1464,44,Web,Sales,working,2025-10-05 09:38:00
1465,35,Call Center,F&I,working,2025-12-15 16:58:00
1466,41,QR Code,Sales,closed,2025-03-16 19:10:00
1467,37,Call Center,Service,working,2025-03-13 09:52:00
1468,17,QR Code,F&I,closed,2025-10-09 11:43:00
1469,22,Call Center,Sales,working,2025-09-08 16:59:00
1470,49,Call Center,Service,working,2025-02-24 10:53:00
1471,49,QR Code,Sales,closed,2025-04-07 09:31:00
1472,53,QR Code,Service,new,2025-04-18 08:01:00
1473,43,Call Center,Service,working,2025-07-26 13:24:00
1474,3,Web,F&I,working,2025-12-14 13:22:00
1475,7,QR Code,Sales,working,2025-08-05 18:31:00
1476,25,Web,Service,new,2025-01-20 15:16:00
1477,30,QR Code,Sales,closed,2025-07-14 15:02:00
1478,1,Call Center,Sales,closed,2025-12-17 08:59:00
1479,52,QR Code,Service,working,2025-10-02 17:07:00
1480,32,Web,Sales,new,2025-03-31 08:18:00
1481,28,QR Code,Sales,new,2025-02-26 11:30:00
1482,15,QR Code,Sales,working,2025-06-24 11:45:00
1483,39,Call Center,Sales,working,2025-10-16 19:27:00
1484,3,Web,Sales,working,2025-05-23 09:04:00
1485,6,Call Center,Service,working,2025-10-20 18:34:00
1486,8,Call Center,Sales,new,2025-10-14 12:08:00
1487,26,Web,Sales,new,2025-01-06 09:33:00
1488,38,Call Center,Sales,new,2025-09-29 13:58:00
1489,7,Web,Sales,closed,2025-03-30 16:54:00
1490,10,Call Center,F&I,new,2025-12-08 09:30:00
1491,41,Call Center,Service,working,2025-07-05 08:48:00
1492,26,QR Code,Service,new,2025-08-19 19:58:00
1493,11,QR Code,Sales,working,2025-05-04 09:27:00
1494,27,QR Code,Sales,new,2025-02-03 18:02:00
1495,39,Web,F&I,working,2025-06-17 16:31:00
1496,51,Call Center,Sales,new,2025-10-21 19:31:00
1497,35,QR Code,Service,working,2025-09-22 18:17:00
1498,56,QR Code,Sales,working,2025-05-28 13:58:00
1499,39,QR Code,Service,closed,2025-08-06 10:51:00
1500,19,QR Code,Service,closed,2025-04-08 16:35:00
1501,19,Call Center,Sales,closed,2025-11-23 13:11:00
1502,52,Web,Sales,working,2025-09-12 19:17:00
1503,30,Web,Sales,closed,2025-10-03 09:16:00
1504,36,Web,Sales,working,2025-10-26 11:17:00
1505,25,Call Center,Sales,new,2025-06-10 13:48:00
1506,4,Call Center,Sales,closed,2025-01-22 16:17:00
1507,37,Call Center,Sales,closed,2025-01-31 19:17:00
1508,60,Web,Service,new,2025-10-10 08:35:00
1509,49,Call Center,Service,working,2025-04-23 11:34:00
1510,11,QR Code,Service,working,2025-02-16 15:07:00
1511,59,Web,Sales,new,2025-04-23 18:19:00
1512,27,Web,Sales,working,2025-08-16 17:48:00
1513,57,Web,Sales,working,2025-09-26 16:39:00
1514,26,Call Center,Sales,working,2025-04-17 12:15:00
1515,58,Web,Service,working,2025-04-29 08:43:00
1516,16,QR Code,Sales,closed,2025-11-27 08:24:00
1517,24,Call Center,Sales,closed,2025-07-15 15:58:00
1518,17,Call Center,Sales,closed,2025-09-03 18:33:00
1519,52,Call Center,F&I,working,2025-04-11 08:48:00
1520,19,Web,Sales,new,2025-03-14 11:26:00
1521,31,Call Center,Sales,new,2025-08-05 17:45:00
1522,10,Call Center,Sales,new,2025-10-01 13:54:00
1523,26,Call Center,Sales,new,2025-03-11 10:15:00
1524,54,QR Code,Service,working,2025-07-08 11:29:00
1525,5,Call Center,Sales,working,2025-07-13 16:51:00
1526,42,Web,Service,closed,2025-09-24 19:53:00
1527,49,QR Code,F&I,new,2025-05-09 16:54:00
1528,20,Call Center,Sales,new,2025-07-11 08:13:00
1529,9,Web,Sales,new,2025-11-29 08:57:00
1530,57,Web,Sales,new,2025-04-15 11:09:00
1531,60,Web,Sales,working,2025-02-21 15:58:00
1532,36,Call Center,F&I,working,2025-09-02 09:22:00
1533,36,Call Center,Sales,new,2025-05-19 18:33:00
1534,52,QR Code,Sales,working,2025-09-22 15:27:00
1535,3,QR Code,Service,closed,2025-12-08 16:04:00
1536,10,Web,Service,working,2025-07-13 19:46:00
1537,10,Call Center,Sales,working,2025-03-14 12:25:00
1538,13,Call Center,Sales,closed,2025-08-02 12:58:00
1539,5,Web,F&I,new,2025-04-23 18:31:00
1540,24,Web,Sales,closed,2025-08-29 19:21:00
1541,21,Call Center,Service,closed,2025-09-27 17:33:00
1542,52,Call Center,Sales,new,2025-11-01 14:30:00
1543,53,QR Code,Sales,new,2025-03-17 11:29:00
1544,60,QR Code,Sales,working,2025-02-20 14:47:00
1545,60,Call Center,Service,new,2025-12-06 14:25:00
1546,10,Web,F&I,working,2025-08-01 13:07:00
1547,40,Web,Sales,working,2025-03-26 17:24:00
1548,7,Call Center,Service,new,2025-02-12 10:34:00
1549,3,Web,F&I,working,2025-03-10 18:43:00
1550,45,QR Code,Sales,new,2025-07-02 10:57:00
1551,53,Call Center,F&I,working,2025-04-09 09:17:00
1552,40,Call Center,Service,working,2025-09-27 10:04:00
1553,3,Web,Service,closed,2025-07-21 15:51:00
1554,52,Web,Service,new,2025-05-01 11:29:00
1555,47,Web,Service,closed,2025-02-07 13:37:00
1556,36,Web,F&I,new,2025-10-28 15:41:00
1557,32,QR Code,F&I,closed,2025-08-26 13:28:00
1558,51,Web,Sales,working,2025-03-26 13:09:00
1559,47,Web,Sales,new,2025-04-03 18:23:00
1560,52,Web,Sales,new,2025-11-11 15:49:00
1561,33,Call Center,Sales,closed,2025-04-14 18:54:00
1562,33,QR Code,Sales,closed,2025-05-21 17:39:00
1563,13,QR Code,Service,working,2025-08-11 19:37:00
1564,41,Web,Service,working,2025-02-02 15:58:00
1565,37,Web,Service,new,2025-04-29 15:16:00
1566,26,Call Center,Sales,new,2025-05-16 11:52:00
1567,35,Web,Sales,closed,2025-10-07 18:50:00
1568,36,Call Center,F&I,working,2025-05-28 16:46:00
1569,7,QR Code,Service,new,2025-03-08 18:18:00
1570,27,Web,Sales,new,2025-03-24 13:06:00
1571,19,QR Code,Service,closed,2025-06-08 09:04:00
1572,56,Call Center,F&I,new,2025-03-04 12:11:00
1573,31,QR Code,Sales,new,2025-12-09 13:50:00
1574,59,Call Center,F&I,new,2025-11-14 10:21:00
1575,33,Call Center,Sales,closed,2025-07-26 18:30:00
1576,48,QR Code,Sales,closed,2025-02-04 15:35:00
1577,25,QR Code,Sales,new,2025-06-14 08:28:00
1578,1,Web,Sales,new,2025-06-11 17:33:00
1579,8,Call Center,Sales,closed,2025-10-31 16:46:00
1580,8,Call Center,Service,closed,2025-11-16 13:15:00
1581,43,QR Code,Sales,working,2025-03-12 10:17:00
1582,48,Web,Sales,working,2025-06-03 13:11:00
1583,56,QR Code,Service,new,2025-03-12 13:07:00
1584,38,Call Center,Sales,working,2025-02-10 16:48:00
1585,20,QR Code,Sales,working,2025-10-10 08:19:00
1586,27,QR Code,Sales,closed,2025-02-17 08:08:00
1587,24,QR Code,Sales,new,2025-07-27 17:35:00
1588,16,Web,Sales,closed,2025-02-11 17:44:00
1589,41,Web,Sales,closed,2025-01-09 10:10:00
1590,53,QR Code,Sales,working,2025-12-16 08:43:00
1591,4,Call Center,Service,working,2025-08-09 11:52:00
1592,19,Call Center,Service,new,2025-05-18 19:26:00
1593,48,QR Code,Sales,new,2025-05-10 18:37:00
1594,48,QR Code,Sales,working,2025-01-24 10:13:00
1595,14,Call Center,Sales,closed,2025-08-17 09:55:00
1596,13,Call Center,Sales,working,2025-11-22 11:55:00
1597,43,Web,Sales,working,2025-05-05 14:03:00
1598,19,Web,Sales,working,2025-04-15 10:18:00
1599,23,QR Code,Sales,new,2025-06-05 19:55:00
1600,9,Call Center,Service,working,2025-01-09 11:35:00
1601,52,QR Code,Sales,new,2025-06-08 17:56:00
1602,40,QR Code,F&I,closed,2025-10-22 15:33:00
1603,1,Call Center,Sales,closed,2025-09-04 12:46:00
1604,17,QR Code,Sales,working,2025-05-20 18:53:00
1605,37,Web,Sales,working,2025-10-16 17:12:00
1606,21,Web,Sales,new,2025-01-24 16:21:00
1607,9,Web,F&I,new,2025-04-29 15:26:00
1608,15,Call Center,Sales,new,2025-04-20 12:00:00
1609,27,Web,Service,working,2025-03-03 11:05:00
1610,48,Call Center,Sales,closed,2025-11-19 12:34:00
1611,51,Web,Sales,closed,2025-07-30 17:14:00
1612,18,Web,Service,working,2025-01-01 15:35:00
1613,2,QR Code,Sales,closed,2025-02-19 12:12:00
1614,30,QR Code,Sales,closed,2025-02-01 10:02:00
1615,10,Call Center,Service,new,2025-12-19 15:24:00
1616,7,Call Center,Sales,new,2025-02-13 14:06:00
1617,44,QR Code,F&I,closed,2025-09-29 13:56:00
1618,40,Web,Sales,closed,2025-08-16 11:59:00
1619,50,Call Center,Sales,working,2025-01-11 16:29:00
1620,56,Call Center,Service,new,2025-10-25 08:14:00
1621,35,QR Code,Sales,closed,2025-02-27 17:45:00
1622,9,QR Code,Sales,new,2025-01-28 10:15:00
1623,33,QR Code,F&I,new,2025-11-07 16:35:00
1624,53,Call Center,Sales,new,2025-04-02 10:51:00
1625,45,Call Center,Sales,closed,2025-11-22 15:04:00
1626,49,Call Center,Service,closed,2025-01-06 08:55:00
1627,2,Web,Sales,closed,2025-02-12 18:37:00
1628,35,Web,Sales,closed,2025-11-28 19:38:00
1629,33,Web,Service,working,2025-11-27 10:05:00
1630,53,QR Code,Service,new,2025-05-28 13:24:00
1631,23,Web,Sales,closed,2025-11-22 16:17:00
1632,43,Web,Sales,new,2025-01-26 17:24:00
1633,36,QR Code,Sales,working,2025-01-21 11:15:00
1634,50,QR Code,F&I,closed,2025-11-16 10:08:00
1635,8,QR Code,Service,working,2025-10-12 18:46:00
1636,16,Call Center,Sales,new,2025-09-22 16:41:00
1637,40,Web,Service,closed,2025-12-14 17:41:00
1638,47,Web,Sales,new,2025-06-07 11:56:00
1639,14,Web,F&I,working,2025-02-23 09:29:00
1640,53,Web,F&I,closed,2025-07-19 14:10:00
1641,15,Web,Sales,closed,2025-12-12 10:18:00
1642,53,QR Code,F&I,new,2025-09-29 11:46:00
1643,18,QR Code,F&I,working,2025-06-19 17:53:00
1644,44,Web,Sales,closed,2025-12-19 18:03:00
1645,19,Call Center,F&I,new,2025-05-03 13:12:00
1646,17,Web,F&I,new,2025-10-28 14:46:00
1647,30,QR Code,Sales,new,2025-03-05 11:37:00
1648,15,Web,F&I,closed,2025-01-21 09:05:00
1649,40,Web,Service,working,2025-09-16 14:06:00
1650,1,Call Center,Sales,new,2025-01-06 08:37:00
1651,16,Web,Sales,closed,2025-12-19 19:31:00
1652,1,QR Code,Sales,working,2025-11-14 17:50:00
1653,19,Call Center,Sales,working,2025-04-26 13:53:00
1654,39,QR Code,Sales,new,2025-11-05 15:17:00
1655,47,Call Center,Sales,working,2025-05-31 19:02:00
1656,41,Web,Sales,working,2025-01-11 14:27:00
1657,48,QR Code,Service,new,2025-01-24 19:08:00
1658,24,Web,F&I,new,2025-07-19 08:24:00
1659,22,Call Center,Service,closed,2025-07-02 16:11:00
1660,42,QR Code,Sales,closed,2025-03-15 12:18:00
1661,3,Call Center,Sales,closed,2025-03-01 08:50:00
1662,59,QR Code,F&I,new,2025-10-09 14:02:00
1663,2,Call Center,Sales,closed,2025-11-07 17:45:00
1664,17,Call Center,Sales,closed,2025-10-26 19:36:00
1665,41,QR Code,Sales,working,2025-08-04 18:18:00
1666,42,QR Code,Service,closed,2025-11-06 18:48:00
1667,30,QR Code,Sales,closed,2025-02-15 13:37:00
1668,51,Call Center,F&I,new,2025-04-10 10:53:00
1669,53,Web,Service,working,2025-04-25 14:36:00
1670,4,QR Code,Service,closed,2025-07-28 15:09:00
1671,48,Web,Sales,closed,2025-04-21 11:33:00
1672,21,QR Code,Service,working,2025-12-10 18:15:00
1673,34,QR Code,F&I,new,2025-03-12 12:52:00
1674,37,Web,Sales,closed,2025-11-09 10:25:00
1675,23,QR Code,Sales,closed,2025-10-06 12:05:00
1676,25,Web,Sales,closed,2025-10-21 09:59:00
1677,1,Web,Service,new,2025-10-15 18:53:00
1678,10,QR Code,Sales,working,2025-04-08 09:16:00
1679,50,Web,Sales,new,2025-05-17 17:50:00
1680,55,Web,Service,new,2025-09-18 08:53:00
1681,31,Call Center,Sales,closed,2025-04-25 14:38:00
1682,25,Call Center,Sales,closed,2025-09-15 11:52:00
1683,53,Call Center,F&I,working,2025-01-14 16:03:00
1684,18,Web,Service,new,2025-02-11 19:20:00
1685,29,Web,Service,new,2025-11-25 19:23:00
1686,19,Call Center,Sales,working,2025-07-20 10:46:00
1687,53,Web,F&I,new,2025-08-31 17:44:00
1688,5,Call Center,Sales,closed,2025-05-15 18:34:00
1689,60,Web,Service,new,2025-06-10 11:22:00
1690,26,Web,Sales,new,2025-02-25 15:00:00
1691,53,QR Code,Sales,working,2025-09-20 15:34:00
1692,23,Call Center,Sales,working,2025-07-12 09:57:00
1693,19,Web,Sales,closed,2025-06-07 10:55:00
1694,4,Web,Sales,new,2025-03-14 09:27:00
1695,26,QR Code,Sales,new,2025-08-29 15:47:00
1696,43,Call Center,F&I,new,2025-09-20 08:53:00
1697,7,Call Center,Sales,working,2025-11-18 10:36:00
1698,49,Call Center,F&I,closed,2025-08-07 11:56:00
1699,32,QR Code,Service,working,2025-10-29 14:43:00
1700,8,Web,Service,working,2025-08-21 15:15:00
1701,34,Call Center,Sales,new,2025-03-17 14:34:00
1702,56,Web,Sales,working,2025-12-04 16:28:00
1703,44,Web,Sales,closed,2025-05-16 09:33:00
1704,60,Call Center,F&I,new,2025-03-31 13:36:00
1705,44,Call Center,Sales,closed,2025-05-18 16:18:00
1706,56,Call Center,Sales,new,2025-01-09 13:51:00
1707,47,QR Code,Service,closed,2025-11-03 12:41:00
1708,5,Call Center,Sales,working,2025-11-28 18:34:00
1709,16,Web,Sales,working,2025-10-06 11:34:00
1710,43,Call Center,F&I,working,2025-04-06 12:24:00
1711,40,QR Code,Service,working,2025-02-02 15:39:00
1712,33,QR Code,Service,new,2025-09-12 13:33:00
1713,32,QR Code,Sales,closed,2025-01-20 16:00:00
1714,56,Web,Sales,closed,2025-07-04 13:43:00
1715,12,Web,Sales,new,2025-06-25 16:25:00
1716,48,Web,Service,new,2025-10-22 11:34:00
1717,60,Call Center,Sales,new,2025-10-21 12:05:00
1718,59,Call Center,Sales,working,2025-06-17 19:59:00
1719,38,QR Code,Sales,closed,2025-04-24 17:50:00
1720,7,QR Code,Sales,closed,2025-04-25 14:23:00
1721,2,Web,Service,closed,2025-11-09 12:52:00
1722,58,QR Code,Sales,new,2025-09-20 15:38:00
1723,18,Call Center,Service,new,2025-01-20 14:19:00
1724,14,Web,Service,closed,2025-08-03 09:15:00
1725,29,Call Center,Sales,closed,2025-06-12 12:54:00
1726,12,Web,Service,new,2025-08-22 19:37:00
1727,18,Call Center,Sales,closed,2025-07-04 16:35:00
1728,23,Call Center,F&I,working,2025-07-25 16:51:00
1729,50,Web,Sales,working,2025-08-08 17:32:00
1730,48,Web,Sales,working,2025-12-09 19:37:00
1731,8,QR Code,Sales,working,2025-02-12 08:08:00
1732,1,Call Center,Sales,working,2025-01-21 13:40:00
1733,53,Web,F&I,new,2025-03-01 11:00:00
1734,48,QR Code,Sales,working,2025-04-04 12:54:00
1735,32,Call Center,Sales,closed,2025-12-20 15:46:00
1736,42,Call Center,Service,new,2025-07-31 13:54:00
1737,35,QR Code,Sales,new,2025-02-24 10:12:00
1738,57,Call Center,Service,closed,2025-11-27 09:03:00
1739,14,Web,Sales,closed,2025-10-11 10:49:00
1740,58,Web,Sales,working,2025-06-29 19:23:00
1741,18,Call Center,Sales,closed,2025-09-05 08:20:00
1742,58,QR Code,Sales,new,2025-12-03 14:03:00
1743,5,QR Code,Sales,working,2025-08-23 19:46:00
1744,21,Call Center,Sales,closed,2025-04-04 17:13:00
1745,57,Call Center,Service,working,2025-03-29 18:54:00
1746,41,Call Center,Sales,new,2025-06-05 11:57:00
1747,58,Call Center,Sales,working,2025-10-04 12:26:00
1748,11,Web,Sales,new,2025-07-21 17:21:00
1749,8,Web,Service,closed,2025-04-03 15:00:00
1750,32,Call Center,Sales,working,2025-02-27 10:37:00
1751,59,Call Center,Sales,new,2025-09-23 18:48:00
1752,9,Web,Service,closed,2025-07-06 08:35:00
1753,44,QR Code,Sales,closed,2025-08-27 15:22:00
1754,45,QR Code,Sales,new,2025-07-10 11:40:00
1755,51,Web,Sales,new,2025-10-21 13:53:00
1756,14,Call Center,Sales,new,2025-10-20 18:36:00
1757,56,Call Center,Sales,new,2025-09-19 08:36:00
1758,41,QR Code,Sales,new,2025-03-19 10:07:00
1759,60,Web,Sales,closed,2025-08-24 10:03:00
1760,9,Call Center,Sales,closed,2025-04-03 08:28:00
1761,16,QR Code,Service,new,2025-04-12 08:18:00
1762,28,Web,Sales,new,2025-07-14 18:11:00
1763,19,Call Center,Sales,new,2025-04-01 16:43:00
1764,9,QR Code,Sales,new,2025-03-18 08:53:00
1765,13,Web,Service,new,2025-07-07 19:47:00
1766,52,QR Code,Service,closed,2025-04-20 13:08:00
1767,38,Call Center,Service,new,2025-09-12 15:07:00
1768,25,Call Center,Sales,new,2025-06-07 12:04:00
1769,50,Call Center,Sales,working,2025-03-21 08:27:00
1770,47,Web,Sales,closed,2025-02-13 08:26:00
1771,46,Call Center,Sales,new,2025-05-27 08:39:00
1772,38,Web,Sales,working,2025-12-13 10:15:00
1773,8,QR Code,Sales,new,2025-01-23 16:07:00
1774,11,QR Code,Sales,new,2025-08-05 16:06:00
1775,43,Web,Sales,closed,2025-07-07 08:55:00
1776,22,Web,Sales,closed,2025-02-01 08:26:00
1777,18,Web,Sales,working,2025-09-09 10:07:00
1778,2,QR Code,Sales,working,2025-01-09 16:55:00
1779,1,Call Center,F&I,new,2025-06-20 17:25:00
1780,6,QR Code,Sales,new,2025-06-30 10:44:00
1781,2,Call Center,F&I,working,2025-01-17 14:27:00
1782,8,Call Center,Sales,closed,2025-05-10 12:37:00
1783,46,QR Code,Sales,new,2025-11-20 13:15:00
1784,46,Web,Service,new,2025-02-03 12:39:00
1785,3,Web,Service,closed,2025-10-29 15:59:00
1786,51,QR Code,F&I,closed,2025-11-07 11:41:00
1787,39,QR Code,Sales,working,2025-10-12 14:06:00
1788,16,Call Center,Service,working,2025-04-30 10:13:00
1789,33,QR Code,Sales,closed,2025-12-09 17:58:00
1790,17,Web,Service,closed,2025-03-26 10:01:00
1791,11,QR Code,Service,closed,2025-12-05 18:40:00
1792,37,QR Code,Sales,closed,2025-09-20 15:57:00
1793,33,QR Code,F&I,closed,2025-11-17 16:01:00
1794,55,QR Code,F&I,working,2025-02-06 12:34:00
1795,60,QR Code,F&I,closed,2025-04-30 13:28:00
1796,35,Call Center,Service,working,2025-03-30 16:02:00
1797,26,QR Code,Service,new,2025-02-16 16:57:00
1798,58,Call Center,Sales,working,2025-09-16 17:42:00
1799,31,QR Code,Sales,new,2025-12-07 17:22:00
1800,8,Web,Sales,closed,2025-07-01 18:15:00
1801,22,Web,Sales,working,2025-07-13 17:51:00
1802,43,QR Code,Sales,working,2025-12-10 18:02:00
1803,60,QR Code,Service,closed,2025-08-04 14:24:00
1804,29,Call Center,Sales,new,2025-01-06 14:09:00
1805,37,Web,Sales,closed,2025-04-24 19:32:00
1806,49,Web,Service,new,2025-09-27 14:01:00
1807,5,Web,Sales,new,2025-02-15 17:57:00
1808,47,Web,Service,closed,2025-05-08 18:52:00
1809,27,Web,Sales,new,2025-01-01 08:58:00
1810,2,Web,F&I,working,2025-03-26 12:31:00
1811,51,Web,Sales,new,2025-10-18 15:48:00
1812,58,QR Code,Sales,working,2025-02-03 17:34:00
1813,35,Call Center,Sales,closed,2025-11-19 08:55:00
1814,21,Call Center,F&I,closed,2025-11-15 14:16:00
1815,26,QR Code,Sales,closed,2025-11-13 14:36:00
1816,4,Call Center,Service,closed,2025-02-26 17:43:00
1817,57,Web,Sales,working,2025-01-23 09:27:00
1818,4,QR Code,Sales,closed,2025-04-27 14:13:00
1819,39,Web,Sales,new,2025-01-29 08:38:00
1820,37,Call Center,Sales,closed,2025-06-04 12:11:00
1821,56,QR Code,Sales,working,2025-10-13 14:03:00
1822,24,Web,Sales,new,2025-09-08 17:28:00
1823,20,Call Center,Sales,closed,2025-06-13 17:01:00
1824,45,Call Center,Sales,closed,2025-05-29 13:38:00
1825,15,Call Center,Service,closed,2025-01-28 14:10:00
1826,8,Call Center,Sales,working,2025-03-31 14:56:00
1827,6,Web,Service,new,2025-04-01 09:23:00
1828,55,Web,Sales,closed,2025-09-15 18:24:00
1829,1,Call Center,Sales,closed,2025-10-02 16:25:00
1830,57,Web,F&I,new,2025-07-03 12:28:00
1831,5,QR Code,Sales,new,2025-03-17 08:13:00
1832,30,Web,F&I,closed,2025-10-11 10:23:00
1833,33,Web,Sales,closed,2025-03-31 16:44:00
1834,33,Web,Sales,working,2025-06-16 08:02:00
1835,28,Web,Service,working,2025-05-11 18:29:00
1836,19,QR Code,Service,closed,2025-10-03 15:43:00
1837,47,Web,Sales,working,2025-02-13 11:15:00
1838,42,QR Code,Service,working,2025-11-25 10:01:00
1839,42,Call Center,Service,new,2025-10-05 17:50:00
1840,35,Call Center,Sales,new,2025-09-15 13:54:00
1841,7,Call Center,Service,working,2025-09-21 15:30:00
1842,28,QR Code,Sales,closed,2025-01-28 13:44:00
1843,1,QR Code,Service,closed,2025-11-25 18:20:00
1844,17,QR Code,Sales,closed,2025-10-03 17:37:00
1845,45,Call Center,Sales,working,2025-11-03 15:37:00
1846,54,Call Center,Sales,working,2025-09-03 18:08:00
1847,25,Call Center,Sales,new,2025-05-10 16:41:00
1848,10,QR Code,Service,working,2025-02-27 08:25:00
1849,11,Call Center,F&I,closed,2025-10-18 16:59:00
1850,12,Call Center,Sales,closed,2025-01-02 14:29:00
1851,43,QR Code,Sales,working,2025-10-13 09:00:00
1852,16,Call Center,Sales,new,2025-11-25 15:17:00
1853,38,QR Code,Service,new,2025-06-11 08:12:00
1854,2,Web,F&I,new,2025-08-23 13:52:00
1855,22,Web,Sales,new,2025-10-29 13:01:00
1856,3,Web,F&I,closed,2025-08-12 14:27:00
1857,58,Web,Sales,working,2025-04-26 16:20:00
1858,36,Web,Sales,new,2025-04-10 12:35:00
1859,15,Web,Sales,closed,2025-10-04 18:36:00
1860,24,Web,Service,working,2025-01-16 10:23:00
1861,16,Call Center,F&I,new,2025-03-06 14:56:00
1862,23,QR Code,Sales,closed,2025-08-21 10:24:00
1863,5,Web,Sales,working,2025-08-25 09:29:00
1864,25,Call Center,Service,new,2025-11-05 16:43:00
1865,42,Call Center,Sales,closed,2025-10-10 19:37:00
1866,31,QR Code,Sales,working,2025-06-21 08:51:00
1867,59,QR Code,Service,working,2025-05-16 10:06:00
1868,23,Web,Sales,new,2025-12-15 13:27:00
1869,9,QR Code,Sales,working,2025-01-02 15:53:00
1870,15,Web,Sales,new,2025-06-25 15:10:00
1871,59,QR Code,Sales,closed,2025-10-14 12:00:00
1872,9,Call Center,Sales,closed,2025-08-03 13:00:00
1873,4,Call Center,Sales,new,2025-02-16 17:11:00
1874,57,QR Code,Sales,new,2025-02-25 14:05:00
1875,3,Call Center,F&I,working,2025-07-05 08:52:00
1876,13,Call Center,Sales,working,2025-01-23 17:20:00
1877,1,Web,F&I,closed,2025-09-05 09:56:00
1878,30,QR Code,Sales,new,2025-07-31 14:22:00
1879,6,QR Code,Sales,new,2025-11-16 15:12:00
1880,52,Call Center,Sales,closed,2025-10-03 09:02:00
1881,15,Call Center,Sales,working,2025-12-17 11:56:00
1882,47,Web,Sales,new,2025-07-04 13:55:00
1883,27,Call Center,Sales,working,2025-09-29 16:27:00
1884,17,QR Code,Sales,closed,2025-06-03 12:11:00
1885,4,Web,F&I,closed,2025-08-17 08:25:00
1886,1,Call Center,Sales,working,2025-11-01 13:06:00
1887,7,Call Center,F&I,new,2025-04-30 15:49:00
1888,4,QR Code,Sales,closed,2025-12-18 08:25:00
1889,24,Web,Service,working,2025-04-30 19:05:00
1890,1,QR Code,Sales,working,2025-02-12 13:50:00
1891,37,Call Center,Sales,working,2025-07-02 19:58:00
1892,57,Web,Sales,working,2025-11-13 08:53:00
1893,4,QR Code,Service,closed,2025-07-01 13:41:00
1894,14,QR Code,Sales,closed,2025-06-05 17:07:00
1895,35,QR Code,Service,new,2025-06-03 11:41:00
1896,22,Call Center,Sales,new,2025-03-17 08:03:00
1897,5,Web,Service,working,2025-10-07 12:02:00
1898,58,Web,Sales,closed,2025-05-04 18:08:00
1899,14,Call Center,Sales,working,2025-12-06 12:37:00
1900,24,Call Center,Sales,working,2025-04-26 15:24:00
1901,55,Web,Sales,new,2025-03-22 10:40:00
1902,30,Web,Sales,new,2025-10-03 18:11:00
1903,37,Call Center,Service,working,2025-03-18 13:54:00
1904,58,QR Code,Sales,new,2025-08-04 08:40:00
1905,35,Web,Sales,new,2025-10-12 08:09:00
1906,8,Web,Sales,new,2025-02-15 10:39:00
1907,19,Web,F&I,working,2025-12-14 13:48:00
1908,37,QR Code,Sales,closed,2025-10-12 10:05:00
1909,52,Call Center,F&I,new,2025-04-02 15:23:00
1910,29,Call Center,Service,new,2025-02-28 11:45:00
1911,1,Call Center,Sales,new,2025-04-03 09:41:00
1912,47,Call Center,Sales,closed,2025-12-05 09:33:00
1913,32,QR Code,Sales,new,2025-01-03 14:06:00
1914,33,Call Center,Sales,working,2025-08-12 16:35:00
1915,11,Call Center,Sales,closed,2025-12-20 08:45:00
1916,5,Web,Service,new,2025-10-08 16:58:00
1917,58,QR Code,Sales,working,2025-03-30 08:42:00
1918,35,QR Code,F&I,new,2025-03-07 10:42:00
1919,4,Call Center,Sales,working,2025-05-10 12:41:00
1920,44,QR Code,Service,new,2025-03-06 10:02:00
1921,4,QR Code,Service,new,2025-05-22 10:08:00
1922,32,Call Center,Service,new,2025-07-03 11:23:00
1923,3,QR Code,Sales,working,2025-03-08 08:26:00
1924,39,Web,Sales,working,2025-04-29 14:57:00
1925,40,Call Center,Sales,new,2025-10-03 18:01:00
1926,39,Web,Service,closed,2025-02-15 19:04:00
1927,34,Call Center,F&I,new,2025-04-22 12:15:00
1928,48,Web,Sales,working,2025-10-05 14:10:00
1929,57,Web,Service,working,2025-07-08 15:48:00
1930,3,Call Center,Service,new,2025-07-16 09:36:00
1931,29,Web,F&I,closed,2025-08-09 12:38:00
1932,46,QR Code,Sales,new,2025-04-26 12:41:00
1933,11,Call Center,Sales,new,2025-08-21 14:08:00
1934,42,QR Code,Sales,closed,2025-10-12 10:06:00
1935,55,QR Code,F&I,new,2025-09-20 16:47:00
1936,10,Call Center,Service,closed,2025-11-24 09:42:00
1937,44,Web,Sales,closed,2025-07-14 13:51:00
1938,12,QR Code,Sales,closed,2025-07-07 11:14:00
1939,24,Web,F&I,closed,2025-05-17 14:58:00
1940,44,Web,Sales,working,2025-05-18 14:37:00
1941,47,QR Code,Service,closed,2025-05-18 13:12:00
1942,14,Call Center,Sales,working,2025-05-24 12:23:00
1943,33,Web,Sales,working,2025-02-14 17:09:00
1944,8,Call Center,Sales,working,2025-05-03 10:15:00
1945,42,QR Code,Sales,new,2025-10-06 14:52:00
1946,15,Web,Sales,closed,2025-12-03 08:01:00
1947,24,Web,Sales,closed,2025-10-09 12:20:00
1948,33,Web,Sales,closed,2025-08-24 18:56:00
1949,4,Web,Sales,new,2025-02-27 18:59:00
1950,2,Web,Service,closed,2025-09-28 10:14:00
1951,30,Call Center,Sales,working,2025-08-20 18:20:00
1952,29,Call Center,Sales,working,2025-10-02 13:41:00
1953,12,Call Center,Sales,working,2025-03-07 15:42:00
1954,13,Web,Sales,working,2025-03-03 11:36:00
1955,8,Web,Sales,closed,2025-04-22 19:05:00
1956,23,QR Code,Service,new,2025-03-20 19:01:00
1957,12,QR Code,Service,working,2025-10-22 11:22:00
1958,41,Call Center,Service,new,2025-08-15 16:38:00
1959,1,Web,F&I,closed,2025-05-28 19:53:00
1960,54,Web,Sales,new,2025-04-24 14:27:00
1961,25,Web,Service,new,2025-11-07 16:51:00
1962,55,Call Center,F&I,closed,2025-10-11 18:35:00
1963,12,Web,Service,closed,2025-02-15 14:59:00
1964,17,Web,Service,working,2025-10-01 11:20:00
1965,10,QR Code,Sales,closed,2025-03-24 09:48:00
1966,17,Web,Sales,closed,2025-03-20 19:36:00
1967,23,Call Center,Sales,closed,2025-07-27 13:13:00
1968,56,Call Center,F&I,new,2025-05-06 16:03:00
1969,21,QR Code,F&I,new,2025-04-28 18:35:00
1970,4,Web,Service,new,2025-09-18 17:53:00
1971,43,Web,Sales,closed,2025-07-07 12:50:00
1972,28,Call Center,Sales,closed,2025-05-18 13:21:00
1973,38,QR Code,Sales,closed,2025-04-19 15:22:00
1974,4,Call Center,Service,new,2025-09-02 12:10:00
1975,7,QR Code,Service,new,2025-03-11 12:04:00
1976,37,QR Code,Sales,closed,2025-05-05 14:29:00
1977,5,Web,Sales,working,2025-03-26 11:05:00
1978,50,Call Center,Sales,working,2025-04-05 18:48:00
1979,42,Web,Sales,closed,2025-10-06 11:40:00
1980,58,Call Center,Sales,new,2025-06-08 18:49:00
1981,38,Web,Sales,new,2025-11-23 10:02:00
1982,41,Web,Sales,closed,2025-08-22 08:00:00
1983,28,Web,Sales,working,2025-09-12 17:28:00
1984,57,Web,Service,working,2025-02-15 13:27:00
1985,3,Web,Sales,working,2025-05-12 11:22:00
1986,30,Call Center,Sales,closed,2025-08-14 17:41:00
1987,12,Web,Sales,closed,2025-07-08 10:29:00
1988,23,Web,Service,new,2025-05-25 12:21:00
1989,56,QR Code,Sales,closed,2025-05-30 12:50:00
1990,16,Call Center,Service,working,2025-11-08 12:37:00
1991,4,Web,Sales,new,2025-10-31 17:46:00
1992,34,Web,Sales,new,2025-10-26 09:00:00
1993,49,Web,Sales,closed,2025-10-20 10:07:00
1994,49,Web,Sales,closed,2025-01-23 13:12:00
1995,55,Call Center,Sales,new,2025-03-06 12:17:00
1996,55,Web,F&I,new,2025-06-05 19:39:00
1997,56,Web,F&I,working,2025-08-25 16:45:00
1998,13,QR Code,Sales,closed,2025-06-19 15:00:00
1999,28,QR Code,Service,new,2025-02-10 12:45:00
2000,35,Web,Sales,new,2025-10-09 12:56:00
2001,19,Web,Sales,closed,2025-04-04 09:01:00
2002,44,Web,Service,closed,2025-12-03 08:02:00
2003,58,Web,Service,new,2025-11-30 17:55:00
2004,32,Web,Sales,working,2025-08-13 11:02:00
2005,24,Call Center,Sales,closed,2025-01-25 17:17:00
2006,60,Call Center,Sales,closed,2025-03-23 10:39:00
2007,1,Call Center,Sales,working,2025-03-11 17:06:00
2008,29,QR Code,Service,closed,2025-02-04 14:50:00
2009,40,Web,Sales,closed,2025-06-27 08:11:00
2010,16,Call Center,Sales,new,2025-01-15 08:08:00
2011,59,Call Center,Sales,new,2025-01-09 10:42:00
2012,19,Web,Sales,closed,2025-01-27 14:58:00
2013,43,Web,Service,new,2025-10-07 15:41:00
2014,32,Web,Sales,closed,2025-06-14 17:59:00
2015,60,Call Center,Sales,closed,2025-05-16 16:14:00
2016,21,Call Center,Service,closed,2025-11-03 19:21:00
2017,16,Call Center,Service,working,2025-09-06 17:49:00
2018,51,Call Center,Sales,new,2025-04-06 08:07:00
2019,52,Call Center,Service,new,2025-11-11 15:54:00
2020,40,Web,Service,new,2025-11-13 17:20:00
2021,58,Web,Sales,new,2025-02-26 10:57:00
2022,11,Web,F&I,new,2025-01-11 10:07:00
2023,25,Call Center,Service,new,2025-04-09 19:34:00
2024,13,Web,Sales,new,2025-05-29 12:32:00
2025,32,QR Code,Sales,working,2025-09-18 08:17:00
2026,50,Call Center,Service,working,2025-06-10 15:16:00
2027,58,Web,Sales,closed,2025-04-04 11:10:00
2028,39,Web,Sales,new,2025-06-12 15:58:00
2029,35,Call Center,Service,new,2025-02-12 08:41:00
2030,38,Web,Service,closed,2025-06-12 17:25:00
2031,53,QR Code,Sales,new,2025-11-15 08:27:00
2032,36,Call Center,Sales,closed,2025-06-23 09:14:00
2033,49,Call Center,Sales,closed,2025-01-21 11:45:00
2034,5,Call Center,Sales,new,2025-11-25 09:53:00
2035,8,QR Code,Sales,working,2025-07-10 16:26:00
2036,34,Web,Sales,new,2025-06-17 14:19:00
2037,49,QR Code,Sales,working,2025-03-10 10:36:00
2038,59,Web,Service,working,2025-09-12 11:53:00
2039,39,QR Code,Sales,working,2025-08-11 18:11:00
2040,5,Web,Sales,working,2025-01-24 16:13:00
2041,8,QR Code,Sales,closed,2025-05-25 17:49:00
2042,56,Call Center,Sales,closed,2025-02-27 15:09:00
2043,27,QR Code,Sales,closed,2025-10-29 12:36:00
2044,7,Call Center,Sales,new,2025-11-30 09:47:00
2045,23,QR Code,Sales,working,2025-04-11 11:34:00
2046,18,QR Code,F&I,closed,2025-05-06 19:00:00
2047,36,Call Center,F&I,closed,2025-12-19 10:42:00
2048,50,Call Center,Sales,working,2025-11-10 16:44:00
2049,57,QR Code,Service,working,2025-04-16 18:50:00
2050,14,Web,Sales,closed,2025-04-20 09:32:00
2051,20,Call Center,F&I,new,2025-02-25 10:42:00
2052,12,QR Code,Service,new,2025-08-25 16:30:00
2053,41,QR Code,Sales,closed,2025-07-09 16:33:00
2054,30,QR Code,Sales,closed,2025-09-15 14:37:00
2055,42,QR Code,Service,working,2025-05-07 18:31:00
2056,25,QR Code,F&I,working,2025-07-08 16:24:00
2057,40,QR Code,Service,new,2025-07-01 13:28:00
2058,41,Call Center,Service,closed,2025-11-22 12:56:00
2059,20,Web,Sales,working,2025-02-02 15:01:00
2060,36,Web,Sales,closed,2025-11-01 15:16:00
2061,44,QR Code,Sales,working,2025-11-13 09:32:00
2062,19,QR Code,F&I,working,2025-08-23 11:25:00
2063,35,Call Center,F&I,working,2025-10-01 17:34:00
2064,33,Call Center,Sales,new,2025-07-21 09:53:00
2065,3,Web,Sales,working,2025-03-25 08:25:00
2066,18,Web,Sales,new,2025-10-01 11:00:00
2067,35,QR Code,Sales,closed,2025-10-21 08:21:00
2068,17,QR Code,Sales,new,2025-02-24 08:09:00
2069,29,Call Center,Sales,new,2025-07-09 08:43:00
2070,39,QR Code,Sales,working,2025-07-02 14:18:00
2071,58,Web,Sales,new,2025-05-31 16:48:00
2072,41,Web,Sales,closed,2025-04-15 09:03:00
2073,3,Web,Sales,working,2025-07-21 14:35:00
2074,26,Call Center,Sales,new,2025-07-11 14:09:00
2075,9,Web,F&I,closed,2025-03-01 17:27:00
2076,9,Web,Service,new,2025-06-11 10:07:00
2077,22,Call Center,F&I,closed,2025-05-01 18:18:00
2078,21,QR Code,Sales,working,2025-07-10 13:10:00
2079,9,Web,Service,new,2025-05-28 09:10:00
2080,56,Call Center,Sales,new,2025-11-02 14:08:00
2081,6,QR Code,Service,new,2025-02-04 18:09:00
2082,30,Call Center,Sales,working,2025-09-11 16:41:00
2083,36,Call Center,Sales,closed,2025-06-16 12:10:00
2084,23,QR Code,F&I,new,2025-03-13 14:07:00
2085,21,Web,Service,working,2025-09-08 09:03:00
2086,20,Web,Sales,working,2025-05-18 18:13:00
2087,47,Call Center,Service,working,2025-06-01 09:22:00
2088,45,Web,Sales,working,2025-10-20 17:13:00
2089,56,QR Code,Sales,closed,2025-02-05 16:58:00
2090,12,Call Center,Sales,closed,2025-08-07 16:56:00
2091,13,Web,Service,working,2025-01-05 10:20:00
2092,21,Call Center,Sales,working,2025-04-03 14:20:00
2093,14,QR Code,Sales,closed,2025-06-17 08:06:00
2094,31,QR Code,Sales,new,2025-08-15 17:51:00
2095,37,Web,Service,working,2025-05-12 12:57:00
2096,37,QR Code,F&I,closed,2025-01-09 19:21:00
2097,58,Call Center,Service,working,2025-05-28 12:47:00
2098,50,Web,Service,closed,2025-09-22 17:46:00
2099,32,QR Code,Service,working,2025-06-18 16:08:00
2100,48,QR Code,Sales,new,2025-02-26 09:28:00
2101,30,QR Code,Service,closed,2025-10-03 18:53:00
2102,56,Call Center,Sales,working,2025-08-20 17:33:00
2103,28,Call Center,Sales,working,2025-09-12 16:06:00
2104,49,QR Code,Sales,new,2025-08-11 17:15:00
2105,32,Call Center,Sales,working,2025-10-03 17:00:00
2106,2,QR Code,F&I,closed,2025-11-13 17:40:00
2107,54,Web,Sales,new,2025-02-23 13:20:00
2108,6,QR Code,Sales,closed,2025-11-18 16:48:00
2109,21,Call Center,Service,new,2025-04-10 19:47:00
2110,20,QR Code,F&I,working,2025-03-10 09:15:00
2111,3,Call Center,Service,working,2025-10-21 16:51:00
2112,30,Web,Sales,working,2025-04-16 19:50:00
2113,32,Web,Service,new,2025-04-16 15:05:00
2114,46,QR Code,Sales,working,2025-01-04 14:05:00
2115,32,Call Center,Sales,new,2025-10-18 09:24:00
2116,59,Web,Sales,working,2025-05-03 08:54:00
2117,22,Web,Sales,new,2025-05-08 14:51:00
2118,40,Web,Service,new,2025-08-25 13:34:00
2119,41,Web,Service,new,2025-06-03 13:07:00
2120,1,Call Center,Sales,new,2025-05-16 14:08:00
2121,33,Web,Service,closed,2025-02-22 12:29:00
2122,26,QR Code,Service,closed,2025-05-14 17:40:00
2123,59,QR Code,Sales,closed,2025-01-02 16:48:00
2124,40,Web,Service,working,2025-09-18 13:07:00
2125,16,QR Code,Service,working,2025-06-18 10:54:00
2126,52,QR Code,F&I,new,2025-10-11 14:53:00
2127,18,Call Center,Sales,new,2025-01-18 17:32:00
2128,58,QR Code,Sales,closed,2025-02-03 15:28:00
2129,23,Call Center,Service,new,2025-09-20 14:18:00
2130,29,Web,Sales,closed,2025-01-08 08:38:00
2131,2,QR Code,Sales,new,2025-04-06 13:16:00
2132,3,Call Center,Service,new,2025-05-15 11:57:00
2133,4,Web,Service,closed,2025-12-20 12:06:00
2134,11,Web,F&I,new,2025-05-19 16:41:00
2135,60,Call Center,Service,closed,2025-03-15 15:01:00
2136,48,Web,Sales,working,2025-10-13 12:55:00
2137,27,Call Center,Sales,new,2025-04-15 15:53:00
2138,42,Call Center,Sales,new,2025-12-11 09:34:00
2139,4,Call Center,Sales,closed,2025-01-19 14:06:00
2140,14,Web,Sales,closed,2025-01-26 14:28:00
2141,11,Call Center,Service,new,2025-01-29 17:21:00
2142,16,Web,Service,new,2025-07-20 17:23:00
2143,21,Call Center,Sales,new,2025-01-16 10:21:00
2144,37,Call Center,Service,new,2025-01-07 17:29:00
2145,48,Web,F&I,closed,2025-09-18 14:31:00
2146,46,QR Code,Sales,new,2025-05-24 15:07:00
2147,36,Web,Service,working,2025-02-05 12:19:00
2148,60,Call Center,Sales,new,2025-03-09 18:25:00
2149,10,QR Code,Sales,working,2025-12-07 12:47:00
2150,52,Call Center,Sales,new,2025-08-31 11:43:00
2151,31,Call Center,Service,closed,2025-07-29 12:46:00
2152,44,Web,F&I,closed,2025-03-10 13:37:00
2153,8,QR Code,Sales,new,2025-06-13 10:51:00
2154,27,Web,Sales,closed,2025-05-11 18:26:00
2155,20,Web,Sales,closed,2025-08-22 11:28:00
2156,36,QR Code,Sales,new,2025-02-15 15:18:00
2157,37,Call Center,Sales,new,2025-03-08 08:25:00
2158,47,Call Center,Sales,closed,2025-09-28 18:08:00
2159,51,Call Center,Sales,working,2025-06-16 16:27:00
2160,27,Web,Sales,new,2025-06-13 19:54:00
2161,48,Call Center,Sales,working,2025-03-17 08:56:00
2162,16,QR Code,Service,working,2025-05-30 15:15:00
2163,40,Call Center,Sales,closed,2025-01-03 17:05:00
2164,55,Web,Sales,closed,2025-02-17 18:09:00
2165,9,Web,Sales,working,2025-12-17 19:53:00
2166,35,QR Code,Sales,closed,2025-10-23 17:02:00
2167,55,Web,Sales,working,2025-10-08 14:15:00
2168,57,QR Code,Service,working,2025-02-19 09:59:00
2169,45,Web,Sales,closed,2025-05-13 12:09:00
2170,13,Web,Service,closed,2025-11-22 08:04:00
2171,25,QR Code,Sales,working,2025-10-22 17:56:00
2172,56,Web,Sales,closed,2025-07-27 08:06:00
2173,46,Call Center,Service,new,2025-10-04 10:41:00
2174,23,Call Center,Sales,closed,2025-09-14 13:57:00
2175,1,Call Center,Sales,new,2025-05-31 16:08:00
2176,22,QR Code,Sales,working,2025-02-24 09:40:00
2177,58,Call Center,F&I,new,2025-07-23 15:38:00
2178,30,Call Center,Sales,closed,2025-02-14 10:12:00
2179,9,QR Code,F&I,closed,2025-10-18 14:04:00
2180,1,QR Code,Sales,working,2025-09-12 11:52:00
2181,47,Web,Sales,new,2025-05-13 12:41:00
2182,25,Call Center,Service,working,2025-01-13 11:00:00
2183,36,Call Center,Sales,working,2025-08-04 16:10:00
2184,12,Web,F&I,closed,2025-07-21 14:54:00
2185,18,QR Code,F&I,working,2025-02-09 16:28:00
2186,24,Call Center,Sales,new,2025-01-08 16:19:00
2187,20,QR Code,Service,closed,2025-08-03 10:07:00
2188,23,Web,Sales,new,2025-03-25 08:25:00
2189,18,QR Code,Service,new,2025-05-25 09:42:00
2190,32,QR Code,Sales,closed,2025-04-11 10:29:00
2191,51,QR Code,F&I,closed,2025-05-28 10:46:00
2192,50,Web,Service,new,2025-01-10 08:11:00
2193,46,Call Center,Sales,closed,2025-07-25 16:27:00
2194,33,Call Center,F&I,new,2025-07-17 10:03:00
2195,13,QR Code,Sales,closed,2025-02-23 17:38:00
2196,4,Call Center,Service,new,2025-02-11 08:13:00
2197,38,QR Code,Sales,new,2025-08-27 19:06:00
2198,49,Call Center,Service,working,2025-07-18 18:45:00
2199,49,QR Code,Sales,new,2025-01-27 17:41:00
2200,29,Call Center,Sales,new,2025-06-24 19:07:00
2201,31,Web,Sales,new,2025-03-12 19:14:00
2202,50,Web,F&I,new,2025-11-12 10:57:00
2203,50,QR Code,Sales,working,2025-03-03 11:02:00
2204,36,QR Code,Service,closed,2025-01-08 13:50:00
2205,19,Call Center,Sales,working,2025-04-10 10:10:00
2206,8,QR Code,Sales,working,2025-07-20 17:42:00
2207,36,Web,Sales,closed,2025-06-30 15:01:00
2208,8,QR Code,Service,working,2025-05-06 19:47:00
2209,10,Web,Sales,new,2025-02-15 14:57:00
2210,42,Web,F&I,new,2025-09-25 12:54:00
2211,19,Call Center,Sales,new,2025-09-15 12:58:00
2212,24,Web,Sales,working,2025-02-06 19:35:00
2213,45,Web,Service,new,2025-05-29 11:42:00
2214,40,Call Center,Sales,new,2025-06-18 09:00:00
2215,10,QR Code,Service,closed,2025-09-09 14:54:00
2216,21,Call Center,Sales,working,2025-08-30 19:48:00
2217,8,QR Code,Service,working,2025-03-12 15:21:00
2218,9,QR Code,Sales,closed,2025-04-30 15:32:00
2219,52,Web,Sales,closed,2025-11-03 14:01:00
2220,23,Web,Sales,working,2025-02-03 11:03:00
2221,30,Web,Sales,working,2025-03-04 18:30:00
2222,34,Call Center,F&I,working,2025-01-09 09:53:00
2223,50,QR Code,Sales,new,2025-07-21 15:11:00
2224,54,Call Center,Sales,working,2025-06-03 12:08:00
2225,56,Web,Sales,closed,2025-04-16 14:30:00
2226,47,Web,Service,working,2025-09-16 18:44:00
2227,15,Call Center,Service,working,2025-04-01 11:16:00
2228,58,QR Code,F&I,working,2025-06-17 12:49:00
2229,48,QR Code,Sales,working,2025-08-31 15:45:00
2230,2,QR Code,Sales,new,2025-05-04 15:13:00
2231,48,Web,Service,new,2025-03-08 08:45:00
2232,32,QR Code,Sales,working,2025-08-07 09:27:00
2233,15,Web,Sales,new,2025-01-17 14:37:00
2234,37,Call Center,Sales,working,2025-10-09 10:43:00
2235,29,Call Center,F&I,new,2025-08-26 14:59:00
2236,14,Web,Service,new,2025-04-05 12:58:00
2237,51,Web,F&I,closed,2025-08-16 08:34:00
2238,39,QR Code,Service,new,2025-04-23 15:44:00
2239,8,Call Center,Sales,new,2025-07-18 12:49:00
2240,28,Call Center,Service,closed,2025-01-31 14:28:00
2241,23,QR Code,Sales,closed,2025-04-16 19:40:00
2242,2,QR Code,Sales,closed,2025-08-20 14:19:00
2243,27,Web,Service,new,2025-09-11 10:02:00
2244,39,Call Center,Sales,new,2025-01-24 13:49:00
2245,20,QR Code,Sales,working,2025-05-02 16:36:00
2246,38,Call Center,F&I,working,2025-04-26 11:15:00
2247,4,QR Code,F&I,new,2025-02-28 13:18:00
2248,33,QR Code,Sales,new,2025-10-11 17:12:00
2249,16,Call Center,Sales,new,2025-04-09 14:58:00
2250,54,Web,Sales,closed,2025-05-18 08:28:00
2251,49,Web,Sales,closed,2025-11-03 17:39:00
2252,24,Call Center,Sales,new,2025-05-23 14:11:00
2253,56,QR Code,Sales,new,2025-05-18 15:21:00
2254,51,QR Code,Sales,working,2025-02-20 15:04:00
2255,7,Web,Sales,working,2025-09-04 10:27:00
2256,18,Web,Sales,closed,2025-08-31 18:58:00
2257,52,Call Center,Sales,closed,2025-04-28 10:42:00
2258,35,Web,F&I,working,2025-05-18 08:12:00
2259,14,Call Center,Sales,new,2025-03-13 12:15:00
2260,4,Web,Sales,closed,2025-09-22 15:40:00
2261,56,Call Center,F&I,closed,2025-03-09 16:15:00
2262,17,QR Code,Sales,closed,2025-11-18 09:37:00
2263,14,Call Center,Sales,closed,2025-05-01 14:22:00
2264,19,Web,Sales,closed,2025-08-10 13:40:00
2265,11,QR Code,Sales,working,2025-06-14 10:25:00
2266,2,Web,Sales,new,2025-09-18 18:37:00
2267,24,Call Center,F&I,closed,2025-06-06 13:47:00
2268,12,QR Code,Service,closed,2025-06-30 14:10:00
2269,20,Call Center,Sales,new,2025-08-17 17:48:00
2270,37,QR Code,Sales,new,2025-03-31 17:44:00
2271,26,QR Code,Sales,new,2025-03-29 14:25:00
2272,3,QR Code,Sales,new,2025-01-10 08:47:00
2273,37,Call Center,Sales,new,2025-04-23 16:39:00
2274,15,Call Center,Service,working,2025-07-15 08:59:00
2275,28,Web,Sales,closed,2025-03-08 16:45:00
2276,1,QR Code,Sales,working,2025-01-08 10:12:00
2277,44,Call Center,F&I,new,2025-02-26 14:07:00
2278,18,Call Center,F&I,new,2025-05-28 15:11:00
2279,49,Web,F&I,new,2025-01-17 12:38:00
2280,36,Call Center,F&I,working,2025-08-14 17:39:00
2281,12,QR Code,Sales,new,2025-06-03 12:35:00
2282,15,Web,Sales,working,2025-05-18 11:32:00
2283,37,Web,Sales,new,2025-05-11 10:22:00
2284,50,Web,Service,working,2025-10-02 10:26:00
2285,3,QR Code,Sales,new,2025-05-24 16:27:00
2286,18,QR Code,Sales,new,2025-02-02 17:21:00
2287,12,Web,Service,new,2025-02-16 13:49:00
2288,2,QR Code,Service,working,2025-01-17 16:04:00
2289,7,Call Center,Sales,closed,2025-05-31 12:17:00
2290,54,Web,F&I,working,2025-11-30 14:54:00
2291,58,Web,Service,closed,2025-02-04 09:33:00
2292,8,QR Code,Sales,new,2025-01-06 19:29:00
2293,54,Web,Sales,new,2025-10-15 13:26:00
2294,28,Web,F&I,new,2025-01-18 19:15:00
2295,2,Web,Service,new,2025-07-27 16:59:00
2296,18,QR Code,Sales,closed,2025-02-11 15:32:00
2297,28,Call Center,Sales,working,2025-06-18 18:38:00
2298,3,Web,Service,closed,2025-07-18 14:13:00
2299,49,Web,Sales,working,2025-09-04 18:20:00
2300,55,QR Code,Sales,new,2025-12-10 10:53:00
2301,49,QR Code,F&I,closed,2025-02-09 19:28:00
2302,52,QR Code,Sales,closed,2025-10-25 17:05:00
2303,37,Call Center,Sales,closed,2025-10-02 10:26:00
2304,57,Call Center,Sales,working,2025-04-15 19:58:00
2305,35,Web,Service,new,2025-08-05 14:37:00
2306,43,Call Center,Service,new,2025-05-01 13:19:00
2307,41,QR Code,Sales,working,2025-11-04 13:49:00
2308,27,Call Center,F&I,closed,2025-08-19 10:04:00
2309,53,Web,Sales,working,2025-10-03 12:38:00
2310,43,Call Center,Service,closed,2025-05-06 18:52:00
2311,30,Call Center,Sales,closed,2025-10-03 08:24:00
2312,42,QR Code,Sales,new,2025-05-19 13:56:00
2313,38,Call Center,Sales,working,2025-01-27 17:58:00
2314,10,QR Code,Sales,new,2025-12-01 11:28:00
2315,8,Call Center,F&I,new,2025-09-01 14:40:00
2316,34,Call Center,Sales,working,2025-11-24 10:33:00
2317,55,Web,Sales,closed,2025-01-10 18:37:00
2318,37,QR Code,Service,closed,2025-04-05 12:05:00
2319,52,Web,Sales,new,2025-08-30 16:02:00
2320,52,Web,Sales,working,2025-03-31 12:17:00
2321,12,QR Code,Service,closed,2025-01-06 18:09:00
2322,60,Call Center,Sales,new,2025-03-21 08:11:00
2323,18,Web,Sales,closed,2025-10-19 08:15:00
2324,42,Call Center,Sales,working,2025-08-18 11:24:00
2325,28,QR Code,Service,closed,2025-05-11 16:52:00
2326,45,QR Code,Sales,new,2025-05-20 13:55:00
2327,29,Call Center,Sales,working,2025-09-13 19:25:00
2328,30,QR Code,F&I,working,2025-11-06 12:37:00
2329,43,Call Center,Service,working,2025-03-31 10:38:00
2330,30,QR Code,Sales,new,2025-10-19 13:24:00
2331,38,QR Code,Service,closed,2025-11-04 19:38:00
2332,47,Call Center,Sales,closed,2025-10-08 19:30:00
2333,26,QR Code,Sales,working,2025-10-12 15:39:00
2334,4,Web,F&I,new,2025-09-25 09:20:00
2335,1,Web,Sales,closed,2025-02-04 18:44:00
2336,51,QR Code,Service,new,2025-06-06 08:55:00
2337,58,QR Code,Sales,new,2025-11-22 17:39:00
2338,1,QR Code,F&I,closed,2025-06-18 10:03:00
2339,28,QR Code,F&I,new,2025-08-08 17:16:00
2340,40,Call Center,F&I,closed,2025-07-25 16:58:00
2341,53,QR Code,F&I,working,2025-01-18 14:34:00
2342,1,QR Code,Sales,new,2025-08-18 16:27:00
2343,31,QR Code,F&I,closed,2025-03-20 12:54:00
2344,20,Web,Sales,new,2025-05-07 19:10:00
2345,32,Web,Sales,new,2025-09-08 09:31:00
2346,23,Call Center,Sales,closed,2025-02-01 18:11:00
2347,10,QR Code,Service,closed,2025-06-20 17:46:00
2348,20,Web,Sales,closed,2025-05-21 08:49:00
2349,50,Web,F&I,new,2025-04-26 19:53:00
2350,41,QR Code,Sales,working,2025-01-18 09:30:00
2351,43,QR Code,Sales,new,2025-03-27 12:22:00
2352,33,Web,Sales,closed,2025-01-01 09:46:00
2353,7,Web,Sales,closed,2025-06-14 17:25:00
2354,16,QR Code,Sales,working,2025-11-05 08:41:00
2355,20,QR Code,Sales,new,2025-03-02 11:38:00
2356,46,Call Center,Sales,closed,2025-10-07 08:43:00
2357,26,Web,Service,closed,2025-12-17 19:01:00
2358,35,Call Center,Sales,working,2025-10-04 10:38:00
2359,6,Web,Service,closed,2025-07-15 17:13:00
2360,47,Web,Service,new,2025-05-02 11:03:00
2361,39,Web,Sales,new,2025-08-28 16:58:00
2362,36,Call Center,Sales,new,2025-09-05 18:45:00
2363,57,Call Center,Sales,new,2025-05-25 18:54:00
2364,52,Web,Sales,working,2025-07-19 16:17:00
2365,36,Web,Sales,working,2025-01-25 11:11:00
2366,8,QR Code,Sales,working,2025-11-01 15:51:00
2367,11,Call Center,Sales,closed,2025-03-17 15:43:00
2368,45,QR Code,Service,closed,2025-01-30 10:58:00
2369,13,Web,Service,working,2025-02-10 14:47:00
2370,56,Call Center,Sales,closed,2025-07-28 17:24:00
2371,24,Call Center,Sales,working,2025-04-29 09:47:00
2372,14,QR Code,Sales,working,2025-07-18 08:25:00
2373,28,Call Center,Service,closed,2025-05-17 09:00:00
2374,38,QR Code,Sales,new,2025-01-23 08:51:00
2375,41,Call Center,Sales,new,2025-01-15 17:16:00
2376,8,QR Code,Service,working,2025-10-22 08:03:00
2377,35,Call Center,Sales,working,2025-08-09 13:58:00
2378,32,QR Code,Sales,working,2025-06-01 18:37:00
2379,3,Web,Service,closed,2025-06-13 12:44:00
2380,39,Web,Service,closed,2025-07-19 11:18:00
2381,55,Web,Sales,working,2025-05-25 10:55:00
2382,21,Web,Sales,working,2025-07-28 09:51:00
2383,59,Call Center,Sales,working,2025-07-27 09:23:00
2384,41,Web,Sales,new,2025-02-16 13:27:00
2385,38,Web,Sales,working,2025-06-17 08:45:00
2386,21,QR Code,Sales,closed,2025-08-28 15:07:00
2387,48,QR Code,F&I,closed,2025-02-10 17:34:00
2388,16,Web,Service,working,2025-04-10 12:40:00
2389,30,QR Code,F&I,working,2025-07-22 18:29:00
2390,52,QR Code,Sales,new,2025-02-15 18:06:00
2391,11,QR Code,Sales,working,2025-01-14 11:13:00
2392,56,Web,Sales,new,2025-07-27 16:58:00
2393,38,Call Center,Sales,working,2025-12-01 15:58:00
2394,44,Call Center,Sales,working,2025-04-04 19:00:00
2395,43,QR Code,Sales,new,2025-02-06 17:00:00
2396,31,Web,F&I,working,2025-06-19 12:44:00
2397,45,QR Code,Sales,closed,2025-11-08 11:07:00
2398,12,QR Code,Service,new,2025-08-10 10:31:00
2399,33,Web,Sales,working,2025-01-18 19:30:00
2400,11,QR Code,Service,new,2025-11-16 18:18:00
2401,9,Web,Sales,closed,2025-09-11 14:30:00
2402,24,Call Center,Sales,working,2025-09-17 10:23:00
2403,1,Call Center,Sales,new,2025-08-09 11:45:00
2404,26,Web,Service,working,2025-05-15 17:28:00
2405,14,QR Code,Service,closed,2025-10-28 15:47:00
2406,35,QR Code,Service,working,2025-05-23 17:58:00
2407,28,QR Code,Service,working,2025-01-18 13:00:00
2408,39,Call Center,Sales,working,2025-12-05 14:18:00
2409,7,Call Center,Sales,closed,2025-03-08 17:45:00
2410,35,Call Center,Service,new,2025-11-30 13:39:00
2411,45,Call Center,F&I,closed,2025-03-25 16:45:00
2412,32,Call Center,Service,closed,2025-06-03 10:21:00
2413,50,QR Code,Sales,new,2025-09-14 11:28:00
2414,55,Call Center,Sales,new,2025-05-29 14:44:00
2415,26,Web,Service,closed,2025-06-06 17:34:00
2416,18,Call Center,Service,working,2025-07-20 16:27:00
2417,40,QR Code,Service,working,2025-05-18 11:56:00
2418,16,QR Code,F&I,working,2025-01-02 10:12:00
2419,27,Web,Sales,new,2025-02-12 09:26:00
2420,22,QR Code,F&I,working,2025-09-13 13:20:00
2421,23,Web,Sales,new,2025-09-10 12:30:00
2422,4,Call Center,Sales,working,2025-07-02 12:20:00
2423,38,Web,F&I,new,2025-11-10 10:51:00
2424,13,QR Code,Sales,closed,2025-04-14 14:01:00
2425,3,Web,Service,working,2025-11-15 10:58:00
2426,47,QR Code,Service,closed,2025-01-25 11:01:00
2427,50,QR Code,Sales,working,2025-05-23 18:37:00
2428,56,Web,Sales,working,2025-10-22 13:09:00
2429,8,Web,Sales,working,2025-04-18 16:00:00
2430,20,Call Center,Sales,working,2025-09-18 18:40:00
2431,37,QR Code,Sales,working,2025-05-09 17:53:00
2432,36,Call Center,Service,working,2025-01-24 08:10:00
2433,17,Call Center,Service,new,2025-05-19 11:05:00
2434,40,Web,Sales,working,2025-01-09 10:02:00
2435,24,QR Code,Sales,closed,2025-02-28 14:47:00
2436,49,QR Code,Sales,closed,2025-03-08 16:55:00
2437,48,Web,Service,working,2025-11-26 19:39:00
2438,11,Web,Service,working,2025-08-24 16:13:00
2439,59,Call Center,Sales,closed,2025-12-15 09:29:00
2440,36,Call Center,F&I,new,2025-10-31 11:08:00
2441,38,Call Center,F&I,new,2025-01-14 15:43:00
2442,4,QR Code,Service,working,2025-01-19 13:52:00
2443,36,Web,F&I,closed,2025-05-24 13:45:00
2444,40,Call Center,Service,closed,2025-12-17 11:29:00
2445,39,Web,Sales,closed,2025-11-18 11:32:00
2446,2,Web,Sales,new,2025-12-17 11:37:00
2447,2,Web,Service,closed,2025-11-20 16:06:00
2448,9,QR Code,Service,new,2025-01-14 14:24:00
2449,55,Call Center,F&I,new,2025-11-02 15:37:00
2450,58,Call Center,Sales,closed,2025-04-29 16:42:00
2451,28,Web,Service,working,2025-12-05 08:15:00
2452,3,Web,Sales,closed,2025-08-04 17:26:00
2453,51,Call Center,Sales,closed,2025-04-26 15:00:00
2454,29,QR Code,Sales,new,2025-05-01 18:57:00
2455,7,Web,Sales,new,2025-06-15 18:54:00
2456,29,Call Center,Sales,closed,2025-12-13 09:33:00
2457,24,QR Code,Sales,new,2025-09-18 12:04:00
2458,60,QR Code,Service,new,2025-04-27 11:25:00
2459,35,Call Center,Service,closed,2025-11-05 18:28:00
2460,29,Web,Sales,new,2025-11-13 11:40:00
2461,52,Web,Sales,closed,2025-11-18 12:16:00
2462,15,QR Code,F&I,working,2025-08-05 08:04:00
2463,43,Call Center,Sales,working,2025-04-17 13:28:00
2464,11,QR Code,Service,closed,2025-11-04 15:14:00
2465,24,Web,Service,new,2025-12-05 11:11:00
2466,17,Call Center,Sales,working,2025-10-03 08:29:00
2467,20,Web,Service,closed,2025-05-30 12:24:00
2468,42,QR Code,Sales,closed,2025-02-12 17:07:00
2469,36,QR Code,Service,working,2025-02-06 09:14:00
2470,20,QR Code,Sales,closed,2025-05-21 08:45:00
2471,53,Call Center,Service,working,2025-10-15 12:01:00
2472,9,QR Code,F&I,closed,2025-10-30 14:18:00
2473,16,Call Center,Service,working,2025-04-14 18:22:00
2474,48,QR Code,Service,closed,2025-01-16 14:45:00
2475,8,Call Center,Sales,working,2025-10-13 15:07:00
2476,25,Web,Sales,new,2025-08-01 08:08:00
2477,48,Call Center,Sales,new,2025-07-21 10:50:00
2478,9,QR Code,Service,new,2025-03-10 12:39:00
2479,3,Call Center,Service,working,2025-02-07 16:14:00
2480,32,QR Code,Service,new,2025-07-03 15:55:00
2481,8,Web,Sales,new,2025-05-21 11:15:00
2482,23,Web,Sales,working,2025-02-02 13:27:00
2483,9,Call Center,Sales,working,2025-07-12 11:31:00
2484,25,Call Center,Sales,working,2025-04-22 19:57:00
2485,58,QR Code,Sales,closed,2025-11-10 10:40:00
2486,60,Web,Sales,new,2025-10-08 19:51:00
2487,18,QR Code,Sales,closed,2025-05-28 14:30:00
2488,16,Call Center,Sales,working,2025-04-30 12:24:00
2489,45,Web,Service,working,2025-02-12 17:53:00
2490,34,Web,Sales,working,2025-09-22 11:04:00
2491,28,QR Code,Sales,closed,2025-02-18 16:51:00
2492,16,Web,Sales,new,2025-02-13 13:05:00
2493,17,Web,Sales,working,2025-04-28 10:40:00
2494,3,QR Code,Sales,closed,2025-11-11 13:27:00
2495,54,Call Center,F&I,closed,2025-01-02 18:12:00
2496,13,Web,Sales,new,2025-01-07 11:03:00
2497,59,QR Code,Sales,new,2025-01-10 10:18:00
2498,7,Call Center,Sales,working,2025-05-29 15:02:00
2499,16,QR Code,Sales,new,2025-04-16 10:54:00
2500,9,QR Code,Sales,working,2025-04-05 14:08:00
2501,7,QR Code,Service,new,2025-12-06 09:07:00
2502,17,Web,Sales,closed,2025-10-01 09:12:00
2503,11,QR Code,Sales,working,2025-05-05 14:43:00
2504,1,Web,Sales,working,2025-03-30 14:12:00
2505,56,Web,Service,closed,2025-05-05 18:40:00
2506,6,QR Code,Sales,working,2025-06-21 14:23:00
2507,37,Web,Sales,working,2025-02-03 10:23:00
2508,56,QR Code,Sales,working,2025-11-24 14:19:00
2509,24,Web,F&I,working,2025-03-23 14:27:00
2510,43,Web,Sales,closed,2025-04-30 19:44:00
2511,27,QR Code,F&I,closed,2025-03-07 16:56:00
2512,32,Call Center,Sales,working,2025-10-31 15:05:00
2513,36,Web,Sales,closed,2025-04-25 12:26:00
2514,10,QR Code,Sales,closed,2025-06-01 11:39:00
2515,57,QR Code,Sales,new,2025-10-07 13:55:00
2516,2,Call Center,Sales,working,2025-09-12 08:30:00
2517,50,Call Center,Sales,closed,2025-01-03 14:52:00
2518,37,Call Center,Sales,new,2025-04-17 12:25:00
2519,38,Web,Sales,working,2025-06-02 18:17:00
2520,48,QR Code,Sales,closed,2025-10-24 12:22:00
2521,14,QR Code,Sales,new,2025-04-08 19:59:00
2522,52,QR Code,F&I,new,2025-10-29 11:25:00
2523,17,QR Code,Sales,closed,2025-09-16 09:11:00
2524,45,QR Code,Sales,working,2025-07-16 09:39:00
2525,25,Call Center,Sales,closed,2025-02-25 08:07:00
2526,49,Call Center,Sales,working,2025-02-11 12:13:00
2527,7,Call Center,Service,closed,2025-05-25 19:16:00
2528,7,Call Center,F&I,closed,2025-07-25 18:45:00
2529,43,Call Center,Sales,working,2025-02-12 18:57:00
2530,58,Call Center,Sales,working,2025-01-20 14:59:00
2531,3,Web,Sales,new,2025-05-07 12:32:00
2532,60,Web,Sales,new,2025-06-18 08:13:00
2533,7,QR Code,Sales,closed,2025-09-06 14:03:00
2534,14,QR Code,Sales,closed,2025-03-11 12:59:00
2535,2,Web,F&I,closed,2025-03-11 08:10:00
2536,34,QR Code,Sales,new,2025-10-12 09:08:00
2537,30,Web,Sales,working,2025-11-20 19:04:00
2538,39,Web,Sales,closed,2025-04-20 13:31:00
2539,6,QR Code,Sales,closed,2025-01-20 09:42:00
2540,8,Web,Sales,closed,2025-10-23 10:07:00
2541,43,QR Code,Sales,new,2025-08-10 14:35:00
2542,32,Call Center,Sales,closed,2025-06-09 13:18:00
2543,18,QR Code,F&I,working,2025-09-24 14:24:00
2544,33,QR Code,Sales,new,2025-10-19 08:23:00
2545,24,Web,F&I,new,2025-09-16 15:40:00
2546,30,Web,Sales,closed,2025-03-21 13:25:00
2547,6,QR Code,F&I,new,2025-05-31 11:00:00
2548,25,QR Code,F&I,working,2025-09-18 10:16:00
2549,39,QR Code,Sales,new,2025-01-31 15:08:00
2550,8,QR Code,Sales,new,2025-06-29 10:35:00
2551,23,QR Code,Sales,new,2025-11-07 08:17:00
2552,60,Web,Service,working,2025-05-07 11:20:00
2553,29,Call Center,Service,closed,2025-03-16 17:08:00
2554,1,Web,Sales,closed,2025-08-12 18:23:00
2555,36,QR Code,Service,closed,2025-01-21 11:01:00
2556,16,Call Center,Service,new,2025-06-04 16:48:00
2557,60,Web,Sales,closed,2025-12-02 14:51:00
2558,15,Web,F&I,closed,2025-06-26 18:45:00
2559,44,Web,Sales,new,2025-04-27 18:09:00
2560,1,Web,Sales,working,2025-06-13 15:50:00
2561,12,QR Code,Sales,working,2025-10-22 17:27:00
2562,4,Web,Sales,new,2025-12-20 16:38:00
2563,28,Web,Sales,new,2025-01-08 14:21:00
2564,3,Web,Sales,working,2025-02-12 14:05:00
2565,27,QR Code,Sales,closed,2025-12-06 16:03:00
2566,26,QR Code,Sales,closed,2025-11-12 14:18:00
2567,52,QR Code,Sales,new,2025-01-05 11:47:00
2568,18,Web,Service,working,2025-02-10 09:46:00
2569,2,Call Center,Service,closed,2025-07-16 14:00:00
2570,22,QR Code,Sales,new,2025-12-12 11:54:00
2571,54,QR Code,Sales,new,2025-03-13 19:39:00
2572,29,Call Center,Sales,new,2025-03-22 17:08:00
2573,2,Call Center,Sales,closed,2025-06-04 10:57:00
2574,31,Web,Sales,new,2025-01-03 13:48:00
2575,20,Web,Sales,new,2025-09-30 08:26:00
2576,32,QR Code,Sales,new,2025-02-13 18:01:00
2577,44,QR Code,Sales,closed,2025-05-24 19:23:00
2578,52,Call Center,Sales,working,2025-03-15 19:51:00
2579,9,Call Center,F&I,closed,2025-04-30 18:29:00
2580,19,Web,Sales,closed,2025-05-06 09:39:00
2581,27,Web,Sales,new,2025-08-08 18:30:00
2582,49,Call Center,Sales,closed,2025-08-03 10:35:00
2583,5,Call Center,Sales,new,2025-11-16 09:43:00
2584,16,Call Center,Sales,working,2025-03-11 09:34:00
2585,47,QR Code,Sales,working,2025-05-26 11:58:00
2586,30,Call Center,Sales,closed,2025-06-22 17:58:00
2587,56,QR Code,Service,new,2025-05-05 10:16:00
2588,9,QR Code,Service,new,2025-09-03 15:42:00
2589,52,Web,Sales,closed,2025-12-16 09:56:00
2590,58,QR Code,Sales,new,2025-04-18 09:49:00
2591,19,Web,Sales,new,2025-04-05 13:04:00
2592,32,Web,Sales,working,2025-04-04 11:51:00
2593,32,QR Code,Sales,working,2025-07-07 17:30:00
2594,17,Web,Sales,closed,2025-09-28 14:10:00
2595,27,Call Center,F&I,working,2025-10-24 13:24:00
2596,50,Web,F&I,closed,2025-03-06 15:11:00
2597,15,QR Code,Sales,working,2025-06-13 17:49:00
2598,20,QR Code,Sales,new,2025-08-12 10:09:00
2599,19,Web,Sales,closed,2025-09-10 19:42:00
2600,1,Web,F&I,closed,2025-05-27 17:29:00
2601,9,Call Center,F&I,working,2025-07-11 19:41:00
2602,54,Call Center,Sales,closed,2025-03-15 19:56:00
2603,47,Call Center,Sales,working,2025-08-16 18:14:00
2604,55,Web,Sales,new,2025-09-24 09:08:00
2605,53,Call Center,Service,new,2025-03-19 19:43:00
2606,35,Call Center,F&I,new,2025-04-15 14:54:00
2607,45,QR Code,Sales,closed,2025-10-04 19:40:00
2608,39,Web,F&I,closed,2025-05-27 10:01:00
2609,24,Web,Sales,new,2025-08-03 09:55:00
2610,14,Call Center,Service,new,2025-07-11 09:06:00
2611,19,Call Center,Sales,closed,2025-07-20 19:44:00
2612,42,QR Code,F&I,new,2025-01-31 16:46:00
2613,4,Call Center,Sales,new,2025-05-25 13:25:00
2614,42,Web,Sales,working,2025-04-22 13:32:00
2615,60,Web,Sales,new,2025-06-12 15:53:00
2616,36,Call Center,Sales,closed,2025-05-15 08:09:00
2617,51,Call Center,Sales,closed,2025-12-03 16:44:00
2618,46,Web,Service,working,2025-04-15 09:06:00
2619,23,QR Code,Service,new,2025-10-24 18:12:00
2620,22,Call Center,Sales,working,2025-10-02 13:41:00
2621,16,QR Code,Sales,closed,2025-10-24 10:18:00
2622,31,QR Code,Sales,closed,2025-06-21 13:34:00
2623,60,Web,Sales,closed,2025-08-06 11:00:00
2624,50,Call Center,Sales,closed,2025-04-14 13:13:00
2625,52,Call Center,Sales,new,2025-11-28 18:23:00
2626,46,Call Center,Sales,closed,2025-02-01 13:19:00
2627,47,QR Code,Sales,new,2025-01-05 16:55:00
2628,11,Web,Sales,closed,2025-09-05 09:07:00
2629,33,Call Center,Sales,closed,2025-05-30 19:30:00
2630,59,Call Center,Sales,closed,2025-07-19 08:00:00
2631,10,Web,Service,working,2025-04-10 11:56:00
2632,4,QR Code,Service,closed,2025-06-28 18:28:00
2633,7,QR Code,F&I,new,2025-11-13 18:37:00
2634,31,Web,Sales,closed,2025-02-25 14:22:00
2635,26,Web,Sales,closed,2025-08-22 17:46:00
2636,34,Call Center,Sales,working,2025-05-01 08:01:00
2637,24,Call Center,F&I,working,2025-03-19 10:43:00
2638,5,Call Center,F&I,closed,2025-05-13 08:29:00
2639,41,Call Center,Sales,working,2025-10-28 08:47:00
2640,3,Web,Service,new,2025-02-05 14:00:00
2641,43,Web,F&I,closed,2025-05-14 15:55:00
2642,55,Call Center,Sales,closed,2025-04-15 16:45:00
2643,31,Call Center,Service,working,2025-10-19 11:57:00
2644,60,QR Code,Sales,working,2025-07-31 18:53:00
2645,53,Web,Sales,new,2025-12-03 16:09:00
2646,3,QR Code,F&I,closed,2025-01-18 18:09:00
2647,51,Web,Sales,new,2025-01-09 16:49:00
2648,13,QR Code,Service,new,2025-01-30 11:20:00
2649,55,Call Center,Sales,closed,2025-12-02 11:51:00
2650,39,Call Center,Sales,working,2025-10-29 16:07:00
2651,52,QR Code,F&I,new,2025-06-08 16:41:00
2652,15,QR Code,F&I,new,2025-06-21 13:34:00
2653,39,QR Code,Service,closed,2025-04-03 19:14:00
2654,16,Web,Sales,closed,2025-08-02 08:32:00
2655,6,Call Center,Service,working,2025-03-13 16:04:00
2656,55,Web,F&I,new,2025-01-02 09:53:00
2657,6,Web,Service,new,2025-01-19 18:49:00
2658,1,Web,Sales,new,2025-11-10 17:28:00
2659,19,Call Center,Sales,new,2025-03-13 19:19:00
2660,42,QR Code,Sales,working,2025-01-15 14:30:00
2661,7,Web,Sales,new,2025-09-18 18:33:00
2662,43,Web,Sales,closed,2025-12-08 18:25:00
2663,51,Call Center,Sales,working,2025-11-24 10:37:00
2664,1,QR Code,Service,working,2025-10-19 18:25:00
2665,44,QR Code,Sales,working,2025-10-03 17:37:00
2666,28,QR Code,Service,working,2025-06-15 12:01:00
2667,19,Web,Sales,working,2025-03-05 13:30:00
2668,13,Call Center,F&I,new,2025-10-20 17:55:00
2669,42,Web,Sales,new,2025-02-28 08:55:00
2670,50,Call Center,Service,new,2025-01-23 12:17:00
2671,41,QR Code,F&I,closed,2025-04-03 15:22:00
2672,4,Call Center,Service,new,2025-11-17 17:12:00
2673,32,Call Center,Sales,new,2025-05-21 14:42:00
2674,23,Call Center,Sales,new,2025-03-18 14:38:00
2675,1,QR Code,Sales,new,2025-09-13 12:50:00
2676,37,Web,Sales,closed,2025-08-20 18:18:00
2677,45,Web,F&I,closed,2025-06-17 09:51:00
2678,18,Web,F&I,closed,2025-06-06 13:57:00
2679,51,Web,Service,working,2025-04-17 13:14:00
2680,35,Web,Sales,closed,2025-12-06 11:42:00
2681,18,Call Center,Service,closed,2025-09-17 19:54:00
2682,26,QR Code,Sales,new,2025-06-03 08:55:00
2683,30,Web,Sales,new,2025-08-31 16:57:00
2684,16,QR Code,Sales,closed,2025-03-23 16:13:00
2685,42,Web,Sales,closed,2025-05-09 14:38:00
2686,56,Call Center,Sales,closed,2025-10-02 12:20:00
2687,24,QR Code,Sales,working,2025-01-17 14:29:00
2688,49,Call Center,Sales,closed,2025-11-05 15:28:00
2689,60,Call Center,Sales,working,2025-01-15 16:22:00
2690,36,Web,Sales,new,2025-02-18 09:08:00
2691,39,QR Code,Service,closed,2025-05-16 11:52:00
2692,43,QR Code,Sales,new,2025-06-30 14:22:00
2693,58,QR Code,Sales,closed,2025-04-04 08:33:00
2694,41,Call Center,Service,closed,2025-08-09 09:37:00
2695,21,Call Center,Service,closed,2025-12-17 08:59:00
2696,9,Call Center,Sales,new,2025-08-31 14:29:00
2697,47,Web,Sales,new,2025-03-27 10:48:00
2698,26,Call Center,Sales,new,2025-03-23 14:36:00
2699,22,Web,Service,new,2025-02-07 12:21:00
2700,44,Call Center,F&I,new,2025-02-21 12:50:00
2701,55,QR Code,Sales,new,2025-02-16 08:09:00
2702,36,QR Code,Sales,new,2025-03-31 12:08:00
2703,8,Web,Sales,closed,2025-06-19 12:40:00
2704,51,Call Center,Service,new,2025-02-13 18:37:00
2705,44,Call Center,F&I,working,2025-10-27 17:08:00
2706,40,QR Code,Sales,closed,2025-02-12 15:14:00
2707,10,Call Center,Sales,new,2025-03-22 14:36:00
2708,51,Web,Sales,working,2025-06-14 14:49:00
2709,1,QR Code,Sales,closed,2025-08-15 19:39:00
2710,6,Call Center,Sales,working,2025-07-11 13:03:00
2711,34,QR Code,Sales,closed,2025-05-05 08:56:00
2712,33,Web,Service,new,2025-07-24 11:41:00
2713,18,QR Code,Service,new,2025-01-05 12:26:00
2714,30,Web,Sales,new,2025-12-14 16:45:00
2715,16,QR Code,Sales,new,2025-08-06 09:56:00
2716,18,Call Center,Sales,working,2025-07-12 10:09:00
2717,12,QR Code,Service,closed,2025-01-17 19:04:00
2718,44,QR Code,Sales,closed,2025-07-18 14:14:00
2719,42,Call Center,Service,closed,2025-09-03 08:29:00
2720,38,QR Code,Sales,working,2025-06-06 10:02:00
2721,8,Call Center,Sales,working,2025-08-11 08:50:00
2722,35,Web,Sales,new,2025-11-07 15:00:00
2723,60,Web,Service,new,2025-07-06 17:25:00
2724,16,Web,Service,new,2025-08-13 19:48:00
2725,33,Call Center,Service,new,2025-08-01 17:22:00
2726,35,Call Center,Sales,working,2025-04-23 11:29:00
2727,11,Call Center,Service,closed,2025-03-13 12:42:00
2728,14,Web,F&I,new,2025-01-01 09:51:00
2729,8,Web,F&I,closed,2025-11-04 14:13:00
2730,27,Web,Sales,working,2025-05-15 14:20:00
2731,18,Call Center,Sales,closed,2025-10-05 18:14:00
2732,48,QR Code,F&I,closed,2025-03-16 09:42:00
2733,31,Web,Sales,new,2025-01-30 12:04:00
2734,6,Web,Sales,closed,2025-10-06 10:17:00
2735,38,QR Code,Sales,working,2025-07-25 13:43:00
2736,54,Web,F&I,closed,2025-10-23 17:28:00
2737,4,Call Center,F&I,new,2025-06-11 09:31:00
2738,5,Call Center,Service,closed,2025-09-10 19:20:00
2739,23,Call Center,Service,working,2025-08-18 09:26:00
2740,39,Call Center,Sales,closed,2025-07-30 16:04:00
2741,57,Call Center,Sales,new,2025-10-27 19:03:00
2742,32,Call Center,Service,closed,2025-06-28 10:07:00
2743,5,QR Code,F&I,working,2025-08-29 12:37:00
2744,11,Web,Service,working,2025-11-04 16:49:00
2745,38,Call Center,Sales,working,2025-10-08 19:13:00
2746,10,Web,Service,working,2025-03-16 09:28:00
2747,5,QR Code,Service,working,2025-11-04 16:56:00
2748,41,Web,F&I,new,2025-05-11 09:52:00
2749,12,Web,Service,new,2025-04-07 19:34:00
2750,47,Web,Sales,new,2025-10-12 13:24:00
2751,42,Web,Service,working,2025-10-28 13:56:00
2752,35,Call Center,Service,closed,2025-08-26 08:35:00
2753,40,Call Center,Service,working,2025-11-06 15:40:00
2754,13,QR Code,F&I,new,2025-06-18 14:25:00
2755,45,Call Center,Sales,new,2025-03-11 19:18:00
2756,46,Web,Sales,new,2025-04-03 18:10:00
2757,18,QR Code,Service,closed,2025-02-18 11:51:00
2758,27,Call Center,Sales,new,2025-12-11 14:20:00
2759,19,Call Center,Sales,closed,2025-05-18 12:09:00
2760,43,Call Center,Service,new,2025-01-16 13:00:00
2761,20,Web,Sales,new,2025-08-13 09:42:00
2762,28,Call Center,F&I,working,2025-12-03 12:00:00
2763,37,Call Center,Sales,working,2025-05-26 11:39:00
2764,21,QR Code,Service,new,2025-02-17 16:58:00
2765,25,QR Code,F&I,new,2025-02-08 08:41:00
2766,12,QR Code,F&I,new,2025-01-19 15:24:00
2767,28,QR Code,F&I,working,2025-10-26 17:11:00
2768,37,Call Center,Sales,working,2025-06-27 09:36:00
2769,54,Call Center,Service,working,2025-11-15 10:17:00
2770,55,Web,Sales,working,2025-03-18 18:11:00
2771,14,Web,Sales,closed,2025-08-30 16:24:00
2772,24,Call Center,Sales,closed,2025-05-28 16:11:00
2773,14,Call Center,Sales,working,2025-06-24 10:48:00
2774,41,QR Code,F&I,closed,2025-09-25 12:56:00
2775,31,Call Center,Sales,working,2025-11-20 17:55:00
2776,19,Call Center,Sales,new,2025-06-17 15:25:00
2777,36,Web,Sales,working,2025-09-18 12:47:00
2778,42,QR Code,Sales,working,2025-07-25 14:28:00
2779,40,Web,Sales,working,2025-10-24 19:06:00
2780,2,QR Code,Sales,closed,2025-04-21 15:06:00
2781,33,Call Center,Service,working,2025-08-05 15:42:00
2782,24,QR Code,F&I,closed,2025-11-09 16:20:00
2783,51,Web,Sales,new,2025-04-28 10:52:00
2784,58,Call Center,Service,working,2025-05-16 09:30:00
2785,35,Call Center,F&I,working,2025-10-28 09:19:00
2786,55,Web,Sales,closed,2025-03-08 11:34:00
2787,49,QR Code,Service,closed,2025-05-08 11:48:00
2788,56,Call Center,Service,new,2025-10-14 13:32:00
2789,25,Web,Sales,closed,2025-11-04 18:13:00
2790,58,Web,Sales,working,2025-09-08 15:03:00
2791,25,Web,Sales,new,2025-06-17 19:27:00
2792,46,Call Center,Sales,new,2025-05-06 18:09:00
2793,48,Web,F&I,new,2025-01-25 15:19:00
2794,57,Web,Sales,working,2025-03-11 15:34:00
2795,32,Web,Service,working,2025-09-11 17:17:00
2796,42,Web,Service,closed,2025-05-03 13:08:00
2797,55,Web,Service,working,2025-04-08 08:48:00
2798,31,Web,Sales,working,2025-07-19 12:01:00
2799,6,QR Code,Sales,new,2025-06-07 12:05:00
2800,4,QR Code,Service,closed,2025-01-17 12:47:00
2801,34,QR Code,Service,working,2025-06-20 11:21:00
2802,59,QR Code,Sales,working,2025-04-13 14:02:00
2803,59,Call Center,F&I,new,2025-12-10 12:29:00
2804,6,QR Code,Service,closed,2025-11-04 17:37:00
2805,54,Call Center,Sales,new,2025-06-10 18:56:00
2806,20,Web,Sales,new,2025-06-06 16:41:00
2807,27,Web,Service,working,2025-09-19 19:29:00
2808,27,QR Code,Service,working,2025-07-24 16:56:00
2809,42,Call Center,Sales,new,2025-11-13 19:14:00
2810,1,QR Code,Service,working,2025-04-03 14:58:00
2811,10,Web,Sales,new,2025-02-04 11:56:00
2812,16,QR Code,Sales,new,2025-04-20 12:29:00
2813,33,Call Center,Sales,working,2025-06-23 12:52:00
2814,51,Web,Service,working,2025-09-16 09:34:00
2815,44,Web,Sales,working,2025-07-28 15:19:00
2816,1,Web,Sales,new,2025-03-14 12:57:00
2817,27,QR Code,Service,working,2025-06-12 11:39:00
2818,50,Web,Service,closed,2025-10-03 09:31:00
2819,21,QR Code,Service,new,2025-06-25 17:33:00
2820,23,Call Center,Sales,new,2025-11-14 09:37:00
2821,53,Web,Sales,new,2025-05-13 19:38:00
2822,12,Call Center,Sales,closed,2025-06-09 13:36:00
2823,58,Web,Sales,new,2025-04-09 12:46:00
2824,3,Call Center,Service,working,2025-04-08 08:28:00
2825,48,Web,Service,working,2025-07-28 18:49:00
2826,51,QR Code,F&I,closed,2025-10-13 17:06:00
2827,44,QR Code,F&I,new,2025-02-12 08:26:00
2828,59,QR Code,Sales,closed,2025-07-15 09:01:00
2829,9,Web,Sales,working,2025-03-05 16:59:00
2830,26,QR Code,Service,closed,2025-03-29 17:49:00
2831,52,QR Code,Sales,working,2025-02-14 17:14:00
2832,49,QR Code,Service,new,2025-03-09 19:12:00
2833,18,Web,Service,closed,2025-10-14 10:16:00
2834,36,Call Center,Sales,working,2025-08-26 09:18:00
2835,42,QR Code,F&I,closed,2025-01-12 16:25:00
2836,54,Web,Sales,working,2025-04-04 12:56:00
2837,6,QR Code,F&I,closed,2025-11-21 16:21:00
2838,9,QR Code,Sales,closed,2025-04-23 16:59:00
2839,40,Call Center,Sales,closed,2025-05-02 08:26:00
2840,57,QR Code,Sales,new,2025-03-12 09:51:00
2841,13,Web,Sales,working,2025-10-12 15:53:00
2842,43,Call Center,Service,closed,2025-08-17 08:13:00
2843,36,QR Code,Sales,working,2025-03-28 09:37:00
2844,8,Web,Service,closed,2025-05-13 08:23:00
2845,48,Web,Sales,new,2025-07-29 17:21:00
2846,9,QR Code,Sales,new,2025-12-03 16:16:00
2847,49,Web,Service,closed,2025-09-22 19:49:00
2848,24,QR Code,Sales,new,2025-12-06 10:33:00
2849,46,Call Center,Service,new,2025-10-02 16:13:00
2850,28,Web,Service,closed,2025-09-06 08:39:00
2851,18,QR Code,Sales,working,2025-06-15 19:17:00
2852,54,Web,Sales,new,2025-10-22 11:22:00
2853,6,Web,F&I,closed,2025-09-02 19:21:00
2854,11,QR Code,Service,working,2025-09-15 16:45:00
2855,34,QR Code,F&I,new,2025-07-17 14:28:00
2856,17,Call Center,Sales,working,2025-06-21 13:50:00
2857,34,Web,Sales,closed,2025-11-03 08:58:00
2858,37,Web,Service,new,2025-04-16 08:53:00
2859,42,Call Center,Sales,working,2025-11-24 10:08:00
2860,37,QR Code,Service,working,2025-11-18 18:44:00
2861,1,Web,F&I,working,2025-02-06 19:15:00
2862,27,Web,Sales,new,2025-01-09 14:02:00
2863,28,Web,F&I,working,2025-09-06 18:44:00
2864,45,QR Code,Sales,working,2025-03-20 14:28:00
2865,60,Call Center,Service,working,2025-12-16 19:02:00
2866,42,Call Center,Sales,new,2025-12-03 18:31:00
2867,26,QR Code,Sales,working,2025-09-02 19:25:00
2868,22,QR Code,Service,closed,2025-02-12 19:36:00
2869,39,Call Center,Sales,working,2025-09-16 13:04:00
2870,7,Web,Service,new,2025-08-08 16:48:00
2871,16,QR Code,Sales,closed,2025-09-22 15:17:00
2872,31,Web,Sales,closed,2025-01-10 17:16:00
2873,46,QR Code,Service,new,2025-04-18 14:34:00
2874,10,QR Code,Sales,closed,2025-01-02 08:31:00
2875,4,Call Center,Sales,working,2025-12-06 18:16:00
2876,53,Web,Service,working,2025-12-04 10:11:00
2877,47,Web,Sales,working,2025-11-21 16:21:00
2878,24,Call Center,Service,working,2025-08-28 10:15:00
2879,35,Web,Sales,new,2025-07-07 18:47:00
2880,54,Web,Service,working,2025-06-26 15:23:00
2881,7,Web,Sales,new,2025-12-01 16:49:00
2882,41,Call Center,Service,working,2025-11-24 10:15:00
2883,20,Web,Sales,working,2025-01-10 17:28:00
2884,7,QR Code,F&I,closed,2025-05-11 17:31:00
2885,52,Web,Sales,working,2025-05-06 19:20:00
2886,3,QR Code,Sales,working,2025-09-23 13:45:00
2887,3,Web,Sales,closed,2025-03-04 14:06:00
2888,49,Web,Service,working,2025-02-23 15:36:00
2889,18,Call Center,Sales,working,2025-10-22 19:38:00
2890,10,QR Code,Service,closed,2025-02-26 11:42:00
2891,24,Web,Service,closed,2025-12-11 14:02:00
2892,23,Call Center,Service,new,2025-02-24 12:12:00
2893,15,Web,F&I,new,2025-08-10 13:30:00
2894,47,Web,Sales,new,2025-10-18 19:17:00
2895,59,QR Code,Service,working,2025-08-22 18:27:00
2896,36,Web,Service,closed,2025-03-20 10:54:00
2897,17,Call Center,F&I,closed,2025-02-04 14:27:00
2898,7,Call Center,Service,new,2025-02-15 10:04:00
2899,37,Web,Service,working,2025-03-17 14:48:00
2900,29,QR Code,Service,working,2025-05-16 13:44:00
2901,8,Call Center,Service,closed,2025-09-24 16:42:00
2902,58,Call Center,Sales,working,2025-06-25 11:32:00
2903,44,Call Center,Sales,closed,2025-06-23 18:41:00
2904,50,QR Code,Service,working,2025-02-21 15:05:00
2905,16,Call Center,Sales,new,2025-04-12 09:07:00
2906,19,Web,Sales,closed,2025-08-28 08:26:00
2907,31,Call Center,F&I,new,2025-08-11 15:24:00
2908,54,QR Code,Sales,new,2025-02-03 15:09:00
2909,53,Call Center,Sales,closed,2025-10-22 10:24:00
2910,42,Web,Sales,working,2025-06-18 15:19:00
2911,49,QR Code,Service,working,2025-04-29 12:50:00
2912,3,QR Code,Service,working,2025-10-17 18:00:00
2913,29,Call Center,Sales,new,2025-12-16 19:55:00
2914,30,Web,Sales,new,2025-01-06 13:59:00
2915,1,Call Center,Sales,closed,2025-03-13 19:59:00
2916,36,Web,Sales,working,2025-09-19 16:00:00
2917,54,QR Code,Sales,working,2025-11-15 13:28:00
2918,23,Call Center,F&I,closed,2025-03-04 09:19:00
2919,38,QR Code,Sales,new,2025-09-04 13:51:00
2920,39,Call Center,Sales,working,2025-08-21 09:54:00
2921,4,Web,Sales,working,2025-10-21 19:24:00
2922,36,Web,Sales,working,2025-10-30 14:35:00
2923,43,Call Center,Sales,working,2025-08-12 11:19:00
2924,43,Call Center,Service,working,2025-04-30 11:02:00
2925,47,Web,F&I,working,2025-08-20 12:55:00
2926,14,QR Code,Sales,working,2025-03-01 14:01:00
2927,55,Call Center,Sales,working,2025-05-29 17:49:00
2928,58,QR Code,Service,working,2025-07-04 15:26:00
2929,7,Call Center,Sales,closed,2025-02-25 15:25:00
2930,30,QR Code,Sales,working,2025-03-18 10:10:00
2931,44,Call Center,Sales,closed,2025-01-13 16:16:00
2932,25,Web,Service,new,2025-09-28 14:24:00
2933,47,Call Center,F&I,closed,2025-11-02 19:55:00
2934,3,Web,F&I,working,2025-11-16 15:38:00
2935,10,Call Center,Sales,closed,2025-07-12 10:56:00
2936,49,Call Center,Service,new,2025-08-16 08:28:00
2937,23,Call Center,Sales,working,2025-03-05 10:11:00
2938,3,QR Code,F&I,closed,2025-07-28 10:18:00
2939,14,QR Code,F&I,working,2025-11-12 12:24:00
2940,17,QR Code,F&I,working,2025-04-27 17:22:00
2941,13,Web,Sales,working,2025-06-24 13:49:00
2942,54,Call Center,Service,working,2025-01-25 12:33:00
2943,36,Web,Sales,working,2025-06-22 11:06:00
2944,58,QR Code,Service,working,2025-03-15 11:28:00
2945,28,QR Code,Service,working,2025-10-09 16:25:00
2946,58,QR Code,F&I,working,2025-02-17 16:25:00
2947,60,QR Code,Service,closed,2025-04-17 10:34:00
2948,37,Web,Sales,closed,2025-09-26 15:12:00
2949,45,Web,Service,working,2025-02-09 17:23:00
2950,12,Call Center,Sales,closed,2025-10-23 17:25:00
2951,2,Call Center,Service,new,2025-06-15 16:31:00
2952,47,Call Center,Sales,working,2025-12-02 13:19:00
2953,43,Call Center,F&I,working,2025-02-04 14:26:00
2954,37,Web,Sales,new,2025-08-18 11:55:00
2955,4,QR Code,F&I,working,2025-09-04 12:47:00
2956,10,QR Code,Sales,working,2025-05-02 16:45:00
2957,28,Call Center,F&I,working,2025-01-26 15:38:00
2958,22,QR Code,Sales,closed,2025-09-14 15:00:00
2959,55,QR Code,Sales,closed,2025-09-05 10:22:00
2960,47,Call Center,Sales,closed,2025-06-30 10:36:00
2961,22,Call Center,Sales,new,2025-09-16 13:34:00
2962,41,Web,Service,new,2025-07-10 14:53:00
2963,60,Web,Service,new,2025-08-24 12:58:00
2964,34,Call Center,Service,new,2025-10-07 12:41:00
2965,51,QR Code,Sales,closed,2025-08-29 14:45:00
2966,31,Web,Sales,closed,2025-03-29 12:12:00
2967,22,QR Code,F&I,closed,2025-06-05 15:10:00
2968,56,Web,Sales,working,2025-07-12 14:48:00
2969,20,QR Code,F&I,closed,2025-04-25 08:53:00
2970,42,QR Code,Sales,working,2025-01-10 15:37:00
2971,4,Call Center,Service,closed,2025-11-17 12:00:00
2972,27,Web,Sales,working,2025-07-01 10:18:00
2973,26,QR Code,Service,closed,2025-07-15 10:08:00
2974,15,QR Code,Service,closed,2025-01-28 12:59:00
2975,4,QR Code,Sales,working,2025-02-21 11:06:00
2976,8,Call Center,Service,working,2025-08-24 12:58:00
2977,40,Call Center,F&I,closed,2025-04-25 16:47:00
2978,44,QR Code,Sales,working,2025-08-01 09:22:00
2979,11,Web,Service,new,2025-06-04 14:20:00
2980,46,Call Center,Sales,working,2025-11-22 14:04:00
2981,42,Web,Sales,closed,2025-06-09 15:15:00
2982,46,Web,Sales,new,2025-06-16 19:58:00
2983,47,QR Code,Sales,working,2025-02-01 12:36:00
2984,2,Web,F&I,closed,2025-05-22 18:37:00
2985,51,Web,Sales,working,2025-12-19 16:44:00
2986,16,Web,Sales,working,2025-01-11 11:40:00
2987,44,Call Center,Sales,new,2025-04-17 14:19:00
2988,53,Call Center,Sales,new,2025-08-23 13:02:00
2989,6,Web,Sales,working,2025-07-07 08:51:00
2990,18,QR Code,Sales,new,2025-11-21 10:57:00
2991,44,Web,F&I,working,2025-12-12 12:04:00
2992,53,Web,Service,new,2025-01-19 17:05:00
2993,53,Call Center,Sales,closed,2025-06-26 11:46:00
2994,40,Call Center,Service,working,2025-05-11 09:21:00
2995,55,Web,Sales,new,2025-06-10 14:27:00
2996,12,QR Code,Service,working,2025-09-21 14:15:00
2997,43,QR Code,Service,closed,2025-12-09 14:15:00
2998,36,Web,Sales,working,2025-12-04 18:41:00
2999,45,Call Center,F&I,closed,2025-08-05 08:47:00
3000,3,Call Center,Sales,working,2025-02-25 14:46:00
3001,34,QR Code,Sales,closed,2025-09-14 11:02:00
3002,27,Web,Service,closed,2025-09-18 13:05:00
3003,41,QR Code,Sales,working,2025-01-19 14:48:00
3004,49,Web,Sales,closed,2025-03-24 08:00:00
3005,36,QR Code,Service,working,2025-02-27 15:09:00
3006,30,Web,Sales,new,2025-04-18 15:33:00
3007,39,QR Code,F&I,working,2025-10-27 09:41:00
3008,17,Web,Sales,new,2025-07-18 14:24:00
3009,49,Call Center,Sales,working,2025-09-09 13:27:00
3010,16,QR Code,Sales,closed,2025-02-15 18:28:00
3011,23,Web,Service,new,2025-08-08 11:49:00
3012,31,QR Code,Service,working,2025-02-25 09:23:00
3013,19,Web,Sales,new,2025-06-22 13:18:00
3014,3,QR Code,Service,closed,2025-09-17 17:37:00
3015,54,QR Code,Service,working,2025-04-17 18:29:00
3016,34,QR Code,Sales,new,2025-04-23 17:05:00
3017,18,Web,F&I,closed,2025-02-24 18:26:00
3018,45,Web,Sales,closed,2025-04-10 14:10:00
3019,9,Web,Sales,working,2025-04-25 19:29:00
3020,48,Web,Sales,closed,2025-01-23 18:10:00
3021,33,Web,Sales,working,2025-01-07 14:02:00
3022,52,Call Center,Sales,new,2025-02-28 15:33:00
3023,50,Web,Service,new,2025-05-22 17:35:00
3024,10,Call Center,Sales,working,2025-01-08 19:35:00
3025,20,Call Center,Sales,new,2025-07-07 09:58:00
3026,8,Call Center,Service,new,2025-05-15 18:36:00
3027,6,QR Code,Service,new,2025-09-14 09:52:00
3028,52,Call Center,Service,working,2025-11-12 18:43:00
3029,57,QR Code,Sales,closed,2025-06-05 16:42:00
3030,19,Call Center,Sales,new,2025-02-02 12:05:00
3031,46,Call Center,Sales,new,2025-04-29 15:55:00
3032,1,Web,Sales,closed,2025-06-08 13:26:00
3033,5,Call Center,Sales,working,2025-01-12 14:17:00
3034,51,Web,Service,new,2025-01-28 11:13:00
3035,60,Web,Sales,closed,2025-08-19 17:39:00
3036,34,Call Center,Service,new,2025-08-19 11:38:00
3037,1,Call Center,Sales,working,2025-07-17 15:22:00
3038,26,Call Center,Service,new,2025-05-04 09:01:00
3039,39,QR Code,Sales,working,2025-07-27 09:10:00
3040,30,Web,F&I,working,2025-11-03 18:40:00
3041,34,Web,Sales,closed,2025-10-30 09:29:00
3042,59,Web,Sales,new,2025-08-22 15:31:00
3043,49,QR Code,Sales,closed,2025-04-24 12:38:00
3044,5,Call Center,Sales,working,2025-08-15 08:02:00
3045,29,Call Center,Sales,closed,2025-05-24 18:33:00
3046,31,Call Center,Service,closed,2025-12-15 11:23:00
3047,12,QR Code,Sales,working,2025-07-16 11:46:00
3048,7,Call Center,F&I,working,2025-08-21 14:44:00
3049,18,Web,Service,new,2025-09-17 11:50:00
3050,36,QR Code,Sales,working,2025-06-28 18:15:00
3051,10,QR Code,Service,closed,2025-09-03 15:42:00
3052,51,Web,F&I,working,2025-03-05 15:59:00
3053,15,Web,Service,new,2025-06-13 19:07:00
3054,60,Web,Sales,working,2025-07-09 11:52:00
3055,45,Web,Sales,working,2025-11-02 18:40:00
3056,24,Call Center,Service,new,2025-09-06 17:45:00
3057,26,QR Code,Sales,new,2025-07-23 13:20:00
3058,6,QR Code,Service,new,2025-02-26 09:52:00
3059,41,Call Center,Sales,new,2025-09-21 11:00:00
3060,4,QR Code,F&I,closed,2025-12-15 16:54:00
3061,32,Web,F&I,new,2025-12-13 18:26:00
3062,24,QR Code,Sales,closed,2025-06-12 10:08:00
3063,50,QR Code,Sales,new,2025-09-29 08:26:00
3064,41,QR Code,Sales,new,2025-11-18 10:12:00
3065,13,QR Code,Service,new,2025-06-12 14:54:00
3066,43,QR Code,Sales,new,2025-02-04 18:11:00
3067,9,Call Center,F&I,closed,2025-10-01 14:51:00
3068,17,QR Code,Sales,new,2025-11-06 10:20:00
3069,18,QR Code,Service,closed,2025-05-08 19:34:00
3070,34,Web,Sales,working,2025-01-13 09:53:00
3071,50,Web,Service,new,2025-11-24 15:33:00
3072,18,Call Center,Sales,new,2025-07-19 14:11:00
3073,26,QR Code,Sales,new,2025-07-22 11:20:00
3074,15,QR Code,Sales,working,2025-08-22 15:54:00
3075,49,Call Center,Sales,closed,2025-06-27 10:16:00
3076,18,Call Center,Sales,working,2025-12-16 18:13:00
3077,60,Call Center,Sales,closed,2025-08-22 14:09:00
3078,26,Web,F&I,new,2025-12-01 09:10:00
3079,16,QR Code,F&I,closed,2025-01-17 10:36:00
3080,41,QR Code,Sales,closed,2025-05-10 15:14:00
3081,54,Call Center,Sales,working,2025-03-29 18:45:00
3082,23,QR Code,Sales,new,2025-05-29 08:30:00
3083,44,Web,Service,new,2025-02-05 15:39:00
3084,49,QR Code,Sales,new,2025-04-18 10:39:00
3085,21,Web,Sales,closed,2025-06-30 08:01:00
3086,57,Call Center,Sales,closed,2025-02-11 12:44:00
3087,1,Call Center,Sales,working,2025-08-20 08:09:00
3088,34,Call Center,Service,new,2025-04-29 18:17:00
3089,57,Web,Sales,working,2025-11-24 13:51:00
3090,2,Call Center,F&I,closed,2025-11-07 14:14:00
3091,20,Call Center,Sales,new,2025-01-05 12:23:00
3092,17,Web,Sales,closed,2025-10-25 16:18:00
3093,7,Web,Sales,closed,2025-09-08 14:53:00
3094,34,QR Code,Sales,new,2025-01-02 09:22:00
3095,46,Call Center,Service,new,2025-08-01 09:21:00
3096,46,Web,Sales,new,2025-06-19 19:10:00
3097,42,QR Code,Sales,working,2025-08-16 12:47:00
3098,48,Call Center,Sales,new,2025-12-13 09:05:00
3099,54,Web,Sales,closed,2025-04-03 16:34:00
3100,2,Call Center,Sales,working,2025-05-02 16:57:00
3101,1,Web,Sales,closed,2025-10-31 14:04:00
3102,55,Call Center,Sales,new,2025-06-08 13:44:00
3103,3,QR Code,Service,closed,2025-06-16 14:28:00
3104,51,QR Code,Service,new,2025-08-18 08:45:00
3105,21,Call Center,Sales,working,2025-12-16 08:35:00
3106,58,QR Code,Sales,new,2025-07-02 09:56:00
3107,59,Call Center,Sales,working,2025-09-21 18:47:00
3108,15,QR Code,F&I,working,2025-01-04 12:24:00
3109,48,QR Code,Sales,closed,2025-03-01 17:48:00
3110,37,Call Center,Sales,closed,2025-11-01 13:44:00
3111,57,QR Code,Sales,new,2025-09-23 16:23:00
3112,36,QR Code,Sales,closed,2025-11-11 09:34:00
3113,17,QR Code,Sales,closed,2025-05-01 11:03:00
3114,58,Call Center,Service,working,2025-10-19 11:31:00
3115,40,QR Code,Service,closed,2025-10-26 18:52:00
3116,3,Web,Sales,new,2025-08-20 19:27:00
3117,54,QR Code,Sales,working,2025-07-01 08:59:00
3118,17,Web,Sales,closed,2025-05-08 11:58:00
3119,22,QR Code,Service,closed,2025-11-17 19:03:00
3120,21,QR Code,Service,closed,2025-08-19 15:21:00
3121,14,QR Code,Sales,closed,2025-06-06 11:03:00
3122,42,Call Center,Service,working,2025-12-10 15:24:00
3123,35,Web,Sales,new,2025-04-22 11:12:00
3124,33,Web,Sales,new,2025-06-14 14:37:00
3125,22,QR Code,Sales,new,2025-03-08 19:11:00
3126,46,Call Center,Sales,working,2025-06-19 10:16:00
3127,4,Call Center,F&I,new,2025-04-07 12:30:00
3128,23,Call Center,F&I,new,2025-08-20 08:02:00
3129,26,Call Center,Sales,closed,2025-02-26 11:59:00
3130,6,Call Center,Sales,closed,2025-11-22 08:53:00
3131,41,Web,Sales,working,2025-01-14 14:35:00
3132,16,Call Center,F&I,working,2025-12-10 13:20:00
3133,22,Web,Sales,working,2025-10-25 11:45:00
3134,20,Call Center,Service,working,2025-04-21 14:54:00
3135,37,Call Center,Sales,working,2025-11-04 08:01:00
3136,60,Call Center,Sales,closed,2025-10-16 10:09:00
3137,30,Call Center,Sales,working,2025-11-07 08:58:00
3138,22,Call Center,Sales,new,2025-12-14 11:37:00
3139,17,QR Code,Sales,working,2025-06-08 17:30:00
3140,59,Web,Sales,new,2025-02-28 16:41:00
3141,54,QR Code,Sales,closed,2025-02-07 14:50:00
3142,10,Call Center,F&I,new,2025-02-27 08:30:00
3143,57,QR Code,Sales,working,2025-03-16 15:47:00
3144,36,Call Center,Sales,new,2025-03-16 10:44:00
3145,54,Call Center,F&I,new,2025-01-14 14:36:00
3146,58,Web,Sales,working,2025-05-30 13:32:00
3147,9,Web,Sales,closed,2025-05-19 14:52:00
3148,2,Web,F&I,working,2025-11-28 15:09:00
3149,17,Call Center,Sales,new,2025-06-25 15:35:00
3150,31,Web,Service,new,2025-08-28 14:05:00
3151,4,Call Center,Sales,new,2025-11-03 14:43:00
3152,46,Web,Sales,working,2025-11-26 08:00:00
3153,45,Web,Sales,working,2025-11-25 17:53:00
3154,57,Web,Sales,closed,2025-03-31 13:15:00
3155,44,Web,Sales,working,2025-12-18 08:05:00
3156,6,QR Code,Service,closed,2025-11-12 08:33:00
3157,44,Web,F&I,new,2025-07-24 13:10:00
3158,4,Call Center,Sales,closed,2025-05-26 17:23:00
3159,39,Web,Service,closed,2025-07-14 12:26:00
3160,37,Call Center,Service,new,2025-01-01 09:31:00
3161,24,QR Code,Sales,working,2025-01-15 08:09:00
3162,15,QR Code,Sales,new,2025-12-16 08:43:00
3163,56,Web,Sales,closed,2025-11-03 15:47:00
3164,49,QR Code,Service,new,2025-05-13 12:05:00
3165,58,Call Center,Sales,closed,2025-04-07 11:55:00
3166,35,QR Code,Service,working,2025-02-28 08:53:00
3167,3,QR Code,Sales,closed,2025-07-05 14:33:00
3168,48,QR Code,Sales,working,2025-01-24 12:21:00
3169,48,Call Center,Sales,new,2025-10-30 09:44:00
3170,59,Web,Service,new,2025-09-23 16:16:00
3171,23,Web,Sales,closed,2025-10-23 11:03:00
3172,30,QR Code,Sales,closed,2025-04-12 08:56:00
3173,57,Call Center,Service,working,2025-03-21 12:09:00
3174,19,Call Center,Service,closed,2025-10-07 15:58:00
3175,56,QR Code,Service,new,2025-02-22 12:30:00
3176,17,QR Code,Sales,working,2025-11-08 12:24:00
3177,36,QR Code,Sales,new,2025-05-10 09:16:00
3178,23,QR Code,Service,new,2025-03-15 14:28:00
3179,54,QR Code,F&I,closed,2025-08-08 18:39:00
3180,19,Call Center,Sales,new,2025-02-05 17:59:00
3181,47,QR Code,F&I,working,2025-10-25 08:44:00
3182,5,Call Center,Sales,new,2025-10-25 16:38:00
3183,31,Call Center,Sales,closed,2025-11-06 13:26:00
3184,45,Call Center,F&I,working,2025-05-03 08:42:00
3185,29,Web,Sales,new,2025-11-22 11:53:00
3186,32,QR Code,Sales,closed,2025-02-04 10:18:00
3187,9,Call Center,Sales,closed,2025-11-17 08:31:00
3188,58,Web,Sales,closed,2025-07-22 12:22:00
3189,33,QR Code,Sales,new,2025-06-19 13:27:00
3190,36,QR Code,Sales,new,2025-12-15 09:10:00
3191,34,Web,Sales,new,2025-10-04 13:53:00
3192,18,QR Code,F&I,closed,2025-07-19 16:48:00
3193,19,Call Center,Sales,new,2025-08-18 11:05:00
3194,54,Call Center,Service,closed,2025-12-12 16:55:00
3195,6,Call Center,Service,new,2025-03-27 11:55:00
3196,60,QR Code,Sales,working,2025-09-04 16:44:00
3197,22,Web,Sales,working,2025-04-06 19:24:00
3198,47,Call Center,Sales,working,2025-05-05 15:35:00
3199,43,Call Center,Service,working,2025-10-02 18:40:00
3200,12,QR Code,Sales,working,2025-04-09 15:41:00
3201,3,Web,Sales,working,2025-01-29 16:22:00
3202,31,Call Center,F&I,working,2025-04-22 11:47:00
3203,53,Call Center,Sales,working,2025-03-06 08:19:00
3204,51,Call Center,Service,new,2025-05-11 13:21:00
3205,3,Call Center,Sales,working,2025-05-31 16:34:00
3206,5,QR Code,Sales,working,2025-07-04 14:55:00
3207,15,Web,Service,working,2025-09-28 14:38:00
3208,32,Call Center,Sales,new,2025-04-27 17:54:00
3209,43,Call Center,Sales,closed,2025-08-05 12:20:00
3210,38,Web,F&I,working,2025-12-13 12:02:00
3211,16,QR Code,Sales,new,2025-10-22 11:46:00
3212,32,Web,Sales,new,2025-02-16 11:22:00
3213,3,QR Code,Sales,new,2025-10-04 13:52:00
3214,2,QR Code,Service,working,2025-03-08 10:32:00
3215,5,Web,Sales,working,2025-06-13 18:39:00
3216,22,Web,Service,working,2025-10-18 13:01:00
3217,21,Call Center,Service,working,2025-11-29 10:36:00
3218,6,Call Center,Sales,working,2025-08-15 12:57:00
3219,60,Web,F&I,closed,2025-02-01 18:32:00
3220,54,Web,Sales,working,2025-07-11 13:09:00
3221,25,Web,Sales,new,2025-11-15 16:46:00
3222,10,Call Center,Sales,closed,2025-06-03 13:43:00
3223,12,Call Center,Service,working,2025-02-16 12:00:00
3224,12,Call Center,F&I,working,2025-10-26 11:18:00
3225,51,QR Code,Sales,new,2025-01-12 19:05:00
3226,58,Web,Service,closed,2025-01-20 10:22:00
3227,52,Call Center,F&I,working,2025-12-02 12:26:00
3228,48,Web,Service,closed,2025-04-30 13:30:00
3229,58,Web,Sales,new,2025-08-25 10:31:00
3230,40,QR Code,Service,closed,2025-02-14 09:14:00
3231,42,QR Code,Sales,working,2025-09-28 18:26:00
3232,56,Call Center,Sales,new,2025-10-30 18:13:00
3233,56,Web,Sales,working,2025-11-17 19:56:00
3234,5,Call Center,Sales,closed,2025-09-05 11:44:00
3235,19,Web,Service,new,2025-01-19 09:15:00
3236,51,Call Center,Service,new,2025-03-23 12:51:00
3237,4,Web,Sales,closed,2025-09-11 10:22:00
3238,42,Call Center,Sales,working,2025-08-24 19:13:00
3239,6,QR Code,Service,new,2025-11-30 13:49:00
3240,49,Call Center,F&I,closed,2025-08-14 17:24:00
3241,14,Web,Sales,working,2025-01-31 08:00:00
3242,26,QR Code,Service,closed,2025-07-23 10:49:00
3243,21,Call Center,Service,closed,2025-09-25 15:55:00
3244,18,Call Center,Sales,new,2025-12-02 11:11:00
3245,50,Web,Sales,closed,2025-09-09 16:44:00
3246,39,QR Code,Sales,new,2025-01-03 16:54:00
3247,59,QR Code,Sales,working,2025-10-05 16:21:00
3248,23,Call Center,Sales,new,2025-06-11 17:26:00
3249,14,QR Code,F&I,new,2025-06-09 14:31:00
3250,54,Call Center,Sales,new,2025-11-22 16:01:00
3251,27,Web,Sales,closed,2025-08-04 15:45:00
3252,23,QR Code,Sales,working,2025-03-28 08:07:00
3253,18,Call Center,Sales,new,2025-05-10 16:07:00
3254,46,QR Code,Sales,new,2025-04-20 09:26:00
3255,39,Web,Service,new,2025-03-27 13:21:00
3256,49,Call Center,Sales,new,2025-05-11 12:51:00
3257,51,Call Center,Sales,new,2025-08-06 09:05:00
3258,27,Call Center,Sales,new,2025-11-26 11:33:00
3259,42,QR Code,F&I,new,2025-08-16 14:51:00
3260,38,Web,Sales,closed,2025-04-10 17:36:00
3261,53,QR Code,Sales,working,2025-09-28 11:55:00
3262,31,Call Center,Sales,working,2025-08-26 10:51:00
3263,8,Call Center,Sales,working,2025-06-06 12:18:00
3264,25,QR Code,Sales,new,2025-08-08 09:47:00
3265,31,Web,Sales,working,2025-07-01 10:32:00
3266,60,QR Code,F&I,new,2025-02-04 12:19:00
3267,14,Call Center,Service,working,2025-10-10 12:58:00
3268,39,QR Code,Sales,closed,2025-09-07 08:03:00
3269,40,QR Code,Service,working,2025-05-26 14:04:00
3270,16,Web,F&I,closed,2025-01-21 12:35:00
3271,57,Web,Service,new,2025-05-06 16:12:00
3272,31,QR Code,Sales,working,2025-03-28 19:22:00
3273,43,QR Code,F&I,new,2025-09-09 18:13:00
3274,46,Call Center,Service,working,2025-08-30 16:35:00
3275,30,QR Code,F&I,closed,2025-01-20 12:04:00
3276,60,Web,Service,new,2025-01-02 09:26:00
3277,7,QR Code,Sales,closed,2025-10-26 15:23:00
3278,12,Web,Sales,closed,2025-06-04 18:33:00
3279,55,Web,F&I,new,2025-11-30 11:31:00
3280,43,Web,Sales,closed,2025-09-05 15:29:00
3281,7,Call Center,Service,closed,2025-03-22 16:53:00
3282,2,QR Code,Sales,closed,2025-03-17 11:35:00
3283,54,QR Code,F&I,working,2025-10-20 09:26:00
3284,54,Call Center,Service,closed,2025-01-08 15:00:00
3285,48,Call Center,Sales,new,2025-10-31 15:33:00
3286,34,QR Code,Service,working,2025-11-20 19:45:00
3287,49,Call Center,Sales,working,2025-10-24 19:02:00
3288,57,Call Center,Sales,working,2025-09-21 17:09:00
3289,45,Web,Service,closed,2025-08-11 15:55:00
3290,52,QR Code,F&I,working,2025-05-27 14:20:00
3291,29,Web,Sales,closed,2025-10-28 13:00:00
3292,52,Call Center,Sales,new,2025-01-21 10:03:00
3293,60,Web,Sales,new,2025-07-10 17:58:00
3294,3,Web,Service,new,2025-08-25 19:24:00
3295,24,Call Center,Sales,closed,2025-03-04 11:30:00
3296,37,Call Center,Sales,working,2025-10-31 11:25:00
3297,50,QR Code,F&I,new,2025-07-28 10:31:00
3298,11,Call Center,Sales,new,2025-09-24 15:43:00
3299,46,QR Code,Service,new,2025-08-30 08:34:00
3300,20,QR Code,Sales,new,2025-03-14 11:47:00
3301,24,QR Code,Service,new,2025-07-24 10:23:00
3302,58,QR Code,F&I,working,2025-10-08 15:14:00
3303,37,Web,Sales,closed,2025-12-04 18:24:00
3304,7,Web,Service,closed,2025-07-08 11:29:00
3305,11,Web,Sales,new,2025-08-11 19:09:00
3306,29,QR Code,F&I,closed,2025-04-12 14:33:00
3307,14,QR Code,Sales,closed,2025-11-22 15:39:00
3308,30,QR Code,Sales,new,2025-12-13 18:13:00
3309,49,QR Code,Sales,working,2025-10-25 13:49:00
3310,50,Web,Service,new,2025-01-19 12:31:00
3311,16,QR Code,Sales,closed,2025-03-14 17:05:00
3312,1,QR Code,Sales,working,2025-04-29 10:54:00
3313,16,Web,Sales,closed,2025-12-13 18:26:00
3314,48,Web,Sales,closed,2025-05-27 18:23:00
3315,48,Call Center,Sales,working,2025-08-28 11:43:00
3316,11,QR Code,Sales,working,2025-06-29 11:46:00
3317,12,QR Code,Sales,closed,2025-03-29 15:17:00
3318,39,Web,Service,new,2025-02-03 09:37:00
3319,48,Web,Sales,working,2025-03-20 16:56:00
3320,45,QR Code,Sales,working,2025-04-12 17:23:00
3321,18,Web,F&I,new,2025-02-16 17:42:00
3322,50,QR Code,Sales,closed,2025-12-03 09:00:00
3323,54,Web,F&I,new,2025-06-03 19:14:00
3324,25,Web,F&I,new,2025-08-12 16:12:00
3325,49,QR Code,Sales,working,2025-10-04 12:15:00
3326,23,QR Code,Service,closed,2025-01-23 13:39:00
3327,52,QR Code,Sales,new,2025-11-08 12:49:00
3328,23,QR Code,Sales,working,2025-05-09 10:07:00
3329,35,Call Center,Sales,working,2025-01-24 14:39:00
3330,18,Web,Service,closed,2025-08-24 09:42:00
3331,6,Call Center,Sales,new,2025-08-07 13:02:00
3332,16,QR Code,Sales,working,2025-10-22 13:35:00
3333,46,QR Code,F&I,new,2025-09-15 18:36:00
3334,3,Web,Sales,closed,2025-01-22 17:14:00
3335,26,Call Center,Service,closed,2025-01-01 13:20:00
3336,50,Call Center,Sales,working,2025-01-14 11:50:00
3337,59,QR Code,Sales,closed,2025-07-11 18:51:00
3338,23,Call Center,Sales,closed,2025-06-22 19:51:00
3339,54,Web,Sales,new,2025-10-23 16:27:00
3340,32,Web,Sales,new,2025-02-09 18:19:00
3341,10,Call Center,Service,closed,2025-11-02 19:50:00
3342,24,Web,F&I,closed,2025-01-09 09:38:00
3343,18,Web,Sales,new,2025-10-23 08:36:00
3344,56,Call Center,Service,new,2025-05-16 15:55:00
3345,60,Web,Sales,closed,2025-08-30 13:24:00
3346,47,QR Code,Sales,new,2025-01-17 14:37:00
3347,24,Web,Sales,closed,2025-02-07 09:10:00
3348,58,QR Code,Service,closed,2025-03-04 19:41:00
3349,56,QR Code,Service,new,2025-12-14 11:03:00
3350,47,Call Center,Sales,new,2025-03-11 11:07:00
3351,53,Web,Service,closed,2025-12-06 18:44:00
3352,19,Call Center,Sales,new,2025-07-03 09:09:00
3353,54,Web,Sales,new,2025-04-22 14:50:00
3354,5,Web,F&I,working,2025-11-09 08:51:00
3355,54,Web,Sales,working,2025-05-01 12:17:00
3356,23,Web,Sales,closed,2025-01-16 19:21:00
3357,59,Call Center,Sales,new,2025-09-14 19:29:00
3358,35,QR Code,Service,working,2025-06-28 12:09:00
3359,18,Web,Sales,closed,2025-02-10 18:01:00
3360,12,Call Center,Service,closed,2025-06-11 16:18:00
3361,19,Call Center,Sales,closed,2025-09-11 14:07:00
3362,1,QR Code,Sales,closed,2025-03-10 15:24:00
3363,34,Web,Service,working,2025-03-07 16:38:00
3364,51,Web,Sales,new,2025-12-12 09:25:00
3365,14,QR Code,F&I,working,2025-02-14 10:17:00
3366,1,Web,Service,closed,2025-09-24 17:19:00
3367,57,Web,Sales,working,2025-02-02 08:21:00
3368,1,Web,F&I,new,2025-11-17 13:12:00
3369,13,QR Code,Sales,working,2025-03-02 08:21:00
3370,54,Call Center,Sales,new,2025-11-16 11:09:00
3371,59,Web,F&I,closed,2025-10-24 11:46:00
3372,52,Web,Sales,working,2025-10-03 19:58:00
3373,13,QR Code,Sales,working,2025-12-15 17:48:00
3374,28,Call Center,Sales,new,2025-09-29 15:39:00
3375,56,QR Code,Sales,closed,2025-12-15 09:41:00
3376,50,Web,Service,closed,2025-11-12 13:23:00
3377,35,Call Center,Service,working,2025-03-15 18:09:00
3378,44,Call Center,Sales,working,2025-10-13 08:15:00
3379,31,Call Center,F&I,working,2025-03-23 14:30:00
3380,32,Web,Service,closed,2025-06-03 15:05:00
3381,9,QR Code,Sales,new,2025-01-29 09:43:00
3382,14,QR Code,Sales,new,2025-07-19 09:23:00
3383,46,Web,Sales,closed,2025-03-11 18:02:00
3384,17,Call Center,Service,new,2025-04-23 08:51:00
3385,25,Web,Service,working,2025-06-06 12:59:00
3386,44,Call Center,Sales,new,2025-07-05 12:50:00
3387,29,QR Code,Sales,closed,2025-03-26 15:01:00
3388,46,QR Code,Sales,closed,2025-10-05 19:26:00
3389,47,QR Code,Sales,working,2025-09-29 16:25:00
3390,28,QR Code,Sales,working,2025-04-23 17:55:00
3391,3,Call Center,Sales,new,2025-08-13 18:07:00
3392,47,Call Center,Service,closed,2025-09-26 15:19:00
3393,1,QR Code,F&I,working,2025-01-02 19:08:00
3394,35,Call Center,Sales,new,2025-03-07 16:26:00
3395,35,Web,Sales,working,2025-03-26 15:08:00
3396,54,QR Code,Sales,new,2025-08-09 14:25:00
3397,26,Web,Sales,new,2025-01-17 09:11:00
3398,18,QR Code,Sales,closed,2025-10-24 18:19:00
3399,52,Web,Sales,working,2025-08-10 10:07:00
3400,47,Web,Sales,closed,2025-04-26 09:05:00
3401,47,QR Code,Sales,working,2025-06-23 19:52:00
3402,41,QR Code,F&I,new,2025-07-10 09:39:00
3403,13,Web,Sales,working,2025-12-19 10:31:00
3404,24,Web,Sales,working,2025-10-14 09:31:00
3405,36,QR Code,Service,working,2025-01-13 10:27:00
3406,55,Call Center,Sales,closed,2025-03-08 08:43:00
3407,55,Call Center,Sales,new,2025-07-27 08:06:00
3408,20,Call Center,Service,working,2025-05-25 12:31:00
3409,49,Web,F&I,closed,2025-02-08 08:05:00
3410,50,Web,Service,new,2025-05-09 12:53:00
3411,52,QR Code,Sales,new,2025-12-04 13:57:00
3412,37,Web,Service,working,2025-07-15 15:11:00
3413,38,Web,Sales,new,2025-12-12 11:29:00
3414,25,QR Code,Sales,new,2025-10-18 12:58:00
3415,11,Web,Sales,new,2025-09-08 18:21:00
3416,41,QR Code,Service,working,2025-04-04 08:52:00
3417,28,Web,Sales,closed,2025-09-18 19:34:00
3418,44,Web,Service,new,2025-10-09 16:21:00
3419,31,Web,Sales,working,2025-04-13 17:18:00
3420,45,Web,Sales,working,2025-04-10 08:10:00
3421,52,QR Code,Sales,working,2025-06-29 19:21:00
3422,41,Web,Service,working,2025-05-16 13:53:00
3423,48,Web,F&I,working,2025-05-03 13:41:00
3424,11,QR Code,Sales,closed,2025-11-04 12:43:00
3425,34,Web,Sales,new,2025-11-09 18:39:00
3426,3,QR Code,Sales,new,2025-09-04 16:13:00
3427,39,Web,F&I,closed,2025-07-14 08:44:00
3428,52,Web,Sales,new,2025-01-15 08:51:00
3429,6,Call Center,Service,working,2025-06-30 11:11:00
3430,46,Call Center,Sales,new,2025-05-12 19:56:00
3431,28,Call Center,F&I,working,2025-04-16 15:17:00
3432,18,Web,Service,new,2025-07-21 11:54:00
3433,9,Call Center,Service,closed,2025-09-06 17:30:00
3434,37,Call Center,Sales,new,2025-05-26 08:11:00
3435,28,Web,Service,new,2025-01-23 18:55:00
3436,8,Web,F&I,working,2025-07-20 17:56:00
3437,56,Web,Sales,working,2025-01-12 11:56:00
3438,55,Call Center,F&I,working,2025-06-24 18:48:00
3439,44,Web,Sales,working,2025-04-04 08:46:00
3440,41,QR Code,F&I,new,2025-10-05 17:11:00
3441,24,QR Code,Sales,working,2025-11-03 18:06:00
3442,14,Web,Sales,closed,2025-05-08 15:00:00
3443,49,QR Code,Service,working,2025-01-23 18:23:00
3444,34,QR Code,Service,working,2025-04-15 15:33:00
3445,33,Call Center,Sales,closed,2025-04-11 13:29:00
3446,57,QR Code,Sales,new,2025-05-15 16:03:00
3447,13,Web,Sales,closed,2025-03-02 11:50:00
3448,25,Call Center,Service,new,2025-05-12 14:31:00
3449,21,QR Code,Service,working,2025-11-16 12:56:00
3450,2,Call Center,F&I,new,2025-04-13 15:40:00
3451,28,QR Code,Service,new,2025-01-03 14:39:00
3452,4,QR Code,Sales,new,2025-03-05 18:02:00
3453,39,QR Code,Service,working,2025-11-03 11:14:00
3454,23,Call Center,F&I,new,2025-05-16 15:38:00
3455,8,Web,Service,new,2025-06-30 10:43:00
3456,19,Call Center,Sales,closed,2025-03-07 10:44:00
3457,20,Call Center,Service,new,2025-09-28 17:15:00
3458,4,Web,Sales,closed,2025-06-27 15:13:00
3459,23,Web,Service,new,2025-08-16 17:51:00
3460,21,QR Code,Service,working,2025-05-02 09:34:00
3461,56,QR Code,Sales,working,2025-02-20 13:41:00
3462,60,Call Center,Sales,closed,2025-09-20 19:54:00
3463,22,Web,Service,working,2025-06-05 14:06:00
3464,22,QR Code,Service,closed,2025-01-08 16:18:00
3465,8,QR Code,Sales,closed,2025-06-16 10:41:00
3466,24,Web,Service,new,2025-06-27 13:55:00
3467,43,Web,Sales,working,2025-03-20 12:28:00
3468,29,Web,F&I,working,2025-11-18 13:36:00
3469,24,QR Code,Sales,new,2025-05-26 16:28:00
3470,40,Call Center,Sales,closed,2025-01-20 12:55:00
3471,47,Web,Sales,new,2025-02-24 18:36:00
3472,2,Web,Sales,working,2025-03-28 17:46:00
3473,25,Call Center,Service,new,2025-06-04 15:09:00
3474,26,Call Center,Service,working,2025-07-04 13:07:00
3475,13,Call Center,Sales,closed,2025-05-22 08:03:00
3476,12,Web,F&I,closed,2025-03-04 11:13:00
3477,36,Web,Service,working,2025-11-10 19:37:00
3478,22,Web,Sales,new,2025-12-15 09:40:00
3479,30,Call Center,Sales,closed,2025-10-26 14:56:00
3480,3,QR Code,F&I,closed,2025-09-26 16:34:00
3481,6,Web,Service,new,2025-02-25 08:10:00
3482,16,QR Code,Sales,working,2025-04-22 17:02:00
3483,29,Call Center,F&I,new,2025-09-23 16:34:00
3484,34,Web,F&I,working,2025-06-02 16:06:00
3485,27,Web,Sales,closed,2025-08-20 12:56:00
3486,9,QR Code,Sales,closed,2025-01-05 19:05:00
3487,10,Web,Sales,new,2025-07-31 12:29:00
3488,13,Call Center,Service,closed,2025-12-17 14:26:00
3489,31,Web,Sales,closed,2025-08-16 10:19:00
3490,14,QR Code,Service,new,2025-10-19 09:51:00
3491,1,QR Code,Sales,closed,2025-03-20 08:54:00
3492,37,Web,Service,closed,2025-07-12 14:24:00
3493,12,QR Code,Service,new,2025-03-13 11:42:00
3494,41,Call Center,Sales,closed,2025-11-27 15:08:00
3495,50,Call Center,F&I,closed,2025-05-19 19:04:00
3496,21,QR Code,Sales,working,2025-09-11 13:20:00
3497,44,QR Code,Service,closed,2025-06-16 14:41:00
3498,59,Web,Sales,closed,2025-07-10 18:00:00
3499,41,QR Code,Sales,closed,2025-09-03 12:38:00
3500,17,Web,Sales,working,2025-08-11 12:11:00
3501,17,QR Code,Sales,working,2025-08-22 10:03:00
3502,24,Call Center,Sales,working,2025-11-18 16:20:00
3503,46,Call Center,F&I,closed,2025-04-15 17:44:00
3504,50,Call Center,Sales,closed,2025-05-23 09:00:00
3505,3,Web,Sales,closed,2025-01-20 09:33:00
3506,27,QR Code,Sales,working,2025-07-05 10:30:00
3507,52,Call Center,Sales,closed,2025-05-29 11:02:00
3508,24,Call Center,Sales,new,2025-03-05 08:38:00
3509,58,Call Center,Sales,closed,2025-03-13 15:18:00
3510,10,Web,Sales,closed,2025-01-23 10:28:00
3511,26,Web,F&I,working,2025-02-14 16:01:00
3512,16,QR Code,F&I,closed,2025-07-27 08:09:00
3513,54,Web,Sales,new,2025-12-17 14:37:00
3514,6,Web,F&I,closed,2025-07-16 11:51:00
3515,49,Call Center,Service,working,2025-04-29 12:33:00
3516,22,Call Center,F&I,closed,2025-08-31 12:12:00
3517,34,QR Code,F&I,working,2025-06-21 19:07:00
3518,10,Web,Sales,closed,2025-01-18 09:20:00
3519,35,Call Center,Service,new,2025-09-16 08:38:00
3520,21,QR Code,Service,closed,2025-09-04 12:12:00
3521,60,Call Center,Service,new,2025-08-18 09:50:00
3522,44,Call Center,F&I,closed,2025-04-25 17:47:00
3523,29,Call Center,Sales,new,2025-07-11 15:47:00
3524,44,QR Code,Sales,closed,2025-06-27 09:49:00
3525,14,Web,Service,new,2025-07-12 16:38:00
3526,17,Call Center,Sales,closed,2025-06-03 19:51:00
3527,60,Call Center,F&I,working,2025-07-01 17:12:00
3528,24,Call Center,Service,working,2025-08-28 13:00:00
3529,26,Call Center,Sales,closed,2025-04-03 13:27:00
3530,27,Call Center,F&I,closed,2025-01-14 18:24:00
3531,53,Call Center,Sales,closed,2025-02-03 08:47:00
3532,38,QR Code,Sales,closed,2025-05-23 09:41:00
3533,11,Call Center,Sales,closed,2025-09-28 18:44:00
3534,25,Call Center,F&I,new,2025-09-17 09:36:00
3535,28,Web,Sales,closed,2025-01-15 13:38:00
3536,24,Call Center,F&I,closed,2025-07-25 17:59:00
3537,30,QR Code,Sales,closed,2025-05-25 17:11:00
3538,57,Web,Service,new,2025-09-26 13:34:00
3539,39,Web,F&I,closed,2025-05-03 17:42:00
3540,22,QR Code,Sales,closed,2025-12-02 11:23:00
3541,4,Web,Sales,closed,2025-07-14 09:09:00
3542,37,Call Center,Sales,closed,2025-04-07 08:13:00
3543,16,Web,Sales,new,2025-10-12 13:41:00
3544,15,Web,Service,new,2025-05-01 14:44:00
3545,36,Web,Sales,closed,2025-03-22 17:12:00
3546,9,Call Center,Sales,closed,2025-10-24 15:32:00
3547,55,Web,Service,closed,2025-08-13 18:03:00
3548,37,Web,Sales,new,2025-02-10 10:42:00
3549,45,Call Center,Service,working,2025-02-09 13:02:00
3550,10,Call Center,Sales,working,2025-08-24 16:02:00
3551,13,QR Code,Service,working,2025-07-14 15:41:00
3552,57,Call Center,Service,closed,2025-08-24 13:20:00
3553,18,Call Center,Service,new,2025-02-24 08:19:00
3554,1,QR Code,Service,closed,2025-02-24 16:56:00
3555,27,QR Code,Service,new,2025-11-09 10:48:00
3556,41,Call Center,Sales,working,2025-10-28 11:33:00
3557,3,Web,Sales,working,2025-04-07 08:41:00
3558,27,Call Center,F&I,new,2025-03-25 11:21:00
3559,51,QR Code,Service,new,2025-07-19 10:42:00
3560,43,Call Center,Sales,working,2025-06-01 08:58:00
3561,40,Web,Sales,new,2025-06-24 19:42:00
3562,4,QR Code,F&I,working,2025-08-15 09:25:00
3563,1,Call Center,Sales,new,2025-03-29 15:21:00
3564,43,QR Code,Service,working,2025-02-13 12:07:00
3565,9,Web,F&I,closed,2025-09-23 09:21:00
3566,45,QR Code,Sales,closed,2025-06-13 17:06:00
3567,47,QR Code,Sales,new,2025-08-31 19:21:00
3568,8,QR Code,Sales,working,2025-11-26 10:36:00
3569,39,QR Code,Sales,new,2025-05-19 12:00:00
3570,14,Web,Service,working,2025-09-20 17:37:00
3571,7,Web,F&I,new,2025-08-19 08:39:00
3572,42,QR Code,Sales,closed,2025-06-04 16:32:00
3573,26,Web,Service,closed,2025-07-26 09:44:00
3574,39,Web,Sales,working,2025-02-22 19:40:00
3575,59,Call Center,Service,closed,2025-06-10 09:35:00
3576,58,Call Center,Sales,closed,2025-02-18 13:56:00
3577,17,QR Code,Sales,closed,2025-01-07 19:58:00
3578,16,Call Center,Sales,working,2025-05-10 15:51:00
3579,59,QR Code,Sales,working,2025-08-07 12:03:00
3580,45,Web,F&I,new,2025-09-13 08:28:00
3581,12,QR Code,Sales,new,2025-05-30 11:44:00
3582,39,Call Center,Sales,working,2025-09-10 10:22:00
3583,43,QR Code,Service,closed,2025-09-30 10:31:00
3584,28,QR Code,Sales,closed,2025-04-30 10:14:00
3585,7,Call Center,Service,closed,2025-10-10 17:12:00
3586,42,QR Code,Service,working,2025-04-09 16:41:00
3587,59,QR Code,Sales,closed,2025-08-22 17:38:00
3588,38,QR Code,Sales,new,2025-04-06 13:15:00
3589,55,Call Center,Sales,working,2025-12-02 08:46:00
3590,59,QR Code,Sales,closed,2025-06-02 17:39:00
3591,26,Web,Sales,closed,2025-04-12 14:45:00
3592,9,Call Center,Sales,new,2025-02-06 13:58:00
3593,5,Web,Sales,closed,2025-11-09 13:17:00
3594,11,QR Code,Sales,new,2025-07-09 11:52:00
3595,13,QR Code,Sales,new,2025-01-18 13:18:00
3596,46,Call Center,Sales,working,2025-02-20 12:21:00
3597,55,QR Code,Sales,new,2025-06-21 15:15:00
3598,32,Web,F&I,new,2025-09-15 19:12:00
3599,53,Call Center,Sales,closed,2025-12-14 09:08:00
3600,47,Call Center,Sales,working,2025-10-19 18:28:00
3601,55,Call Center,F&I,new,2025-06-13 09:57:00
3602,32,Call Center,Sales,closed,2025-04-22 11:15:00
3603,7,QR Code,Sales,new,2025-01-09 11:03:00
3604,47,QR Code,F&I,closed,2025-06-21 08:01:00
3605,20,Web,Service,closed,2025-10-08 08:58:00
3606,9,Web,F&I,new,2025-09-23 14:40:00
3607,35,QR Code,Service,new,2025-08-17 10:48:00
3608,2,Call Center,Service,closed,2025-05-24 15:16:00
3609,5,Call Center,Sales,working,2025-01-24 08:04:00
3610,47,Call Center,Service,new,2025-08-30 18:14:00
3611,23,QR Code,Sales,closed,2025-08-05 09:31:00
3612,38,Web,Service,working,2025-10-11 15:27:00
3613,43,Call Center,Service,closed,2025-02-09 16:05:00
3614,3,QR Code,Sales,new,2025-05-23 12:23:00
3615,52,QR Code,Service,working,2025-02-13 19:14:00
3616,38,Web,Service,closed,2025-12-03 18:02:00
3617,50,QR Code,Sales,closed,2025-10-04 14:46:00
3618,38,Web,Sales,closed,2025-04-04 13:16:00
3619,9,QR Code,Sales,closed,2025-01-28 09:49:00
3620,23,QR Code,Service,closed,2025-07-03 13:48:00
3621,59,QR Code,Sales,working,2025-09-22 15:29:00
3622,33,QR Code,F&I,closed,2025-09-27 10:41:00
3623,47,Call Center,Service,new,2025-03-11 19:02:00
3624,40,Web,Service,new,2025-06-08 09:50:00
3625,45,Web,Sales,new,2025-01-08 19:19:00
3626,27,Call Center,Sales,working,2025-09-05 12:09:00
3627,9,Web,Service,working,2025-05-30 08:44:00
3628,1,Call Center,Sales,working,2025-04-29 08:44:00
3629,50,QR Code,F&I,working,2025-09-29 18:57:00
3630,40,QR Code,Sales,closed,2025-11-01 17:09:00
3631,8,QR Code,Sales,new,2025-02-23 16:27:00
3632,19,Call Center,Sales,working,2025-05-06 13:44:00
3633,39,Web,Sales,new,2025-02-11 12:15:00
3634,30,Call Center,Service,new,2025-05-19 13:56:00
3635,42,Call Center,Sales,new,2025-12-10 13:16:00
3636,16,QR Code,Sales,new,2025-07-25 08:23:00
3637,12,QR Code,Sales,new,2025-02-08 18:55:00
3638,53,QR Code,Sales,new,2025-04-13 13:49:00
3639,40,QR Code,Service,working,2025-10-20 19:09:00
3640,9,QR Code,Sales,closed,2025-11-25 09:17:00
3641,38,Web,F&I,new,2025-12-03 11:08:00
3642,33,Call Center,Sales,working,2025-09-23 13:02:00
3643,46,QR Code,Sales,closed,2025-12-07 18:52:00
3644,31,Web,Sales,working,2025-09-10 12:36:00
3645,4,Call Center,Sales,closed,2025-08-11 16:59:00
3646,52,Call Center,Sales,closed,2025-07-06 11:50:00
3647,36,QR Code,F&I,closed,2025-06-30 14:01:00
3648,9,Call Center,F&I,working,2025-03-04 08:29:00
3649,28,QR Code,Service,closed,2025-01-31 11:09:00
3650,48,Web,Sales,closed,2025-05-10 10:25:00
3651,24,Call Center,Service,working,2025-12-09 11:07:00
3652,50,Call Center,Sales,new,2025-01-30 18:52:00
3653,39,QR Code,Sales,working,2025-09-18 10:29:00
3654,23,QR Code,F&I,working,2025-03-21 09:50:00
3655,38,QR Code,Sales,working,2025-05-16 13:59:00
3656,39,QR Code,Service,working,2025-07-01 19:32:00
3657,12,QR Code,Sales,new,2025-08-18 15:45:00
3658,44,Call Center,Sales,new,2025-12-04 16:14:00
3659,9,Web,Sales,working,2025-09-01 12:45:00
3660,22,Web,Sales,new,2025-12-06 16:24:00
3661,46,QR Code,Service,new,2025-03-09 08:30:00
3662,19,QR Code,Sales,working,2025-12-14 10:50:00
3663,34,Web,Service,working,2025-03-11 15:30:00
3664,12,QR Code,Sales,closed,2025-04-16 12:13:00
3665,15,Web,Sales,new,2025-11-24 19:28:00
3666,9,Call Center,Sales,new,2025-07-14 09:16:00
3667,56,Call Center,Sales,working,2025-09-12 15:15:00
3668,5,Web,Sales,closed,2025-10-12 17:23:00
3669,58,Call Center,F&I,closed,2025-04-27 15:12:00
3670,18,QR Code,Sales,working,2025-02-13 08:57:00
3671,11,QR Code,Sales,working,2025-12-17 17:40:00
3672,45,QR Code,Sales,closed,2025-01-14 19:01:00
3673,31,Call Center,F&I,new,2025-02-13 16:37:00
3674,18,Call Center,Sales,closed,2025-06-27 19:20:00
3675,50,Call Center,Sales,new,2025-01-20 13:51:00
3676,50,QR Code,Service,working,2025-11-16 09:29:00
3677,36,QR Code,Sales,working,2025-09-27 08:56:00
3678,5,Web,Sales,closed,2025-08-27 12:07:00
3679,60,Call Center,Sales,closed,2025-01-13 16:27:00
3680,22,Call Center,Sales,new,2025-10-22 12:39:00
3681,29,Call Center,Sales,closed,2025-04-01 12:43:00
3682,8,QR Code,Sales,working,2025-05-28 11:41:00
3683,49,Web,F&I,closed,2025-12-06 19:16:00
3684,10,Web,F&I,working,2025-02-24 18:12:00
3685,39,QR Code,F&I,new,2025-04-14 14:50:00
3686,46,Web,Sales,new,2025-07-13 15:35:00
3687,36,QR Code,Sales,closed,2025-12-11 19:53:00
3688,45,QR Code,Sales,working,2025-07-04 17:04:00
3689,6,Web,Service,working,2025-01-28 15:41:00
3690,42,Web,Sales,working,2025-10-24 11:29:00
3691,28,Web,Service,closed,2025-05-17 16:09:00
3692,17,Web,Sales,working,2025-05-07 15:00:00
3693,51,Call Center,F&I,closed,2025-10-24 17:08:00
3694,54,QR Code,F&I,closed,2025-04-23 10:30:00
3695,22,Call Center,Sales,working,2025-09-12 15:11:00
3696,10,Call Center,Sales,working,2025-05-08 15:42:00
3697,25,Call Center,Sales,closed,2025-07-14 19:54:00
3698,3,Call Center,Sales,working,2025-04-16 09:52:00
3699,16,Web,Sales,new,2025-11-23 10:37:00
3700,39,QR Code,Service,new,2025-08-16 19:31:00
3701,28,Call Center,Sales,working,2025-01-23 09:53:00
3702,47,Call Center,Service,closed,2025-10-30 15:19:00
3703,19,Web,Sales,new,2025-04-11 18:46:00
3704,55,Call Center,Sales,closed,2025-07-15 15:27:00
3705,54,QR Code,Sales,working,2025-01-04 16:27:00
3706,5,Call Center,Sales,working,2025-05-21 11:40:00
3707,27,QR Code,Sales,closed,2025-04-17 10:05:00
3708,9,QR Code,Sales,closed,2025-04-15 16:57:00
3709,59,Call Center,Sales,new,2025-03-23 08:29:00
3710,8,Call Center,Service,new,2025-04-19 12:45:00
3711,51,Call Center,Sales,closed,2025-09-05 12:07:00
3712,30,QR Code,Sales,new,2025-11-29 12:20:00
3713,48,Web,Sales,working,2025-06-08 15:58:00
3714,43,Web,F&I,working,2025-08-19 19:27:00
3715,38,Web,Sales,working,2025-08-12 10:04:00
3716,9,QR Code,Sales,new,2025-10-31 15:23:00
3717,36,QR Code,Sales,closed,2025-07-05 10:38:00
3718,30,Call Center,Service,working,2025-12-14 18:17:00
3719,13,Call Center,Sales,new,2025-10-27 12:15:00
3720,16,Call Center,Sales,new,2025-01-11 16:16:00
3721,26,Web,Sales,working,2025-07-01 13:33:00
3722,7,Call Center,Sales,working,2025-06-25 17:29:00
3723,23,QR Code,F&I,new,2025-08-21 13:04:00
3724,37,Call Center,Service,working,2025-10-07 19:59:00
3725,28,QR Code,F&I,closed,2025-05-07 19:51:00
3726,46,Web,Service,new,2025-10-03 15:41:00
3727,9,Web,F&I,working,2025-05-16 18:30:00
3728,9,QR Code,F&I,new,2025-08-09 15:37:00
3729,6,Call Center,Service,working,2025-01-03 09:38:00
3730,44,Web,F&I,closed,2025-11-14 18:55:00
3731,5,Call Center,Service,working,2025-10-20 19:50:00
3732,27,QR Code,Service,closed,2025-04-22 11:43:00
3733,6,Call Center,Sales,closed,2025-05-22 15:20:00
3734,19,Web,Sales,working,2025-09-28 08:31:00
3735,57,QR Code,Service,new,2025-10-17 10:16:00
3736,7,QR Code,Sales,closed,2025-12-09 13:44:00
3737,60,Web,Sales,closed,2025-03-08 11:31:00
3738,21,QR Code,F&I,working,2025-06-08 15:06:00
3739,38,QR Code,Service,new,2025-04-22 17:17:00
3740,17,QR Code,Sales,new,2025-04-24 14:10:00
3741,13,QR Code,F&I,closed,2025-04-21 09:53:00
3742,10,Web,Sales,closed,2025-08-15 19:50:00
3743,12,QR Code,Sales,closed,2025-01-18 19:43:00
3744,18,Web,Sales,new,2025-05-29 19:49:00
3745,51,QR Code,Sales,new,2025-08-03 10:44:00
3746,60,QR Code,Sales,closed,2025-01-04 10:10:00
3747,29,QR Code,Sales,working,2025-07-23 10:29:00
3748,43,Call Center,Sales,new,2025-09-04 11:34:00
3749,14,Call Center,Sales,new,2025-01-21 08:42:00
3750,31,Web,Sales,working,2025-08-17 16:26:00
3751,14,Call Center,Service,working,2025-04-23 13:41:00
3752,49,Web,F&I,closed,2025-12-10 12:52:00
3753,22,QR Code,Sales,new,2025-06-01 13:07:00
3754,24,QR Code,Service,working,2025-02-25 14:36:00
3755,23,Web,F&I,working,2025-10-17 13:50:00
3756,54,QR Code,Sales,working,2025-07-22 18:08:00
3757,59,QR Code,Sales,closed,2025-10-28 11:29:00
3758,15,Web,Sales,working,2025-09-06 09:18:00
3759,3,Call Center,Sales,working,2025-10-07 10:11:00
3760,10,Call Center,Service,new,2025-03-04 13:40:00
3761,20,Call Center,Service,new,2025-12-10 17:40:00
3762,2,Web,Service,closed,2025-08-24 17:51:00
3763,43,Web,Service,working,2025-12-03 15:43:00
3764,4,QR Code,Sales,working,2025-08-13 14:27:00
3765,25,Web,Service,new,2025-11-08 14:59:00
3766,1,QR Code,Service,new,2025-12-15 16:26:00
3767,22,Call Center,Sales,closed,2025-10-24 14:10:00
3768,51,Web,Sales,new,2025-04-05 11:51:00
3769,10,Web,Service,new,2025-06-17 15:15:00
3770,20,QR Code,Service,closed,2025-07-31 19:10:00
3771,17,Web,Sales,new,2025-08-09 13:06:00
3772,20,QR Code,Service,new,2025-11-03 16:03:00
3773,56,Web,Sales,closed,2025-09-20 14:48:00
3774,34,Web,F&I,closed,2025-09-25 10:17:00
3775,39,Call Center,Service,closed,2025-05-11 18:43:00
3776,24,QR Code,F&I,closed,2025-02-12 19:20:00
3777,35,QR Code,Service,new,2025-04-27 16:15:00
3778,38,Call Center,Service,new,2025-02-04 15:31:00
3779,51,QR Code,F&I,closed,2025-05-07 08:05:00
3780,57,Call Center,F&I,new,2025-03-22 09:24:00
3781,14,Call Center,Sales,working,2025-02-07 18:48:00
3782,44,Web,Service,closed,2025-02-04 16:11:00
3783,28,Call Center,Sales,new,2025-09-05 10:39:00
3784,26,QR Code,Service,new,2025-10-22 19:00:00
3785,42,QR Code,F&I,closed,2025-10-25 09:29:00
3786,34,Web,F&I,closed,2025-05-03 15:07:00
3787,8,Web,F&I,new,2025-02-28 19:44:00
3788,1,Web,Sales,new,2025-03-10 08:54:00
3789,56,QR Code,Sales,closed,2025-10-07 19:36:00
3790,12,Call Center,Sales,closed,2025-04-15 18:00:00
3791,49,Call Center,Service,working,2025-06-29 10:23:00
3792,37,QR Code,Sales,closed,2025-06-27 19:13:00
3793,26,QR Code,Sales,working,2025-08-17 15:50:00
3794,35,QR Code,Sales,closed,2025-07-30 08:11:00
3795,11,QR Code,Sales,new,2025-01-21 15:43:00
3796,22,QR Code,F&I,working,2025-04-17 18:00:00
3797,21,Call Center,Sales,closed,2025-06-13 13:10:00
3798,17,Web,Service,new,2025-08-12 19:00:00
3799,47,Call Center,Service,working,2025-04-27 12:42:00
3800,11,Call Center,Sales,closed,2025-08-15 15:15:00
3801,9,Call Center,Sales,new,2025-10-08 19:35:00
3802,9,Web,Sales,new,2025-01-06 09:52:00
3803,12,Call Center,Sales,new,2025-06-05 09:43:00
3804,26,QR Code,Sales,working,2025-05-20 17:27:00
3805,36,Call Center,Service,new,2025-07-27 10:57:00
3806,51,Call Center,Sales,closed,2025-05-11 17:01:00
3807,34,QR Code,Sales,new,2025-03-03 09:48:00
3808,18,QR Code,Sales,closed,2025-06-21 14:29:00
3809,48,Call Center,Sales,closed,2025-01-15 10:50:00
3810,49,Call Center,F&I,closed,2025-01-21 11:35:00
3811,11,Web,Service,working,2025-08-14 11:46:00
3812,46,Web,Sales,working,2025-09-15 10:39:00
3813,13,QR Code,Service,closed,2025-04-21 15:57:00
3814,2,QR Code,F&I,new,2025-03-25 17:15:00
3815,26,Web,Sales,closed,2025-12-07 16:19:00
3816,19,Web,Sales,closed,2025-10-01 15:15:00
3817,15,QR Code,Service,closed,2025-06-13 13:08:00
3818,39,QR Code,Service,working,2025-02-09 18:29:00
3819,11,Call Center,Sales,new,2025-01-29 11:17:00
3820,8,QR Code,F&I,new,2025-05-15 13:25:00
3821,17,Web,Sales,working,2025-12-19 11:25:00
3822,24,QR Code,Sales,closed,2025-07-05 12:13:00
3823,22,QR Code,Sales,new,2025-09-02 18:35:00
3824,40,Call Center,F&I,working,2025-02-26 12:48:00
3825,29,Web,Sales,closed,2025-04-15 17:33:00
3826,24,QR Code,Service,working,2025-11-27 11:54:00
3827,42,QR Code,Sales,working,2025-02-08 15:56:00
3828,59,Call Center,Sales,working,2025-12-18 16:10:00
3829,9,Web,F&I,new,2025-05-09 19:30:00
3830,53,Call Center,F&I,closed,2025-11-22 14:00:00
3831,29,QR Code,Sales,new,2025-06-08 09:33:00
3832,39,Call Center,Sales,new,2025-11-18 14:04:00
3833,18,Call Center,Sales,new,2025-08-13 09:06:00
3834,21,Call Center,Service,new,2025-01-02 09:26:00
3835,52,QR Code,Sales,closed,2025-11-14 11:40:00
3836,40,Web,Sales,new,2025-10-08 15:39:00
3837,33,Call Center,Sales,new,2025-05-14 18:04:00
3838,15,Call Center,Sales,closed,2025-09-08 14:04:00
3839,23,Web,Sales,closed,2025-10-24 13:47:00
3840,56,Web,Sales,working,2025-11-04 18:30:00
3841,14,QR Code,Service,closed,2025-09-08 10:37:00
3842,39,QR Code,Service,new,2025-11-25 14:28:00
3843,35,Web,Sales,working,2025-02-22 11:36:00
3844,27,QR Code,F&I,working,2025-11-13 19:00:00
3845,27,Web,Sales,working,2025-04-19 14:01:00
3846,21,Call Center,Sales,new,2025-02-11 16:18:00
3847,59,QR Code,Sales,new,2025-02-23 12:22:00
3848,4,Web,F&I,closed,2025-09-14 18:14:00
3849,29,QR Code,F&I,working,2025-08-02 15:57:00
3850,48,Web,Sales,new,2025-03-21 13:52:00
3851,54,Web,Sales,closed,2025-05-29 18:03:00
3852,49,Call Center,Service,closed,2025-11-21 18:48:00
3853,28,Call Center,Sales,closed,2025-06-17 14:31:00
3854,43,Web,Sales,working,2025-09-22 08:03:00
3855,49,Web,Sales,new,2025-02-15 10:18:00
3856,35,Call Center,Service,new,2025-06-24 18:38:00
3857,25,Web,Sales,working,2025-05-07 14:04:00
3858,51,Call Center,Sales,working,2025-05-06 09:04:00
3859,42,Web,F&I,new,2025-07-15 18:13:00
3860,3,Call Center,Service,closed,2025-05-27 09:30:00
3861,44,Call Center,Sales,working,2025-04-29 12:18:00
3862,4,Call Center,Service,closed,2025-12-07 17:58:00
3863,44,Call Center,Sales,working,2025-02-04 15:46:00
3864,60,Web,F&I,working,2025-07-31 15:15:00
3865,22,Web,Sales,working,2025-08-22 12:21:00
3866,4,Web,F&I,closed,2025-04-17 09:39:00
3867,14,Web,Sales,new,2025-10-21 08:34:00
3868,49,Call Center,Service,new,2025-03-11 18:56:00
3869,34,Web,Service,new,2025-06-11 15:01:00
3870,8,Web,Service,working,2025-06-02 14:10:00
3871,43,Web,Service,closed,2025-03-11 15:15:00
3872,59,Web,Sales,new,2025-03-28 10:14:00
3873,50,QR Code,Service,working,2025-07-04 15:49:00
3874,36,Call Center,Sales,closed,2025-11-05 17:19:00
3875,23,Web,Service,working,2025-02-12 17:37:00
3876,43,Web,Sales,working,2025-05-31 10:15:00
3877,1,Web,Sales,working,2025-01-16 10:19:00
3878,57,Web,Sales,working,2025-09-27 13:16:00
3879,44,Call Center,Sales,closed,2025-06-27 12:24:00
3880,58,QR Code,Sales,closed,2025-01-23 19:01:00
3881,3,Web,Sales,closed,2025-11-22 14:02:00
3882,7,Call Center,Sales,working,2025-07-31 08:47:00
3883,54,Web,Sales,closed,2025-04-01 10:45:00
3884,44,Web,F&I,working,2025-01-27 16:59:00
3885,27,QR Code,F&I,working,2025-08-01 08:36:00
3886,45,Call Center,F&I,new,2025-07-31 11:13:00
3887,27,Call Center,Sales,working,2025-04-07 09:32:00
3888,55,QR Code,Service,closed,2025-06-09 14:37:00
3889,27,Call Center,Sales,new,2025-04-12 08:22:00
3890,54,Call Center,Service,closed,2025-04-04 19:05:00
3891,26,QR Code,Service,new,2025-10-28 15:24:00
3892,30,QR Code,Sales,closed,2025-12-16 13:42:00
3893,31,QR Code,Service,working,2025-04-16 15:23:00
3894,1,Call Center,F&I,new,2025-01-19 15:13:00
3895,56,Call Center,Service,working,2025-07-15 10:43:00
3896,51,Web,Sales,closed,2025-06-24 16:44:00
3897,1,QR Code,Sales,working,2025-05-05 18:45:00
3898,22,QR Code,F&I,new,2025-09-16 18:04:00
3899,13,QR Code,F&I,closed,2025-11-29 09:06:00
3900,11,Call Center,Sales,closed,2025-09-15 08:51:00
3901,41,Web,Sales,new,2025-07-20 14:41:00
3902,40,Web,Sales,new,2025-06-05 18:15:00
3903,46,QR Code,Service,working,2025-03-30 08:53:00
3904,7,Call Center,Sales,working,2025-12-04 19:21:00
3905,7,QR Code,Sales,closed,2025-10-26 11:03:00
3906,55,Web,Service,closed,2025-11-15 09:32:00
3907,11,QR Code,Sales,new,2025-01-03 12:37:00
3908,27,Call Center,Sales,new,2025-06-27 10:45:00
3909,49,Call Center,Service,closed,2025-07-18 13:42:00
3910,55,QR Code,F&I,working,2025-05-12 15:53:00
3911,27,Call Center,Service,new,2025-07-22 16:34:00
3912,22,Web,Sales,closed,2025-11-17 08:45:00
3913,55,QR Code,Sales,working,2025-02-16 19:25:00
3914,33,Call Center,F&I,closed,2025-04-07 19:41:00
3915,51,QR Code,Service,working,2025-07-06 08:59:00
3916,7,Web,Service,working,2025-10-15 08:45:00
3917,41,QR Code,F&I,new,2025-04-20 09:10:00
3918,29,Call Center,Sales,working,2025-03-25 11:18:00
3919,33,Web,Sales,working,2025-04-25 08:29:00
3920,38,QR Code,Sales,working,2025-11-19 18:54:00
3921,39,Call Center,Sales,closed,2025-05-05 17:00:00
3922,48,Web,F&I,closed,2025-06-24 18:34:00
3923,28,Call Center,Sales,new,2025-10-01 13:13:00
3924,9,Call Center,Sales,working,2025-10-29 10:20:00
3925,34,Web,Sales,new,2025-01-27 12:24:00
3926,14,QR Code,F&I,working,2025-09-23 14:28:00
3927,46,QR Code,Sales,working,2025-04-29 12:15:00
3928,49,Call Center,Service,closed,2025-10-21 08:35:00
3929,7,Call Center,Sales,working,2025-04-18 17:24:00
3930,46,Web,Service,new,2025-03-31 09:57:00
3931,3,Web,Service,closed,2025-04-11 08:36:00
3932,40,QR Code,Service,new,2025-11-16 19:43:00
3933,30,Web,Sales,closed,2025-07-19 14:53:00
3934,5,Web,Sales,new,2025-04-14 17:39:00
3935,31,Call Center,Sales,working,2025-10-09 12:42:00
3936,13,QR Code,Sales,new,2025-01-11 14:15:00
3937,29,Call Center,Sales,working,2025-01-05 11:32:00
3938,53,Call Center,Service,closed,2025-02-23 14:03:00
3939,46,QR Code,Sales,new,2025-12-07 08:55:00
3940,18,Web,Sales,new,2025-01-18 11:43:00
3941,14,Call Center,Sales,working,2025-08-02 16:30:00
3942,12,Web,Sales,working,2025-07-13 09:12:00
3943,19,Web,Sales,working,2025-10-23 19:23:00
3944,23,QR Code,Sales,working,2025-08-16 18:51:00
3945,34,Call Center,F&I,working,2025-09-30 10:46:00
3946,24,Call Center,Service,working,2025-02-23 19:27:00
3947,32,QR Code,Sales,closed,2025-01-19 14:48:00
3948,35,QR Code,Sales,closed,2025-01-05 19:13:00
3949,56,Call Center,Sales,working,2025-10-26 19:03:00
3950,58,Web,Sales,new,2025-06-26 11:49:00
3951,5,Web,Service,closed,2025-06-12 18:08:00
3952,18,QR Code,F&I,new,2025-12-13 15:05:00
3953,30,Web,Sales,new,2025-05-09 11:40:00
3954,49,QR Code,Sales,closed,2025-08-16 09:36:00
3955,13,QR Code,Sales,closed,2025-03-04 17:17:00
3956,16,QR Code,Sales,closed,2025-12-17 09:58:00
3957,11,QR Code,F&I,new,2025-06-12 09:16:00
3958,4,Web,Sales,new,2025-04-29 11:57:00
3959,33,Web,Sales,working,2025-03-19 18:19:00
3960,1,Web,Sales,closed,2025-06-07 14:23:00
3961,24,QR Code,Sales,closed,2025-01-31 14:58:00
3962,4,QR Code,Sales,closed,2025-12-17 10:13:00
3963,42,Web,Sales,closed,2025-11-24 11:25:00
3964,26,QR Code,Service,new,2025-03-19 11:44:00
3965,20,Call Center,Sales,working,2025-11-08 18:31:00
3966,46,QR Code,Sales,new,2025-04-24 08:45:00
3967,7,Web,Sales,working,2025-07-18 14:11:00
3968,10,Web,Sales,working,2025-09-26 12:04:00
3969,55,Call Center,Sales,closed,2025-07-13 13:04:00
3970,7,Call Center,Sales,closed,2025-11-21 14:05:00
3971,12,Call Center,Sales,closed,2025-07-19 08:40:00
3972,40,QR Code,Sales,new,2025-02-24 12:17:00
3973,21,Call Center,Service,new,2025-08-29 09:27:00
3974,13,Web,Service,new,2025-06-27 15:04:00
3975,42,QR Code,Sales,new,2025-01-08 17:33:00
3976,48,Web,Sales,new,2025-01-16 12:34:00
3977,17,QR Code,Service,working,2025-08-22 12:47:00
3978,11,QR Code,Service,working,2025-10-16 17:11:00
3979,38,Web,Sales,working,2025-12-15 14:35:00
3980,55,Call Center,Sales,new,2025-06-17 19:08:00
3981,48,Web,Sales,working,2025-03-28 10:50:00
3982,36,QR Code,F&I,working,2025-04-28 08:48:00
3983,44,Web,Service,working,2025-04-29 12:13:00
3984,38,Call Center,Service,closed,2025-05-17 13:47:00
3985,53,Web,Sales,closed,2025-02-19 11:53:00
3986,49,QR Code,Sales,working,2025-05-20 18:06:00
3987,40,Web,Sales,working,2025-01-27 15:36:00
3988,37,QR Code,Sales,new,2025-02-24 15:16:00
3989,1,Call Center,Service,working,2025-01-16 14:33:00
3990,33,Web,F&I,closed,2025-12-19 14:21:00
3991,32,Web,Sales,working,2025-04-17 17:24:00
3992,50,Web,Sales,new,2025-05-30 08:35:00
3993,10,Call Center,Service,closed,2025-07-02 17:40:00
3994,9,QR Code,Service,working,2025-07-22 15:28:00
3995,14,QR Code,Sales,new,2025-12-08 14:30:00
3996,57,Call Center,Service,closed,2025-05-18 11:48:00
3997,1,QR Code,Service,working,2025-04-18 11:38:00
3998,35,Call Center,Sales,closed,2025-06-27 15:56:00
3999,32,Web,F&I,working,2025-06-05 19:31:00
4000,40,QR Code,F&I,working,2025-01-21 16:04:00
4001,24,Web,Sales,working,2025-07-19 11:39:00
4002,58,Call Center,F&I,closed,2025-10-25 19:01:00
4003,18,Call Center,Sales,closed,2025-04-20 10:51:00
4004,52,QR Code,Service,closed,2025-02-04 17:06:00
4005,35,Web,F&I,closed,2025-06-19 14:28:00
4006,8,Web,Sales,working,2025-03-16 19:10:00
4007,17,QR Code,Sales,closed,2025-10-23 14:01:00
4008,19,QR Code,Service,closed,2025-02-21 16:49:00
4009,18,Web,F&I,new,2025-04-20 09:33:00
4010,28,Web,Sales,closed,2025-11-15 09:17:00
4011,1,Call Center,Service,working,2025-01-03 08:50:00
4012,20,Web,Service,closed,2025-01-21 15:10:00
4013,34,Call Center,Service,closed,2025-03-24 18:57:00
4014,48,Call Center,F&I,working,2025-11-03 09:51:00
4015,59,Web,Service,working,2025-11-02 14:40:00
4016,21,Web,Service,working,2025-05-22 16:57:00
4017,54,QR Code,F&I,closed,2025-10-14 19:15:00
4018,31,Call Center,Service,working,2025-02-04 11:37:00
4019,10,QR Code,Service,new,2025-07-01 14:44:00
4020,30,QR Code,Sales,closed,2025-03-03 14:00:00
4021,7,Web,F&I,closed,2025-09-01 08:16:00
4022,26,Web,Sales,working,2025-09-11 08:28:00
4023,7,Web,Sales,working,2025-08-13 08:26:00
4024,49,Call Center,F&I,working,2025-06-01 10:36:00
4025,59,QR Code,Sales,closed,2025-01-13 16:40:00
4026,55,Call Center,Sales,working,2025-08-13 12:15:00
4027,26,Call Center,Sales,working,2025-11-24 16:19:00
4028,18,Call Center,Sales,new,2025-09-05 12:24:00
4029,58,Call Center,F&I,new,2025-09-20 18:13:00
4030,45,Call Center,Service,new,2025-06-29 14:58:00
4031,53,Web,Sales,working,2025-08-10 13:18:00
4032,21,QR Code,Service,working,2025-04-30 10:40:00
4033,8,QR Code,Sales,working,2025-07-30 11:44:00
4034,1,QR Code,F&I,new,2025-07-07 16:02:00
4035,29,Call Center,Sales,working,2025-04-25 15:54:00
4036,60,QR Code,Sales,working,2025-12-01 13:53:00
4037,24,QR Code,F&I,new,2025-03-22 16:25:00
4038,38,QR Code,Sales,working,2025-10-26 18:11:00
4039,21,Web,Sales,working,2025-10-15 11:20:00
4040,49,Web,Service,working,2025-10-28 09:55:00
4041,31,Web,Sales,new,2025-09-24 09:53:00
4042,30,Web,Service,working,2025-04-12 13:33:00
4043,43,QR Code,F&I,working,2025-02-03 19:10:00
4044,5,Call Center,F&I,working,2025-06-13 13:15:00
4045,29,QR Code,Service,new,2025-01-21 08:06:00
4046,54,QR Code,F&I,closed,2025-10-12 12:15:00
4047,57,Call Center,F&I,closed,2025-03-03 09:31:00
4048,39,Call Center,Service,closed,2025-05-08 08:20:00
4049,33,QR Code,Sales,new,2025-01-22 11:13:00
4050,45,Web,Sales,closed,2025-01-25 11:21:00
4051,34,Web,Service,closed,2025-12-03 17:02:00
4052,7,Call Center,Sales,closed,2025-05-01 14:36:00
4053,57,Web,F&I,working,2025-05-29 12:09:00
4054,56,Web,Service,new,2025-04-08 15:52:00
4055,40,QR Code,Service,working,2025-09-18 17:57:00
4056,21,Call Center,Service,working,2025-11-03 08:55:00
4057,1,Call Center,Sales,working,2025-05-06 19:27:00
4058,23,QR Code,Service,new,2025-09-09 08:18:00
4059,40,Call Center,Sales,closed,2025-06-26 17:43:00
4060,19,Call Center,Sales,working,2025-11-29 08:33:00
4061,9,Call Center,Sales,new,2025-03-07 12:57:00
4062,36,Web,Sales,new,2025-09-08 14:06:00
4063,43,Web,Service,working,2025-10-19 15:16:00
4064,20,QR Code,Sales,working,2025-01-19 18:52:00
4065,54,QR Code,Service,closed,2025-03-14 16:22:00
4066,60,Call Center,Sales,new,2025-09-19 14:39:00
4067,27,Web,Sales,new,2025-03-14 10:15:00
4068,40,QR Code,Service,working,2025-11-07 13:40:00
4069,54,QR Code,Service,new,2025-10-15 10:57:00
4070,60,QR Code,Sales,working,2025-03-10 15:05:00
4071,2,Call Center,Sales,working,2025-08-04 08:08:00
4072,43,Web,Sales,new,2025-10-20 13:42:00
4073,45,QR Code,Sales,closed,2025-03-05 19:27:00
4074,55,QR Code,Sales,working,2025-10-21 14:40:00
4075,56,Web,Sales,new,2025-02-01 16:16:00
4076,31,Web,Service,new,2025-11-14 19:59:00
4077,49,Web,Sales,new,2025-09-10 15:29:00
4078,34,Web,Sales,new,2025-09-27 12:33:00
4079,33,Call Center,Service,new,2025-06-02 19:50:00
4080,30,QR Code,Service,closed,2025-06-19 16:15:00
4081,37,QR Code,Sales,closed,2025-05-06 13:15:00
4082,55,QR Code,Service,closed,2025-08-03 15:37:00
4083,27,QR Code,Sales,closed,2025-08-16 09:33:00
4084,37,Web,Sales,working,2025-09-22 19:58:00
4085,21,Call Center,Service,new,2025-10-27 09:45:00
4086,48,Call Center,Sales,closed,2025-08-13 13:40:00
4087,9,QR Code,Sales,closed,2025-07-25 14:56:00
4088,19,QR Code,F&I,closed,2025-10-16 15:36:00
4089,9,Call Center,Sales,closed,2025-01-11 09:01:00
4090,7,Call Center,Sales,working,2025-05-11 18:26:00
4091,26,Web,Sales,working,2025-04-04 13:37:00
4092,29,QR Code,Service,closed,2025-02-20 08:42:00
4093,58,Web,Sales,new,2025-04-04 15:54:00
4094,42,QR Code,Service,working,2025-05-31 14:22:00
4095,9,Web,Service,new,2025-11-14 08:22:00
4096,49,Web,Sales,working,2025-05-01 15:23:00
4097,44,Web,Sales,working,2025-09-05 19:50:00
4098,25,QR Code,F&I,working,2025-06-21 08:13:00
4099,1,QR Code,Service,working,2025-06-03 17:05:00
4100,43,QR Code,Sales,working,2025-10-23 14:25:00
4101,27,Web,Service,working,2025-11-06 15:09:00
4102,58,Web,Sales,new,2025-02-16 12:49:00
4103,4,Call Center,Sales,new,2025-04-22 14:59:00
4104,59,Web,Service,working,2025-10-21 13:34:00
4105,43,Call Center,Sales,new,2025-09-13 18:38:00
4106,5,QR Code,Sales,working,2025-04-04 17:44:00
4107,39,QR Code,Sales,new,2025-04-15 09:49:00
4108,12,Web,Sales,working,2025-08-14 12:14:00
4109,49,QR Code,Sales,closed,2025-01-20 17:53:00
4110,8,Web,Service,working,2025-01-28 12:03:00
4111,56,QR Code,Sales,new,2025-06-03 19:41:00
4112,41,QR Code,Sales,new,2025-05-07 15:59:00
4113,11,Web,Sales,closed,2025-11-01 14:28:00
4114,46,Web,Sales,new,2025-01-19 19:37:00
4115,25,QR Code,F&I,working,2025-11-08 12:45:00
4116,33,Call Center,Sales,working,2025-10-20 14:01:00
4117,9,Call Center,Sales,new,2025-11-08 19:40:00
4118,5,Web,Service,new,2025-10-30 15:27:00
4119,59,Web,Sales,new,2025-07-06 10:14:00
4120,24,QR Code,Sales,closed,2025-03-08 15:42:00
4121,36,QR Code,F&I,new,2025-04-01 13:09:00
4122,13,QR Code,Service,working,2025-06-29 15:10:00
4123,44,Web,Sales,closed,2025-07-04 10:57:00
4124,47,Call Center,Sales,new,2025-12-17 16:30:00
4125,42,Web,Sales,new,2025-01-07 08:35:00
4126,36,Web,Sales,working,2025-12-15 12:16:00
4127,36,Web,Sales,working,2025-08-07 18:18:00
4128,29,QR Code,Sales,new,2025-05-22 11:30:00
4129,56,Call Center,Service,closed,2025-03-17 14:58:00
4130,33,QR Code,F&I,working,2025-02-28 08:11:00
4131,8,Web,Sales,closed,2025-11-04 08:16:00
4132,39,Web,Sales,closed,2025-02-08 15:28:00
4133,21,Call Center,Service,new,2025-10-25 15:48:00
4134,42,QR Code,Sales,working,2025-09-28 12:32:00
4135,44,Web,F&I,working,2025-12-15 15:07:00
4136,47,Web,Sales,working,2025-11-04 11:54:00
4137,12,Web,Sales,working,2025-06-23 15:17:00
4138,58,QR Code,Sales,closed,2025-02-07 17:53:00
4139,15,QR Code,Sales,closed,2025-03-06 08:40:00
4140,59,Web,Sales,working,2025-01-31 12:22:00
4141,29,Web,Sales,working,2025-04-28 12:02:00
4142,19,Call Center,F&I,closed,2025-07-29 15:06:00
4143,13,Call Center,Sales,new,2025-11-09 14:21:00
4144,21,QR Code,Sales,closed,2025-10-27 14:51:00
4145,34,QR Code,Sales,closed,2025-09-08 13:40:00
4146,13,Web,Sales,closed,2025-08-27 15:29:00
4147,32,Web,F&I,new,2025-09-15 08:43:00
4148,18,QR Code,Sales,closed,2025-07-06 10:38:00
4149,2,QR Code,Sales,new,2025-08-15 19:09:00
4150,43,QR Code,Sales,working,2025-02-10 09:04:00
4151,18,Web,Sales,closed,2025-11-23 17:50:00
4152,36,QR Code,Sales,closed,2025-08-24 18:32:00
4153,1,Call Center,Service,working,2025-07-06 17:40:00
4154,52,Call Center,Sales,working,2025-04-08 15:11:00
4155,56,Web,Sales,closed,2025-09-24 16:49:00
4156,56,QR Code,Sales,new,2025-08-07 16:23:00
4157,56,QR Code,F&I,working,2025-08-06 15:10:00
4158,31,Web,F&I,working,2025-09-04 17:22:00
4159,41,Web,Sales,closed,2025-12-09 10:22:00
4160,19,Call Center,Sales,closed,2025-01-21 16:41:00
4161,33,Call Center,Sales,closed,2025-10-08 13:51:00
4162,3,Call Center,Sales,new,2025-09-27 08:50:00
4163,38,Call Center,Sales,new,2025-05-06 16:42:00
4164,28,Call Center,Service,new,2025-02-15 19:17:00
4165,22,Web,Sales,closed,2025-10-10 16:37:00
4166,60,Web,Sales,working,2025-11-30 17:15:00
4167,3,Call Center,Service,working,2025-12-14 11:35:00
4168,34,Call Center,Sales,working,2025-04-24 18:42:00
4169,27,QR Code,Sales,closed,2025-07-25 08:49:00
4170,36,Web,Service,closed,2025-01-10 16:55:00
4171,52,Web,Service,working,2025-08-02 09:19:00
4172,33,Call Center,Sales,new,2025-08-18 17:32:00
4173,57,Web,F&I,closed,2025-07-23 09:14:00
4174,15,QR Code,Sales,closed,2025-11-17 09:43:00
4175,29,Call Center,Sales,working,2025-04-29 11:26:00
4176,48,QR Code,F&I,working,2025-11-24 12:23:00
4177,8,Call Center,Service,new,2025-08-27 13:49:00
4178,53,Web,Service,working,2025-02-12 15:05:00
4179,22,Web,Sales,new,2025-01-19 13:11:00
4180,39,QR Code,Sales,closed,2025-08-01 13:16:00
4181,33,Web,Sales,closed,2025-09-06 11:51:00
4182,31,Web,Sales,working,2025-12-10 12:42:00
4183,20,Web,Service,working,2025-08-12 08:50:00
4184,36,Call Center,Service,working,2025-04-12 19:09:00
4185,14,Web,F&I,closed,2025-10-01 13:22:00
4186,31,Call Center,Sales,closed,2025-06-23 16:40:00
4187,26,Call Center,Sales,closed,2025-04-07 18:11:00
4188,14,QR Code,F&I,closed,2025-09-08 11:09:00
4189,29,QR Code,Sales,working,2025-08-17 14:56:00
4190,59,QR Code,F&I,closed,2025-09-17 18:54:00
4191,19,QR Code,Sales,closed,2025-10-26 12:17:00
4192,13,Call Center,Sales,working,2025-02-07 18:56:00
4193,57,QR Code,Sales,working,2025-01-03 18:27:00
4194,42,Call Center,Service,new,2025-09-14 11:04:00
4195,1,Call Center,Sales,new,2025-06-24 16:43:00
4196,57,QR Code,Sales,working,2025-02-19 14:17:00
4197,54,QR Code,F&I,new,2025-11-11 09:07:00
4198,6,QR Code,Service,new,2025-06-12 18:24:00
4199,1,Web,Service,new,2025-09-14 19:24:00
4200,42,Call Center,Sales,working,2025-03-31 16:40:00
4201,10,Call Center,Service,closed,2025-06-22 19:09:00
4202,58,QR Code,Sales,new,2025-08-07 13:02:00
4203,9,Call Center,Sales,new,2025-02-03 09:20:00
4204,55,QR Code,Sales,closed,2025-11-11 08:25:00
4205,23,Web,Sales,working,2025-04-05 13:03:00
4206,14,QR Code,Sales,working,2025-08-03 16:59:00
4207,60,Call Center,Sales,working,2025-03-25 11:30:00
4208,4,QR Code,F&I,new,2025-09-27 12:48:00
4209,2,Web,Service,closed,2025-01-27 18:25:00
4210,32,QR Code,Service,closed,2025-05-27 15:39:00
4211,10,Call Center,Sales,closed,2025-11-02 15:42:00
4212,50,Web,Sales,working,2025-06-17 17:42:00
4213,16,QR Code,F&I,working,2025-10-09 15:49:00
4214,19,QR Code,Sales,closed,2025-05-01 14:50:00
4215,41,Call Center,Service,working,2025-10-21 14:13:00
4216,42,QR Code,Sales,working,2025-07-07 16:15:00
4217,3,QR Code,Sales,new,2025-11-12 09:28:00
4218,7,Call Center,Service,working,2025-11-19 17:45:00
4219,44,QR Code,Sales,new,2025-08-04 09:03:00
4220,55,Call Center,F&I,working,2025-08-11 08:43:00
4221,5,QR Code,Sales,working,2025-07-18 14:53:00
4222,15,Web,Sales,new,2025-03-01 16:09:00
4223,59,Call Center,Sales,new,2025-05-09 17:42:00
4224,24,QR Code,Sales,closed,2025-01-15 08:00:00
4225,49,Web,Service,new,2025-06-20 18:22:00
4226,28,Web,Sales,new,2025-05-03 11:41:00
4227,10,QR Code,Service,working,2025-04-06 15:06:00
4228,29,Web,Sales,closed,2025-08-14 12:37:00
4229,44,Call Center,Sales,new,2025-06-28 13:33:00
4230,8,QR Code,Sales,new,2025-07-25 09:30:00
4231,21,Call Center,Sales,new,2025-02-28 19:16:00
4232,27,Call Center,Sales,closed,2025-08-14 11:28:00
4233,21,Web,Service,closed,2025-06-08 13:30:00
4234,1,Web,Sales,new,2025-04-09 18:50:00
4235,3,Call Center,Service,working,2025-02-28 11:34:00
4236,30,Call Center,F&I,working,2025-03-25 15:37:00
4237,9,QR Code,Sales,working,2025-07-24 16:52:00
4238,55,Call Center,Sales,working,2025-05-29 11:17:00
4239,12,QR Code,Service,new,2025-06-05 09:16:00
4240,31,Web,Service,working,2025-06-12 10:17:00
4241,34,Call Center,Sales,new,2025-03-16 18:27:00
4242,57,Call Center,Service,new,2025-05-31 14:58:00
4243,16,QR Code,Sales,working,2025-05-23 10:04:00
4244,32,Web,Sales,new,2025-05-27 11:06:00
4245,49,QR Code,Service,new,2025-05-19 14:02:00
4246,42,Call Center,Sales,new,2025-05-28 15:59:00
4247,60,QR Code,Service,closed,2025-04-25 14:47:00
4248,16,Call Center,Service,new,2025-11-20 15:34:00
4249,44,QR Code,Sales,working,2025-01-24 17:53:00
4250,21,QR Code,Sales,new,2025-08-20 16:51:00
4251,15,Web,Sales,closed,2025-01-08 13:40:00
4252,18,Web,Sales,working,2025-11-24 11:15:00
4253,16,QR Code,Sales,new,2025-08-10 18:27:00
4254,17,QR Code,Sales,new,2025-01-03 09:58:00
4255,34,QR Code,Sales,closed,2025-06-17 19:28:00
4256,23,QR Code,Sales,new,2025-09-05 16:17:00
4257,48,QR Code,Service,new,2025-11-07 12:04:00
4258,32,QR Code,F&I,closed,2025-09-20 08:32:00
4259,48,Call Center,Sales,new,2025-12-02 09:48:00
4260,57,Call Center,Service,new,2025-10-11 11:15:00
4261,12,Web,Sales,new,2025-06-18 13:00:00
4262,46,QR Code,F&I,working,2025-04-20 09:27:00
4263,32,Call Center,Sales,closed,2025-04-07 15:14:00
4264,56,Call Center,F&I,new,2025-05-11 18:57:00
4265,16,Web,Sales,closed,2025-09-04 16:29:00
4266,43,QR Code,Sales,working,2025-06-18 11:55:00
4267,52,QR Code,Sales,closed,2025-01-02 19:43:00
4268,30,Web,Sales,new,2025-10-27 16:46:00
4269,28,Call Center,Sales,new,2025-12-15 09:15:00
4270,4,Call Center,Sales,new,2025-02-24 13:48:00
4271,12,Web,F&I,working,2025-05-14 16:53:00
4272,19,Call Center,Sales,closed,2025-02-23 10:11:00
4273,57,Call Center,F&I,closed,2025-08-31 17:19:00
4274,29,Call Center,Sales,new,2025-09-23 09:14:00
4275,8,QR Code,Sales,new,2025-08-06 14:41:00
4276,24,QR Code,Sales,working,2025-02-24 16:19:00
4277,57,QR Code,Sales,new,2025-04-29 11:28:00
4278,21,Call Center,Sales,working,2025-06-07 08:00:00
4279,7,Call Center,Service,new,2025-12-08 18:35:00
4280,37,QR Code,Sales,working,2025-11-30 08:51:00
4281,47,Web,Sales,closed,2025-10-01 16:48:00
4282,24,Web,Sales,new,2025-08-07 11:47:00
4283,42,QR Code,Sales,new,2025-12-06 09:06:00
4284,5,QR Code,Sales,new,2025-08-09 17:21:00
4285,54,Web,Service,new,2025-04-08 15:31:00
4286,30,Call Center,Sales,closed,2025-01-05 18:13:00
4287,10,Web,Sales,working,2025-02-19 15:44:00
4288,54,QR Code,Service,new,2025-03-10 13:45:00
4289,25,QR Code,Service,new,2025-08-14 08:52:00
4290,53,QR Code,Sales,new,2025-12-05 13:44:00
4291,21,QR Code,Sales,closed,2025-01-06 14:34:00
4292,60,Web,Sales,working,2025-05-15 19:28:00
4293,48,Call Center,Service,working,2025-10-03 12:18:00
4294,3,Web,Sales,closed,2025-06-11 13:57:00
4295,18,QR Code,Service,new,2025-01-05 09:46:00
4296,17,Call Center,Sales,new,2025-11-18 13:47:00
4297,4,QR Code,Sales,closed,2025-07-18 09:53:00
4298,19,Call Center,Sales,working,2025-01-20 12:54:00
4299,35,Web,Sales,working,2025-08-14 08:18:00
4300,36,QR Code,Sales,working,2025-10-25 14:27:00
4301,6,Call Center,Sales,new,2025-09-17 14:22:00
4302,7,Call Center,Sales,new,2025-06-23 15:16:00
4303,47,Web,F&I,new,2025-12-05 18:02:00
4304,58,Call Center,Service,new,2025-04-28 17:29:00
4305,17,Web,Sales,working,2025-05-30 12:23:00
4306,42,QR Code,F&I,new,2025-09-16 12:43:00
4307,56,Call Center,F&I,closed,2025-02-15 10:17:00
4308,44,Web,Service,closed,2025-12-15 17:52:00
4309,50,Web,Service,working,2025-10-24 17:05:00
4310,18,QR Code,F&I,closed,2025-06-03 12:01:00
4311,37,Web,Sales,closed,2025-12-05 12:57:00
4312,52,Web,Sales,closed,2025-09-15 15:48:00
4313,55,Web,F&I,working,2025-10-20 16:02:00
4314,30,Web,Sales,closed,2025-03-04 17:28:00
4315,45,Call Center,Sales,closed,2025-11-09 11:57:00
4316,14,Web,Sales,closed,2025-02-27 15:54:00
4317,1,Web,Sales,working,2025-09-29 13:36:00
4318,51,QR Code,Service,working,2025-10-30 15:02:00
4319,55,Web,Sales,working,2025-05-23 09:17:00
4320,48,QR Code,Sales,working,2025-01-10 12:16:00
4321,3,QR Code,Service,closed,2025-11-24 13:29:00
4322,9,Web,F&I,new,2025-07-09 15:16:00
4323,18,Web,Sales,closed,2025-10-09 13:45:00
4324,31,QR Code,Sales,new,2025-07-19 13:44:00
4325,58,Call Center,Service,closed,2025-06-24 15:10:00
4326,10,Web,Sales,closed,2025-09-01 16:56:00
4327,4,QR Code,F&I,new,2025-10-12 19:56:00
4328,28,Call Center,Sales,working,2025-07-26 17:34:00
4329,17,Call Center,Service,closed,2025-10-04 12:12:00
4330,3,Web,Service,working,2025-01-29 09:27:00
4331,9,Web,Sales,working,2025-05-23 17:04:00
4332,25,QR Code,Sales,working,2025-04-09 08:54:00
4333,31,Web,Service,working,2025-03-30 08:06:00
4334,31,Call Center,Sales,new,2025-12-09 11:13:00
4335,48,QR Code,Sales,new,2025-06-07 11:49:00
4336,12,QR Code,Sales,closed,2025-05-23 08:05:00
4337,44,QR Code,Sales,closed,2025-10-23 17:07:00
4338,3,Call Center,F&I,closed,2025-05-07 10:35:00
4339,13,QR Code,Service,closed,2025-04-29 08:23:00
4340,25,QR Code,Sales,closed,2025-08-10 12:09:00
4341,57,QR Code,F&I,working,2025-12-13 10:33:00
4342,16,QR Code,Sales,working,2025-01-05 15:50:00
4343,11,Web,Service,new,2025-08-06 12:55:00
4344,41,QR Code,Service,closed,2025-06-06 11:44:00
4345,16,QR Code,Sales,working,2025-09-19 17:05:00
4346,55,Web,Sales,closed,2025-09-27 15:30:00
4347,55,QR Code,Sales,closed,2025-03-26 14:20:00
4348,19,Web,Sales,new,2025-01-11 15:51:00
4349,16,Call Center,F&I,new,2025-08-22 14:23:00
4350,24,Call Center,Service,new,2025-04-18 09:46:00
4351,3,QR Code,Service,working,2025-02-03 17:12:00
4352,15,Call Center,F&I,closed,2025-01-04 19:54:00
4353,14,Call Center,Sales,closed,2025-08-21 15:51:00
4354,3,Call Center,Sales,working,2025-02-12 17:10:00
4355,47,Web,Sales,new,2025-12-13 14:04:00
4356,26,Call Center,F&I,working,2025-01-28 09:17:00
4357,5,QR Code,F&I,new,2025-10-13 12:21:00
4358,10,Web,Service,new,2025-09-04 19:55:00
4359,17,Web,Sales,working,2025-09-15 15:22:00
4360,17,QR Code,Service,working,2025-12-06 09:49:00
4361,32,Web,F&I,closed,2025-06-22 16:10:00
4362,51,Web,Sales,closed,2025-02-19 08:04:00
4363,43,Web,F&I,new,2025-06-19 16:10:00
4364,20,QR Code,Sales,working,2025-05-23 10:47:00
4365,8,Web,Service,closed,2025-04-27 14:49:00
4366,27,Web,F&I,working,2025-09-19 08:18:00
4367,43,Call Center,Sales,new,2025-10-03 08:27:00
4368,48,QR Code,Sales,working,2025-02-23 09:55:00
4369,48,Call Center,Sales,working,2025-10-02 15:35:00
4370,34,Web,F&I,working,2025-11-17 08:27:00
4371,12,Call Center,Sales,new,2025-10-11 12:13:00
4372,35,Call Center,Sales,working,2025-04-24 12:50:00
4373,58,QR Code,Sales,new,2025-09-26 18:49:00
4374,57,QR Code,Service,closed,2025-07-20 16:01:00
4375,48,QR Code,Sales,new,2025-01-08 13:31:00
4376,3,Web,F&I,new,2025-02-05 19:03:00
4377,26,Web,Sales,working,2025-05-04 13:39:00
4378,49,Web,Service,new,2025-02-09 17:25:00
4379,23,Web,F&I,closed,2025-10-05 11:24:00
4380,4,Web,Sales,working,2025-03-09 16:31:00
4381,24,QR Code,F&I,new,2025-01-24 14:39:00
4382,54,Call Center,Service,working,2025-10-02 09:48:00
4383,33,Call Center,F&I,closed,2025-05-28 11:01:00
4384,18,Call Center,Sales,working,2025-08-09 18:45:00
4385,25,QR Code,F&I,closed,2025-05-22 11:30:00
4386,21,Call Center,Sales,working,2025-10-11 08:08:00
4387,50,Web,F&I,new,2025-01-25 09:57:00
4388,60,Web,Sales,working,2025-06-17 11:57:00
4389,51,Web,Sales,working,2025-01-02 11:11:00
4390,22,Web,Sales,new,2025-03-22 15:35:00
4391,18,QR Code,Sales,closed,2025-02-14 09:52:00
4392,5,Web,Sales,new,2025-06-19 11:51:00
4393,31,QR Code,Service,working,2025-07-28 16:36:00
4394,38,Web,Sales,working,2025-05-16 17:12:00
4395,27,Web,Sales,working,2025-01-24 09:13:00
4396,38,Call Center,Sales,new,2025-05-28 14:22:00
4397,13,QR Code,Sales,closed,2025-02-13 13:44:00
4398,51,Web,F&I,closed,2025-05-24 09:23:00
4399,40,QR Code,Sales,working,2025-10-09 11:15:00
4400,49,Call Center,Sales,working,2025-01-24 10:51:00
4401,16,QR Code,Sales,closed,2025-04-24 11:06:00
4402,25,Call Center,Sales,closed,2025-01-03 19:45:00
4403,32,Web,Sales,working,2025-01-09 11:49:00
4404,59,Web,Sales,working,2025-08-11 15:02:00
4405,42,Web,Sales,new,2025-03-20 15:20:00
4406,2,Call Center,F&I,working,2025-07-02 11:33:00
4407,39,QR Code,Sales,working,2025-10-25 15:03:00
4408,30,Call Center,Sales,working,2025-07-05 10:06:00
4409,54,Web,Sales,closed,2025-04-07 10:32:00
4410,5,QR Code,F&I,working,2025-08-05 08:00:00
4411,11,QR Code,Sales,closed,2025-09-07 10:23:00
4412,39,Call Center,Service,new,2025-03-10 18:39:00
4413,30,Web,Sales,new,2025-11-06 08:35:00
4414,55,QR Code,Sales,closed,2025-06-27 15:35:00
4415,53,QR Code,Sales,working,2025-05-20 14:57:00
4416,35,QR Code,Sales,closed,2025-07-13 18:08:00
4417,28,QR Code,Service,working,2025-08-05 08:20:00
4418,39,Web,Service,working,2025-10-23 11:40:00
4419,12,Web,Service,new,2025-11-25 15:06:00
4420,6,Web,Sales,closed,2025-06-20 09:15:00
4421,29,QR Code,Sales,new,2025-04-13 09:53:00
4422,18,Call Center,Sales,new,2025-05-10 15:34:00
4423,31,Web,Sales,closed,2025-07-29 12:52:00
4424,49,Web,Sales,working,2025-02-28 14:24:00
4425,21,QR Code,F&I,new,2025-06-25 12:21:00
4426,28,Web,Sales,new,2025-07-25 17:38:00
4427,18,Web,Service,new,2025-01-23 13:49:00
4428,36,QR Code,Sales,new,2025-07-28 11:39:00
4429,17,QR Code,Sales,working,2025-08-05 10:36:00
4430,20,Web,Service,new,2025-04-13 19:19:00
4431,38,Web,Sales,new,2025-03-24 18:23:00
4432,27,Web,Service,new,2025-05-27 17:51:00
4433,1,QR Code,Sales,working,2025-01-25 13:53:00
4434,56,Web,Sales,working,2025-06-15 19:15:00
4435,42,QR Code,Sales,closed,2025-09-09 19:10:00
4436,1,Web,Sales,closed,2025-11-28 10:21:00
4437,36,QR Code,F&I,working,2025-10-20 18:59:00
4438,4,Call Center,Sales,working,2025-09-13 14:23:00
4439,58,QR Code,F&I,new,2025-07-24 19:28:00
4440,59,Call Center,Service,working,2025-05-10 08:01:00
4441,16,QR Code,Service,closed,2025-06-08 14:21:00
4442,13,Web,F&I,closed,2025-05-26 12:05:00
4443,23,QR Code,Service,closed,2025-04-09 16:46:00
4444,37,Call Center,Sales,new,2025-04-06 18:22:00
4445,11,QR Code,Service,new,2025-09-29 11:03:00
4446,7,Web,Service,new,2025-07-24 18:15:00
4447,9,Web,Sales,working,2025-11-05 12:41:00
4448,15,QR Code,F&I,closed,2025-04-27 19:19:00
4449,19,Web,F&I,working,2025-01-28 15:08:00
4450,19,QR Code,Service,working,2025-02-22 15:40:00
4451,43,Call Center,Sales,closed,2025-02-08 15:35:00
4452,9,Call Center,Sales,closed,2025-09-15 13:38:00
4453,37,Call Center,Sales,closed,2025-10-18 19:16:00
4454,50,Web,Sales,working,2025-04-25 12:03:00
4455,30,QR Code,Service,working,2025-01-14 18:13:00
4456,51,Web,F&I,closed,2025-12-02 08:47:00
4457,26,QR Code,Sales,closed,2025-06-07 16:05:00
4458,4,Call Center,Sales,closed,2025-07-09 13:41:00
4459,41,Call Center,Sales,new,2025-07-25 10:28:00
4460,29,Call Center,F&I,working,2025-03-20 17:33:00
4461,48,Call Center,Sales,closed,2025-11-25 15:31:00
4462,11,Call Center,Service,closed,2025-11-30 14:53:00
4463,25,Call Center,Service,working,2025-10-17 13:17:00
4464,29,Call Center,Sales,working,2025-10-19 10:47:00
4465,7,Web,Sales,closed,2025-08-03 19:36:00
4466,32,Web,Service,closed,2025-02-20 11:12:00
4467,5,Web,Sales,new,2025-11-28 09:50:00
4468,42,Web,Sales,working,2025-06-02 09:39:00
4469,48,Web,Sales,closed,2025-02-18 08:09:00
4470,20,QR Code,Service,working,2025-12-06 16:42:00
4471,56,Call Center,Service,working,2025-08-26 09:40:00
4472,51,Call Center,Sales,closed,2025-08-04 08:21:00
4473,57,Web,F&I,new,2025-09-11 10:46:00
4474,41,QR Code,Sales,working,2025-10-22 12:43:00
4475,25,Call Center,Sales,closed,2025-04-06 18:39:00
4476,49,QR Code,Sales,closed,2025-04-16 08:28:00
4477,17,QR Code,Sales,new,2025-12-01 17:45:00
4478,43,Web,F&I,closed,2025-05-19 18:24:00
4479,60,Web,Sales,closed,2025-03-14 09:54:00
4480,8,Call Center,Sales,closed,2025-10-05 09:50:00
4481,7,Web,Service,working,2025-05-21 14:27:00
4482,5,Web,Service,closed,2025-11-14 15:43:00
4483,12,QR Code,Sales,working,2025-07-20 14:44:00
4484,57,QR Code,Sales,closed,2025-04-09 15:30:00
4485,6,Web,Sales,closed,2025-01-31 13:39:00
4486,58,QR Code,Sales,working,2025-08-07 19:31:00
4487,56,Call Center,Service,working,2025-08-03 11:54:00
4488,30,Call Center,Sales,working,2025-04-23 10:34:00
4489,32,Call Center,Service,working,2025-09-28 10:37:00
4490,8,QR Code,Sales,working,2025-07-23 15:03:00
4491,41,Web,Sales,working,2025-12-15 18:12:00
4492,25,Call Center,Sales,working,2025-12-11 17:26:00
4493,56,Call Center,Service,closed,2025-03-18 11:01:00
4494,37,QR Code,F&I,new,2025-10-04 12:49:00
4495,17,Call Center,F&I,new,2025-09-15 08:55:00
4496,3,QR Code,Sales,working,2025-10-19 12:31:00
4497,38,Call Center,Sales,new,2025-07-01 11:24:00
4498,35,QR Code,Sales,working,2025-03-23 14:19:00
4499,42,QR Code,Sales,new,2025-03-02 14:50:00
4500,14,Call Center,Sales,closed,2025-12-05 14:40:00
4501,40,Web,Sales,closed,2025-02-02 09:45:00
4502,17,Web,Service,closed,2025-01-31 09:21:00
4503,57,QR Code,Service,new,2025-02-17 17:43:00
4504,28,Call Center,Service,closed,2025-12-14 09:57:00
4505,19,Call Center,Sales,closed,2025-06-07 14:55:00
4506,7,Web,Service,closed,2025-02-22 10:53:00
4507,11,Web,F&I,working,2025-01-02 08:35:00
4508,22,QR Code,F&I,closed,2025-09-23 10:17:00
4509,1,QR Code,Service,working,2025-05-11 19:43:00
4510,45,QR Code,Sales,working,2025-06-15 08:02:00
4511,27,Web,Sales,closed,2025-02-17 17:27:00
4512,27,QR Code,F&I,closed,2025-05-16 12:37:00
4513,23,Call Center,Sales,working,2025-09-17 09:38:00
4514,6,Call Center,F&I,working,2025-01-06 11:13:00
4515,45,Call Center,Sales,closed,2025-08-31 12:54:00
4516,28,Call Center,Sales,closed,2025-09-17 19:23:00
4517,17,QR Code,Sales,closed,2025-04-12 10:05:00
4518,31,QR Code,Sales,new,2025-07-27 18:23:00
4519,7,QR Code,Sales,working,2025-04-18 13:51:00
4520,11,Web,Sales,closed,2025-04-15 11:39:00
4521,16,QR Code,Sales,closed,2025-05-09 11:36:00
4522,11,Call Center,Sales,new,2025-10-10 13:01:00
4523,34,QR Code,F&I,new,2025-03-29 15:54:00
4524,11,Web,Sales,closed,2025-09-23 13:33:00
4525,50,Call Center,Service,working,2025-08-08 16:29:00
4526,25,QR Code,Sales,working,2025-01-10 16:08:00
4527,9,Call Center,Service,closed,2025-08-03 18:05:00
4528,30,Call Center,Sales,working,2025-07-11 11:54:00
4529,60,Web,F&I,closed,2025-06-22 16:44:00
4530,14,Call Center,Sales,working,2025-09-07 17:37:00
4531,38,QR Code,F&I,new,2025-10-09 19:09:00
4532,50,QR Code,F&I,working,2025-04-25 13:28:00
4533,24,QR Code,Sales,working,2025-04-10 12:51:00
4534,10,QR Code,F&I,closed,2025-01-07 11:50:00
4535,47,Call Center,Sales,new,2025-07-17 15:04:00
4536,57,Call Center,F&I,working,2025-07-12 17:37:00
4537,13,QR Code,Sales,new,2025-11-06 08:24:00
4538,34,QR Code,Service,closed,2025-04-13 10:04:00
4539,45,Call Center,Service,new,2025-09-11 14:41:00
4540,49,Call Center,Sales,new,2025-08-01 18:37:00
4541,35,QR Code,Service,new,2025-11-11 18:35:00
4542,49,Web,Service,closed,2025-09-23 09:05:00
4543,1,Call Center,Sales,closed,2025-08-24 10:58:00
4544,46,Call Center,Sales,working,2025-07-24 16:01:00
4545,18,Web,Sales,new,2025-04-18 11:11:00
4546,56,Call Center,Service,new,2025-10-14 19:37:00
4547,45,Call Center,Service,working,2025-05-04 17:31:00
4548,34,Web,Sales,closed,2025-08-30 09:45:00
4549,58,Call Center,Sales,working,2025-04-27 13:39:00
4550,20,Call Center,Sales,new,2025-07-18 18:13:00
4551,20,QR Code,Sales,new,2025-04-01 15:54:00
4552,2,Call Center,Sales,new,2025-05-14 15:10:00
4553,6,QR Code,Sales,closed,2025-10-11 13:14:00
4554,54,Web,Sales,working,2025-04-03 18:10:00
4555,3,Call Center,F&I,closed,2025-04-01 16:56:00
4556,54,Web,Sales,working,2025-11-02 14:39:00
4557,10,Call Center,Sales,closed,2025-09-09 12:23:00
4558,58,QR Code,Service,working,2025-04-15 11:15:00
4559,24,Call Center,F&I,closed,2025-01-14 10:26:00
4560,57,QR Code,Sales,closed,2025-07-05 13:06:00
4561,31,Call Center,Service,new,2025-06-08 13:36:00
4562,27,Web,Sales,closed,2025-08-01 08:14:00
4563,15,QR Code,F&I,working,2025-12-05 15:17:00
4564,2,Web,Sales,new,2025-10-10 18:24:00
4565,1,Call Center,Sales,closed,2025-01-10 13:55:00
4566,33,QR Code,Service,working,2025-12-12 14:55:00
4567,42,Call Center,Sales,new,2025-03-24 18:58:00
4568,9,Call Center,Sales,working,2025-04-20 13:06:00
4569,36,Call Center,Sales,new,2025-11-06 17:07:00
4570,50,Call Center,Sales,working,2025-06-28 09:58:00
4571,38,Web,Service,working,2025-03-24 15:40:00
4572,39,Web,Sales,closed,2025-12-12 19:55:00
4573,54,Web,Service,new,2025-11-24 08:09:00
4574,17,Web,Sales,new,2025-10-12 11:24:00
4575,22,Web,Sales,working,2025-04-27 09:16:00
4576,14,Web,Sales,working,2025-02-02 13:00:00
4577,4,Call Center,Service,new,2025-01-26 14:46:00
4578,20,Call Center,F&I,working,2025-08-29 12:08:00
4579,45,QR Code,Sales,working,2025-03-13 18:05:00
4580,28,Web,Sales,new,2025-12-07 11:26:00
4581,59,QR Code,Service,new,2025-04-14 12:47:00
4582,23,Call Center,Sales,working,2025-06-03 18:02:00
4583,36,QR Code,Sales,new,2025-03-26 17:13:00
4584,42,Web,Sales,new,2025-12-05 10:51:00
4585,31,Web,Sales,working,2025-07-12 14:10:00
4586,5,Web,Sales,closed,2025-11-29 17:36:00
4587,34,QR Code,Sales,new,2025-06-26 12:15:00
4588,37,QR Code,Service,new,2025-03-02 17:50:00
4589,3,Call Center,Sales,new,2025-06-28 17:49:00
4590,3,Call Center,Sales,working,2025-06-23 15:14:00
4591,47,QR Code,Sales,new,2025-12-10 11:35:00
4592,19,Call Center,Service,closed,2025-01-10 15:29:00
4593,38,QR Code,Service,new,2025-03-14 17:55:00
4594,48,Web,Sales,working,2025-01-09 09:37:00
4595,23,Call Center,Service,closed,2025-05-23 09:56:00
4596,20,Call Center,Service,closed,2025-05-06 13:47:00
4597,27,Web,Service,closed,2025-09-11 15:39:00
4598,14,Web,F&I,working,2025-03-27 08:12:00
4599,41,Call Center,Sales,new,2025-11-12 13:26:00
4600,5,Call Center,Sales,new,2025-12-17 15:25:00
4601,48,Call Center,F&I,closed,2025-08-09 18:05:00
4602,31,Call Center,Service,new,2025-01-04 11:27:00
4603,29,QR Code,Service,working,2025-05-09 11:34:00
4604,46,Web,Service,new,2025-03-03 14:07:00
4605,17,QR Code,Sales,new,2025-08-25 19:22:00
4606,50,QR Code,Sales,closed,2025-07-22 10:25:00
4607,34,Web,Sales,new,2025-11-06 08:07:00
4608,34,QR Code,Service,working,2025-01-25 09:32:00
4609,3,Call Center,Sales,working,2025-12-10 19:11:00
4610,51,Web,Sales,new,2025-03-29 12:44:00
4611,34,Call Center,Sales,new,2025-02-13 10:37:00
4612,34,Web,Sales,closed,2025-01-04 11:00:00
4613,42,QR Code,Sales,closed,2025-09-26 09:41:00
4614,13,QR Code,F&I,closed,2025-10-15 09:13:00
4615,60,QR Code,Sales,closed,2025-09-01 10:40:00
4616,33,Call Center,Sales,new,2025-10-01 09:12:00
4617,5,QR Code,Sales,new,2025-08-31 10:32:00
4618,17,QR Code,Sales,working,2025-09-29 19:01:00
4619,43,Web,Service,new,2025-05-05 17:41:00
4620,10,Web,Service,closed,2025-04-05 09:17:00
4621,38,QR Code,Sales,new,2025-09-22 08:28:00
4622,53,Web,Sales,new,2025-07-19 18:36:00
4623,55,QR Code,F&I,new,2025-03-19 12:18:00
4624,19,Web,Sales,working,2025-10-08 14:11:00
4625,31,Call Center,Service,working,2025-04-24 14:01:00
4626,49,QR Code,F&I,closed,2025-04-07 13:40:00
4627,50,Web,Sales,working,2025-08-31 17:35:00
4628,31,Web,Service,closed,2025-07-10 12:22:00
4629,37,QR Code,Service,working,2025-03-12 16:14:00
4630,29,Web,Sales,closed,2025-05-30 10:12:00
4631,57,Call Center,Sales,working,2025-07-13 12:20:00
4632,51,QR Code,Sales,new,2025-10-28 14:48:00
4633,38,Call Center,Sales,closed,2025-05-30 19:01:00
4634,53,Call Center,Sales,working,2025-10-09 13:20:00
4635,1,Web,Service,new,2025-09-26 17:52:00
4636,59,Web,Service,closed,2025-01-02 16:13:00
4637,14,Call Center,Sales,closed,2025-12-14 12:02:00
4638,5,Web,Sales,working,2025-07-26 13:30:00
4639,44,Web,Service,new,2025-12-08 13:25:00
4640,54,Call Center,Sales,working,2025-05-26 08:49:00
4641,44,QR Code,Sales,new,2025-02-04 15:24:00
4642,19,Call Center,Service,working,2025-04-20 17:28:00
4643,18,Web,Sales,new,2025-04-03 11:55:00
4644,38,Web,Service,closed,2025-07-24 19:50:00
4645,47,Call Center,Sales,working,2025-12-17 16:35:00
4646,20,Web,Sales,new,2025-09-27 10:51:00
4647,8,Call Center,F&I,closed,2025-10-16 08:55:00
4648,5,Call Center,Sales,new,2025-12-18 12:54:00
4649,22,QR Code,Service,new,2025-08-14 08:30:00
4650,14,Web,Sales,closed,2025-08-03 11:28:00
4651,42,Web,Sales,new,2025-12-15 12:06:00
4652,52,QR Code,Service,new,2025-10-24 19:08:00
4653,9,QR Code,Sales,new,2025-05-19 15:05:00
4654,31,Web,Service,closed,2025-06-10 09:51:00
4655,35,QR Code,Sales,working,2025-11-16 11:35:00
4656,34,Web,Service,working,2025-03-12 14:36:00
4657,38,QR Code,F&I,closed,2025-07-20 15:33:00
4658,16,QR Code,Sales,closed,2025-06-15 17:18:00
4659,44,Web,Sales,working,2025-05-25 10:29:00
4660,39,Web,Sales,closed,2025-06-21 10:35:00
4661,40,Web,Sales,new,2025-03-05 11:28:00
4662,39,Call Center,Service,new,2025-12-19 16:41:00
4663,35,Web,Sales,closed,2025-09-11 15:22:00
4664,39,Call Center,F&I,working,2025-11-18 15:53:00
4665,31,QR Code,Service,new,2025-06-05 09:48:00
4666,50,Call Center,Sales,new,2025-09-04 14:26:00
4667,48,Web,Sales,new,2025-09-28 11:48:00
4668,14,Call Center,Sales,new,2025-10-01 10:47:00
4669,9,QR Code,Service,closed,2025-06-05 14:19:00
4670,2,Call Center,Sales,working,2025-06-10 11:52:00
4671,58,QR Code,Sales,new,2025-10-04 19:11:00
4672,40,Web,F&I,new,2025-05-08 16:00:00
4673,51,QR Code,Sales,new,2025-12-12 13:15:00
4674,21,Web,Service,working,2025-01-14 16:27:00
4675,39,Call Center,F&I,closed,2025-01-21 10:56:00
4676,58,Web,Service,working,2025-03-04 16:44:00
4677,59,QR Code,F&I,new,2025-10-20 11:15:00
4678,28,Web,F&I,new,2025-11-12 09:35:00
4679,53,Call Center,F&I,closed,2025-12-09 13:03:00
4680,19,Call Center,Sales,closed,2025-02-03 12:04:00
4681,57,Call Center,Service,closed,2025-09-07 14:23:00
4682,14,QR Code,F&I,working,2025-05-11 19:57:00
4683,19,QR Code,Sales,closed,2025-08-08 08:14:00
4684,35,QR Code,F&I,working,2025-05-24 18:11:00
4685,40,QR Code,F&I,closed,2025-03-30 09:57:00
4686,17,Web,Service,working,2025-04-03 10:53:00
4687,43,QR Code,Service,working,2025-08-05 19:32:00
4688,55,Call Center,Service,working,2025-02-07 08:29:00
4689,40,QR Code,F&I,working,2025-02-15 08:23:00
4690,35,QR Code,Sales,working,2025-03-12 18:59:00
4691,42,Call Center,Sales,closed,2025-08-09 13:49:00
4692,14,Web,Sales,new,2025-11-24 08:14:00
4693,17,Call Center,Sales,closed,2025-05-19 13:16:00
4694,4,Call Center,Service,closed,2025-10-27 11:06:00
4695,60,Web,Sales,new,2025-01-25 08:56:00
4696,44,QR Code,Sales,new,2025-04-07 11:48:00
4697,57,Call Center,Sales,working,2025-07-18 18:23:00
4698,24,QR Code,F&I,new,2025-06-27 16:19:00
4699,24,Web,Service,working,2025-07-16 16:44:00
4700,23,QR Code,Sales,working,2025-02-10 15:35:00
4701,22,Call Center,Service,closed,2025-09-04 11:38:00
4702,28,QR Code,Service,closed,2025-07-05 16:18:00
4703,44,QR Code,Sales,new,2025-07-13 10:28:00
4704,22,QR Code,Sales,new,2025-01-28 18:08:00
4705,58,Call Center,F&I,working,2025-10-27 11:37:00
4706,13,Call Center,Sales,working,2025-11-11 18:50:00
4707,40,Call Center,Sales,new,2025-12-11 08:48:00
4708,5,QR Code,Service,working,2025-07-22 10:57:00
4709,2,QR Code,Sales,working,2025-09-08 10:28:00
4710,7,Call Center,Sales,new,2025-12-17 09:47:00
4711,32,Call Center,Service,working,2025-06-01 14:45:00
4712,14,QR Code,Sales,working,2025-01-20 10:35:00
4713,16,Web,Sales,new,2025-02-19 10:54:00
4714,25,Web,Sales,new,2025-05-10 14:03:00
4715,4,Web,F&I,new,2025-08-09 15:58:00
4716,3,Web,Sales,closed,2025-01-31 08:32:00
4717,31,QR Code,Service,closed,2025-11-14 09:41:00
4718,56,Web,Service,closed,2025-12-14 18:23:00
4719,26,Web,F&I,working,2025-11-18 18:37:00
4720,59,Web,F&I,new,2025-05-24 08:52:00
4721,40,QR Code,Service,new,2025-11-13 19:52:00
4722,34,QR Code,Service,working,2025-05-25 13:10:00
4723,40,Call Center,Sales,working,2025-10-06 08:00:00
4724,46,Web,Sales,new,2025-02-15 13:05:00
4725,33,Call Center,Sales,new,2025-03-25 14:14:00
4726,56,QR Code,Service,new,2025-01-15 19:58:00
4727,57,Call Center,Sales,working,2025-02-10 16:01:00
4728,30,Call Center,Sales,new,2025-09-05 15:06:00
4729,34,Call Center,Sales,new,2025-02-24 18:55:00
4730,53,Web,Sales,new,2025-12-01 15:48:00
4731,57,Web,F&I,working,2025-05-01 14:35:00
4732,13,Web,Sales,new,2025-11-22 13:11:00
4733,46,Call Center,Service,closed,2025-09-04 13:05:00
4734,43,QR Code,Service,new,2025-09-03 12:43:00
4735,57,Web,Service,new,2025-11-11 18:28:00
4736,52,Web,Service,new,2025-02-09 17:39:00
4737,47,QR Code,Service,new,2025-12-08 11:03:00
4738,32,Call Center,Sales,closed,2025-09-09 14:04:00
4739,24,QR Code,Service,closed,2025-11-23 13:43:00
4740,55,Call Center,Service,closed,2025-04-28 12:05:00
4741,45,Web,Sales,new,2025-07-29 08:59:00
4742,4,Call Center,Service,new,2025-06-29 12:59:00
4743,45,Web,Sales,closed,2025-09-25 11:18:00
4744,10,QR Code,Sales,working,2025-02-18 11:01:00
4745,19,Web,Sales,closed,2025-09-13 11:08:00
4746,41,QR Code,Service,new,2025-03-30 14:43:00
4747,31,Call Center,Sales,new,2025-04-16 13:33:00
4748,29,Web,F&I,working,2025-05-10 14:21:00
4749,55,Web,Sales,closed,2025-03-08 14:33:00
4750,49,Web,Sales,new,2025-02-28 15:23:00
4751,20,Web,Service,new,2025-06-17 19:40:00
4752,1,Call Center,Sales,working,2025-11-17 12:43:00
4753,34,Call Center,Sales,closed,2025-06-02 11:07:00
4754,56,Web,Sales,working,2025-03-07 16:34:00
4755,54,Web,Sales,working,2025-06-30 09:06:00
4756,38,Call Center,Sales,new,2025-12-02 12:43:00
4757,56,QR Code,Service,closed,2025-04-24 09:40:00
4758,46,QR Code,Sales,working,2025-01-05 15:04:00
4759,22,QR Code,Sales,closed,2025-04-10 09:43:00
4760,1,Call Center,Sales,closed,2025-12-03 17:46:00
4761,39,Web,Sales,closed,2025-11-13 12:02:00
4762,9,Call Center,F&I,new,2025-09-26 16:56:00
4763,24,QR Code,Sales,new,2025-10-24 16:49:00
4764,1,QR Code,Sales,new,2025-01-04 13:59:00
4765,31,Call Center,Service,closed,2025-11-19 18:09:00
4766,58,QR Code,Service,new,2025-08-06 11:55:00
4767,30,QR Code,Sales,new,2025-07-13 13:17:00
4768,54,Call Center,Sales,new,2025-12-14 17:42:00
4769,14,QR Code,Service,new,2025-06-20 12:37:00
4770,42,Web,Service,working,2025-12-02 17:05:00
4771,10,QR Code,Sales,working,2025-09-21 18:13:00
4772,53,Call Center,F&I,new,2025-11-08 18:38:00
4773,10,Web,Sales,closed,2025-10-28 17:38:00
4774,4,QR Code,Sales,working,2025-12-13 15:36:00
4775,59,QR Code,Service,closed,2025-09-18 09:17:00
4776,8,QR Code,Sales,working,2025-08-31 13:50:00
4777,36,Web,Sales,closed,2025-09-22 08:56:00
4778,23,Call Center,Sales,working,2025-08-22 12:55:00
4779,43,Call Center,Sales,closed,2025-11-12 13:55:00
4780,33,QR Code,Service,working,2025-01-13 14:52:00
4781,1,Call Center,Sales,closed,2025-01-01 16:07:00
4782,3,Call Center,F&I,working,2025-01-03 09:36:00
4783,26,Web,F&I,working,2025-11-30 19:17:00
4784,4,Web,Service,working,2025-11-15 19:31:00
4785,54,QR Code,Sales,working,2025-05-28 15:24:00
4786,55,Call Center,Sales,closed,2025-12-12 14:15:00
4787,53,Call Center,Sales,new,2025-05-16 10:12:00
4788,31,Web,F&I,working,2025-07-13 19:22:00
4789,24,QR Code,F&I,working,2025-01-13 12:32:00
4790,22,Web,Sales,working,2025-06-30 13:54:00
4791,41,QR Code,Sales,working,2025-11-17 08:18:00
4792,45,Web,Sales,closed,2025-06-09 19:24:00
4793,38,QR Code,Sales,closed,2025-07-21 18:28:00
4794,24,QR Code,Sales,closed,2025-12-02 12:10:00
4795,10,Call Center,Service,closed,2025-05-28 15:54:00
4796,30,Call Center,Sales,new,2025-02-14 19:44:00
4797,22,Call Center,Sales,working,2025-11-06 11:43:00
4798,20,Web,Service,closed,2025-09-03 16:37:00
4799,20,QR Code,Service,closed,2025-06-11 12:12:00
4800,2,Call Center,Service,new,2025-06-14 14:01:00
4801,52,Web,F&I,closed,2025-09-30 13:34:00
4802,29,QR Code,Sales,closed,2025-08-05 09:40:00
4803,45,Web,Sales,working,2025-05-04 09:10:00
4804,49,Web,Sales,new,2025-05-14 11:11:00
4805,45,Call Center,F&I,new,2025-09-22 12:22:00
4806,30,Call Center,Sales,working,2025-05-19 17:08:00
4807,58,Call Center,Sales,new,2025-01-18 08:24:00
4808,42,Call Center,Sales,working,2025-07-12 14:17:00
4809,3,Web,Sales,working,2025-03-29 19:46:00
4810,18,QR Code,F&I,new,2025-12-14 13:54:00
4811,31,QR Code,Sales,working,2025-03-08 16:23:00
4812,49,QR Code,F&I,working,2025-03-14 12:41:00
4813,24,Call Center,Service,new,2025-05-02 09:14:00
4814,1,Web,Service,closed,2025-05-17 10:30:00
4815,49,Web,Sales,closed,2025-07-11 11:14:00
4816,34,QR Code,Sales,new,2025-03-20 17:36:00
4817,20,Web,Sales,new,2025-09-29 08:55:00
4818,13,Call Center,Sales,closed,2025-09-26 10:25:00
4819,1,QR Code,Sales,working,2025-10-23 12:29:00
4820,24,Call Center,Sales,working,2025-01-14 08:21:00
4821,41,QR Code,Sales,closed,2025-01-20 14:55:00
4822,56,Call Center,Sales,working,2025-03-10 10:02:00
4823,56,Web,F&I,working,2025-01-20 09:47:00
4824,25,Web,Sales,closed,2025-05-04 09:54:00
4825,36,QR Code,F&I,new,2025-07-30 12:00:00
4826,9,Web,F&I,working,2025-11-22 10:09:00
4827,7,Call Center,Sales,closed,2025-04-08 10:34:00
4828,11,QR Code,Sales,new,2025-05-16 18:37:00
4829,37,QR Code,F&I,working,2025-02-19 11:48:00
4830,32,Web,Sales,closed,2025-07-12 17:55:00
4831,30,QR Code,Sales,new,2025-01-21 11:24:00
4832,54,Web,Sales,closed,2025-03-25 11:27:00
4833,31,Web,Sales,closed,2025-08-19 19:11:00
4834,13,Call Center,Sales,working,2025-09-15 10:38:00
4835,51,Call Center,Sales,working,2025-02-12 10:46:00
4836,2,QR Code,Sales,new,2025-10-25 19:43:00
4837,12,Call Center,Sales,working,2025-10-30 14:28:00
4838,34,QR Code,Sales,closed,2025-12-07 19:14:00
4839,45,Web,Sales,working,2025-11-26 10:44:00
4840,45,Call Center,Service,working,2025-04-07 12:07:00
4841,15,QR Code,Sales,closed,2025-04-17 18:37:00
4842,31,QR Code,Sales,closed,2025-07-05 19:11:00
4843,1,Web,Sales,working,2025-01-03 09:35:00
4844,30,Web,Sales,closed,2025-11-19 09:17:00
4845,43,Web,Service,closed,2025-03-13 08:47:00
4846,58,Call Center,Service,closed,2025-11-17 18:03:00
4847,56,Web,Service,new,2025-07-08 18:19:00
4848,10,QR Code,Sales,working,2025-08-05 18:32:00
4849,16,Web,Service,new,2025-04-13 12:53:00
4850,49,QR Code,Sales,working,2025-04-12 13:17:00
4851,47,Call Center,F&I,closed,2025-04-26 09:18:00
4852,20,QR Code,Service,new,2025-01-31 15:04:00
4853,22,Web,Sales,closed,2025-12-13 08:39:00
4854,48,Call Center,Service,new,2025-07-06 19:11:00
4855,19,QR Code,Sales,working,2025-08-13 15:41:00
4856,25,Web,Sales,working,2025-05-29 18:59:00
4857,3,QR Code,Service,working,2025-08-27 16:05:00
4858,47,QR Code,Sales,new,2025-02-05 12:53:00
4859,34,Web,Sales,closed,2025-01-05 12:08:00
4860,2,Web,Sales,new,2025-05-24 18:49:00
4861,29,QR Code,Sales,new,2025-03-28 19:53:00
4862,59,Call Center,F&I,working,2025-10-19 17:38:00
4863,55,QR Code,F&I,new,2025-05-21 08:51:00
4864,36,Call Center,Sales,new,2025-06-12 14:28:00
4865,23,Call Center,Sales,working,2025-11-28 16:14:00
4866,44,Call Center,Sales,new,2025-03-21 16:24:00
4867,49,QR Code,Sales,new,2025-07-09 08:25:00
4868,12,Web,Sales,closed,2025-06-12 08:31:00
4869,47,Web,F&I,closed,2025-04-01 16:27:00
4870,3,Web,Service,new,2025-11-09 13:49:00
4871,53,Web,Sales,closed,2025-05-01 08:59:00
4872,48,QR Code,Sales,new,2025-12-02 17:06:00
4873,46,Call Center,Sales,closed,2025-05-18 17:43:00
4874,55,Call Center,Sales,working,2025-11-26 12:46:00
4875,20,Call Center,Sales,working,2025-06-19 12:41:00
4876,26,Web,Sales,new,2025-08-12 08:21:00
4877,10,Call Center,Sales,working,2025-05-19 15:30:00
4878,1,Call Center,Sales,new,2025-09-10 12:03:00
4879,15,QR Code,Service,working,2025-04-08 15:36:00
4880,29,QR Code,Service,working,2025-03-19 19:07:00
4881,25,Web,Sales,closed,2025-11-26 16:58:00
4882,38,Call Center,F&I,new,2025-08-05 16:17:00
4883,43,Web,F&I,new,2025-09-02 14:01:00
4884,27,Call Center,Sales,closed,2025-04-28 17:41:00
4885,3,Web,Service,closed,2025-07-20 15:27:00
4886,39,QR Code,Sales,working,2025-01-28 18:39:00
4887,52,QR Code,Sales,working,2025-02-09 09:54:00
4888,6,Call Center,Service,closed,2025-10-25 09:47:00
4889,20,QR Code,Sales,working,2025-11-09 16:16:00
4890,16,Call Center,Sales,working,2025-03-10 17:53:00
4891,6,Web,Sales,working,2025-03-02 13:01:00
4892,43,Web,Sales,working,2025-01-21 13:41:00
4893,48,Web,Service,working,2025-02-23 18:42:00
4894,58,QR Code,Sales,closed,2025-04-01 16:15:00
4895,26,Call Center,F&I,new,2025-01-19 11:27:00
4896,57,Call Center,Sales,closed,2025-06-11 15:18:00
4897,14,QR Code,Sales,new,2025-09-10 09:00:00
4898,53,Call Center,Sales,closed,2025-07-27 08:36:00
4899,26,QR Code,Sales,working,2025-02-13 12:19:00
4900,46,QR Code,Sales,closed,2025-07-24 10:08:00
4901,30,Web,Sales,new,2025-12-20 08:21:00
4902,12,QR Code,Sales,working,2025-09-25 13:46:00
4903,40,Call Center,Service,closed,2025-10-22 17:28:00
4904,23,QR Code,F&I,closed,2025-04-08 08:11:00
4905,20,Call Center,Service,new,2025-05-11 18:43:00
4906,58,Web,Service,closed,2025-04-29 08:39:00
4907,4,Web,Sales,new,2025-09-20 19:29:00
4908,29,Call Center,Sales,closed,2025-07-20 11:41:00
4909,11,Web,Sales,working,2025-11-25 10:54:00
4910,26,QR Code,F&I,working,2025-01-03 08:05:00
4911,11,Call Center,Service,working,2025-06-08 13:35:00
4912,59,QR Code,Service,closed,2025-01-22 12:40:00
4913,39,QR Code,Sales,working,2025-01-12 12:38:00
4914,46,Call Center,Sales,new,2025-04-25 08:30:00
4915,32,Web,F&I,new,2025-09-22 13:03:00
4916,52,Call Center,Sales,closed,2025-06-13 10:38:00
4917,48,Web,Sales,new,2025-05-09 16:13:00
4918,58,Call Center,F&I,new,2025-06-07 15:51:00
4919,15,Call Center,Sales,new,2025-09-27 17:22:00
4920,4,QR Code,Service,working,2025-11-29 16:27:00
4921,21,QR Code,Service,working,2025-09-05 19:03:00
4922,26,Call Center,Sales,working,2025-08-20 09:17:00
4923,54,QR Code,Sales,closed,2025-08-11 13:27:00
4924,17,Call Center,Sales,closed,2025-12-01 13:04:00
4925,13,Web,Sales,working,2025-01-31 08:05:00
4926,4,QR Code,Sales,working,2025-02-01 14:43:00
4927,54,Web,Sales,closed,2025-03-06 16:30:00
4928,8,Web,Sales,new,2025-04-09 10:34:00
4929,11,Web,Service,closed,2025-08-03 14:21:00
4930,53,Call Center,Sales,working,2025-05-13 17:40:00
4931,49,Call Center,Service,working,2025-10-21 17:22:00
4932,55,Web,Sales,working,2025-10-24 12:56:00
4933,47,Web,Sales,closed,2025-12-02 17:10:00
4934,4,Call Center,Sales,working,2025-05-20 19:09:00
4935,34,Call Center,F&I,working,2025-08-19 19:33:00
4936,36,Web,Sales,new,2025-06-12 12:03:00
4937,34,QR Code,Service,closed,2025-07-17 17:45:00
4938,41,Call Center,Sales,working,2025-11-15 14:12:00
4939,54,QR Code,Sales,new,2025-05-11 12:28:00
4940,7,Web,Sales,working,2025-02-27 11:30:00
4941,35,Web,F&I,new,2025-02-13 14:10:00
4942,19,QR Code,Service,new,2025-01-11 09:36:00
4943,8,Web,Sales,closed,2025-07-23 09:27:00
4944,47,QR Code,Service,working,2025-10-23 14:11:00
4945,5,Call Center,Sales,working,2025-09-15 17:40:00
4946,9,Web,Sales,closed,2025-05-12 14:28:00
4947,34,QR Code,Sales,closed,2025-12-07 10:21:00
4948,4,QR Code,Sales,new,2025-01-14 11:49:00
4949,53,Call Center,Sales,working,2025-02-19 16:11:00
4950,5,Call Center,Service,working,2025-10-13 09:28:00
4951,42,QR Code,Service,new,2025-08-07 11:06:00
4952,26,Web,Sales,new,2025-06-02 11:25:00
4953,11,Web,F&I,new,2025-06-28 13:15:00
4954,3,Call Center,Sales,working,2025-02-21 19:25:00
4955,55,Web,Sales,new,2025-10-20 09:44:00
4956,1,Web,Sales,closed,2025-07-04 10:23:00
4957,12,Call Center,F&I,new,2025-01-22 13:19:00
4958,52,Web,Sales,new,2025-04-28 14:40:00
4959,20,Web,Service,closed,2025-12-09 16:56:00
4960,9,Call Center,Sales,closed,2025-11-21 08:17:00
4961,12,Web,Sales,new,2025-05-17 18:48:00
4962,22,Web,Service,working,2025-01-26 16:57:00
4963,2,QR Code,Sales,closed,2025-04-21 17:32:00
4964,50,Web,Service,working,2025-12-13 15:27:00
4965,55,Call Center,F&I,working,2025-01-16 18:44:00
4966,1,Web,Sales,new,2025-07-03 09:47:00
4967,8,Web,Sales,closed,2025-06-26 18:47:00
4968,40,QR Code,Sales,closed,2025-03-08 15:38:00
4969,7,Web,Service,closed,2025-11-02 18:03:00
4970,5,Web,Sales,working,2025-05-01 18:26:00
4971,58,Call Center,F&I,new,2025-10-19 14:52:00
4972,27,QR Code,Sales,new,2025-01-10 17:19:00
4973,3,Web,Sales,new,2025-03-01 18:50:00
4974,60,QR Code,F&I,closed,2025-06-07 16:47:00
4975,42,QR Code,Sales,working,2025-12-19 17:31:00
4976,14,QR Code,Sales,working,2025-03-25 18:57:00
4977,16,QR Code,Service,new,2025-09-20 19:25:00
4978,26,Web,Service,closed,2025-09-12 18:23:00
4979,3,QR Code,F&I,closed,2025-05-14 12:09:00
4980,3,QR Code,Service,closed,2025-09-21 10:20:00
4981,51,QR Code,Sales,closed,2025-10-04 11:38:00
4982,35,Call Center,Sales,new,2025-01-24 15:30:00
4983,37,QR Code,Sales,working,2025-11-25 11:44:00
4984,17,QR Code,Sales,closed,2025-01-12 18:07:00
4985,1,Call Center,Service,closed,2025-06-13 09:15:00
4986,46,Call Center,Sales,new,2025-07-17 08:02:00
4987,33,Web,Service,new,2025-07-03 19:54:00
4988,48,QR Code,Sales,working,2025-03-11 16:59:00
4989,54,Web,Sales,working,2025-07-04 09:59:00
4990,5,QR Code,Sales,new,2025-01-30 09:21:00
4991,49,QR Code,Sales,working,2025-01-20 10:59:00
4992,53,Call Center,Sales,working,2025-02-09 19:36:00
4993,2,Web,Sales,working,2025-03-04 13:23:00
4994,25,Web,F&I,new,2025-11-30 11:35:00
4995,52,Web,Sales,new,2025-04-09 12:15:00
4996,17,QR Code,Service,working,2025-12-06 11:32:00
4997,56,QR Code,Sales,closed,2025-10-20 17:23:00
4998,15,Call Center,Sales,working,2025-07-23 15:11:00
4999,8,Web,Sales,working,2025-01-26 19:29:00
5000,37,QR Code,Service,new,2025-09-18 13:21:00
5001,41,Call Center,Sales,working,2025-06-12 11:08:00
5002,10,QR Code,Sales,closed,2025-05-16 18:10:00
5003,4,Call Center,Sales,new,2025-12-06 17:04:00
5004,30,Web,Sales,new,2025-03-30 18:41:00
5005,34,Call Center,Sales,working,2025-02-26 14:08:00
5006,15,Call Center,Sales,new,2025-02-01 12:54:00
5007,19,Web,Service,closed,2025-05-08 18:55:00
5008,55,Web,Service,closed,2025-07-10 10:47:00
5009,48,QR Code,Sales,closed,2025-06-06 18:30:00
5010,48,Web,Service,working,2025-09-23 14:42:00
5011,42,Call Center,Sales,working,2025-06-06 08:54:00
5012,37,QR Code,Sales,new,2025-07-30 15:07:00
5013,40,Web,Sales,closed,2025-05-25 13:40:00
5014,1,Call Center,Sales,closed,2025-05-25 13:59:00
5015,15,QR Code,Service,new,2025-05-01 11:48:00
5016,52,Call Center,Sales,working,2025-06-05 09:27:00
5017,48,QR Code,Sales,closed,2025-11-15 12:58:00
5018,38,Call Center,Sales,new,2025-09-07 17:33:00
5019,38,Call Center,Service,new,2025-06-19 13:31:00
5020,60,Web,Sales,working,2025-09-22 12:08:00
5021,47,QR Code,Sales,closed,2025-05-27 11:28:00
5022,34,Call Center,Sales,closed,2025-12-10 15:40:00
5023,33,Web,Sales,working,2025-11-05 11:28:00
5024,14,Web,Sales,new,2025-07-27 12:19:00
5025,27,QR Code,Sales,working,2025-02-04 19:28:00
5026,19,Web,Sales,working,2025-08-17 15:33:00
5027,24,Web,F&I,closed,2025-03-06 11:41:00
5028,7,QR Code,Service,closed,2025-11-24 09:20:00
5029,29,Web,Service,new,2025-11-02 19:29:00
5030,47,Web,F&I,closed,2025-02-01 08:53:00
5031,5,Call Center,Sales,working,2025-09-06 09:09:00
5032,36,Web,Sales,new,2025-07-02 12:03:00
5033,7,Web,Sales,closed,2025-09-13 13:27:00
5034,18,Web,Sales,closed,2025-04-21 19:08:00
5035,2,Call Center,Sales,new,2025-04-05 08:26:00
5036,33,Web,Sales,working,2025-08-25 15:14:00
5037,48,Web,Sales,closed,2025-10-21 11:50:00
5038,44,QR Code,Sales,working,2025-06-21 18:22:00
5039,3,QR Code,Sales,working,2025-10-03 19:02:00
5040,8,Web,Sales,working,2025-08-27 15:37:00
5041,57,Web,Sales,closed,2025-10-23 14:22:00
5042,19,Call Center,Service,new,2025-04-22 15:29:00
5043,56,QR Code,Sales,closed,2025-06-20 14:31:00
5044,11,QR Code,Sales,new,2025-10-04 15:49:00
5045,58,QR Code,Sales,new,2025-09-15 09:51:00
5046,34,Web,F&I,new,2025-04-24 10:13:00
5047,17,QR Code,Service,working,2025-05-23 16:16:00
5048,26,Web,Service,new,2025-07-07 15:37:00
5049,25,QR Code,Service,working,2025-11-10 15:42:00
5050,42,Web,Sales,closed,2025-07-07 19:02:00
5051,17,Web,Sales,new,2025-04-12 10:39:00
5052,30,Web,Sales,working,2025-01-17 14:49:00
5053,11,Web,Service,working,2025-05-02 14:42:00
5054,23,Call Center,Sales,new,2025-02-14 14:20:00
5055,47,Call Center,F&I,closed,2025-05-01 14:31:00
5056,49,Call Center,Service,closed,2025-03-01 13:07:00
5057,38,Web,Sales,new,2025-02-09 10:08:00
5058,39,Web,Sales,working,2025-03-14 09:35:00
5059,11,QR Code,Sales,working,2025-03-23 16:57:00
5060,56,Web,Sales,working,2025-05-01 17:35:00
5061,13,QR Code,Sales,closed,2025-08-30 09:22:00
5062,37,Web,Sales,working,2025-04-04 14:41:00
5063,52,Web,F&I,new,2025-03-15 17:12:00
5064,43,Web,Sales,new,2025-01-09 17:09:00
5065,16,Web,Service,working,2025-04-24 10:43:00
5066,15,Call Center,Service,closed,2025-10-24 14:46:00
5067,40,QR Code,Sales,new,2025-05-23 15:52:00
5068,20,QR Code,Sales,closed,2025-01-16 09:50:00
5069,54,QR Code,Sales,closed,2025-06-26 18:26:00
5070,43,Call Center,Sales,closed,2025-09-14 08:38:00
5071,50,Web,Service,new,2025-06-04 15:23:00
5072,9,Web,Sales,new,2025-07-19 19:45:00
5073,31,Call Center,F&I,new,2025-04-02 13:22:00
5074,13,QR Code,F&I,working,2025-04-06 12:23:00
5075,28,QR Code,Sales,working,2025-01-03 17:50:00
5076,1,Web,Sales,new,2025-06-24 18:36:00
5077,6,Call Center,Sales,new,2025-09-20 18:00:00
5078,24,Web,F&I,working,2025-01-28 17:44:00
5079,33,Call Center,F&I,working,2025-06-24 19:55:00
5080,39,Web,Sales,working,2025-07-14 08:47:00
5081,51,QR Code,Sales,working,2025-06-27 11:28:00
5082,48,Call Center,F&I,working,2025-05-18 10:18:00
5083,55,Call Center,Sales,new,2025-08-03 15:29:00
5084,7,Web,Sales,closed,2025-10-30 09:42:00
5085,52,QR Code,Sales,new,2025-12-16 12:28:00
5086,24,Call Center,Service,working,2025-10-04 08:32:00
5087,16,Web,Sales,working,2025-03-28 13:13:00
5088,21,Call Center,Sales,working,2025-02-14 19:12:00
5089,46,Call Center,Sales,working,2025-05-31 09:38:00
5090,41,Web,Sales,new,2025-02-03 13:16:00
5091,16,QR Code,Sales,new,2025-11-24 13:19:00
5092,3,QR Code,Sales,closed,2025-07-23 17:57:00
5093,22,QR Code,Sales,closed,2025-10-10 12:22:00
5094,43,QR Code,F&I,working,2025-11-26 19:11:00
5095,13,QR Code,F&I,new,2025-04-22 11:26:00
5096,21,Call Center,Sales,closed,2025-05-20 08:30:00
5097,51,Web,Sales,new,2025-05-02 15:44:00
5098,12,Web,Service,closed,2025-02-25 12:54:00
5099,28,Call Center,F&I,working,2025-08-17 09:35:00
5100,45,Web,Service,working,2025-10-13 12:00:00
5101,57,QR Code,Service,closed,2025-03-01 13:22:00
5102,19,QR Code,Service,working,2025-04-30 08:14:00
5103,30,Web,Sales,working,2025-03-06 13:28:00
5104,26,Web,Service,new,2025-04-11 11:32:00
5105,28,QR Code,Sales,working,2025-09-06 11:59:00
5106,16,Web,Sales,working,2025-09-20 19:51:00
5107,10,Web,Service,closed,2025-03-14 12:14:00
5108,5,Call Center,F&I,working,2025-08-25 13:55:00
5109,39,Web,Service,working,2025-05-18 18:36:00
5110,37,QR Code,Sales,working,2025-08-25 13:44:00
5111,8,QR Code,Sales,closed,2025-08-17 12:58:00
5112,23,Web,Service,new,2025-05-10 17:25:00
5113,24,Web,Sales,new,2025-09-11 13:10:00
5114,45,QR Code,Service,new,2025-09-06 11:23:00
5115,51,Web,Sales,closed,2025-12-04 15:20:00
5116,50,QR Code,F&I,new,2025-02-20 15:10:00
5117,15,Web,Sales,closed,2025-05-24 08:17:00
5118,9,QR Code,Sales,working,2025-01-27 09:48:00
5119,40,Call Center,Sales,closed,2025-01-15 13:02:00
5120,55,Call Center,Service,new,2025-08-17 19:22:00
5121,21,Call Center,Sales,new,2025-03-06 19:39:00
5122,53,Call Center,Sales,new,2025-07-15 18:35:00
5123,3,QR Code,Sales,new,2025-04-17 08:35:00
5124,48,QR Code,Sales,working,2025-05-15 18:47:00
5125,56,Call Center,F&I,closed,2025-05-29 15:47:00
5126,13,Web,Service,closed,2025-04-15 11:59:00
5127,41,QR Code,Service,working,2025-01-22 09:35:00
5128,10,QR Code,F&I,new,2025-02-21 09:51:00
5129,5,Web,Sales,closed,2025-09-28 18:33:00
5130,60,Call Center,F&I,new,2025-02-01 16:35:00
5131,52,Web,Sales,working,2025-12-10 11:50:00
5132,13,Web,F&I,working,2025-06-28 19:11:00
5133,45,QR Code,Sales,new,2025-05-15 09:30:00
5134,40,Web,Sales,closed,2025-02-08 08:38:00
5135,42,QR Code,Service,working,2025-04-08 10:33:00
5136,40,QR Code,Sales,closed,2025-05-04 18:50:00
5137,54,Call Center,Sales,closed,2025-02-15 15:14:00
5138,20,Web,Sales,closed,2025-10-23 17:45:00
5139,2,Call Center,Service,new,2025-02-07 18:44:00
5140,45,Web,Service,working,2025-12-15 12:35:00
5141,32,Call Center,Sales,working,2025-11-01 08:23:00
5142,44,Call Center,Sales,closed,2025-03-10 15:29:00
5143,39,Call Center,Sales,new,2025-09-29 11:11:00
5144,33,Call Center,F&I,closed,2025-02-04 15:11:00
5145,53,Web,F&I,new,2025-08-18 10:27:00
5146,60,QR Code,Sales,closed,2025-12-02 08:50:00
5147,40,Call Center,Sales,new,2025-11-09 15:18:00
5148,23,Call Center,Service,working,2025-10-15 14:59:00
5149,21,Call Center,Sales,closed,2025-11-03 17:19:00
5150,5,Web,Sales,new,2025-06-02 15:27:00
5151,49,QR Code,F&I,new,2025-08-20 13:26:00
5152,50,Web,Sales,working,2025-09-18 15:27:00
5153,21,QR Code,Sales,working,2025-03-02 08:25:00
5154,1,QR Code,Sales,working,2025-06-10 14:32:00
5155,23,QR Code,Sales,working,2025-01-24 19:25:00
5156,51,QR Code,Sales,closed,2025-04-04 12:06:00
5157,12,Call Center,Service,new,2025-02-26 16:00:00
5158,21,Web,Sales,working,2025-02-19 17:54:00
5159,22,Web,Service,closed,2025-05-22 17:15:00
5160,35,Call Center,F&I,new,2025-06-10 13:32:00
5161,19,QR Code,Service,closed,2025-10-20 18:39:00
5162,5,QR Code,Sales,working,2025-08-10 18:41:00
5163,22,Call Center,Sales,working,2025-03-15 18:43:00
5164,32,Web,Service,working,2025-12-08 11:49:00
5165,43,Web,Service,working,2025-01-02 17:48:00
5166,34,Web,F&I,working,2025-04-17 13:38:00
5167,11,Call Center,Service,new,2025-02-15 08:43:00
5168,27,Web,Sales,working,2025-06-14 16:28:00
5169,30,Web,Service,new,2025-07-09 15:53:00
5170,25,Call Center,F&I,closed,2025-12-03 14:05:00
5171,28,Web,Sales,working,2025-10-28 09:10:00
5172,17,Call Center,Sales,closed,2025-10-12 13:49:00
5173,38,QR Code,F&I,working,2025-07-06 15:47:00
5174,37,QR Code,F&I,closed,2025-12-11 08:27:00
5175,55,QR Code,Sales,working,2025-09-26 09:01:00
5176,46,QR Code,Sales,working,2025-07-16 11:45:00
5177,14,Web,Sales,closed,2025-09-02 19:46:00
5178,46,Web,F&I,new,2025-09-28 16:33:00
5179,21,Call Center,Sales,new,2025-12-09 12:15:00
5180,49,Call Center,Sales,working,2025-02-20 17:26:00
5181,12,QR Code,Sales,closed,2025-03-30 10:11:00
5182,20,QR Code,Sales,closed,2025-05-25 11:55:00
5183,17,Web,Sales,new,2025-10-28 12:09:00
5184,22,QR Code,Sales,closed,2025-11-15 18:11:00
5185,7,Web,Sales,working,2025-05-03 11:16:00
5186,15,Web,Sales,new,2025-05-06 14:32:00
5187,19,Call Center,Sales,working,2025-07-26 15:00:00
5188,27,Call Center,Sales,new,2025-03-26 10:17:00
5189,43,Web,Sales,closed,2025-04-20 10:07:00
5190,16,Call Center,Service,new,2025-06-20 09:15:00
5191,21,QR Code,Sales,closed,2025-01-14 09:53:00
5192,19,QR Code,F&I,working,2025-09-18 13:17:00
5193,47,Web,Service,working,2025-10-26 10:22:00
5194,51,Call Center,Service,working,2025-06-06 13:26:00
5195,20,QR Code,Service,working,2025-08-04 12:33:00
5196,33,QR Code,Service,working,2025-09-19 12:24:00
5197,10,Call Center,F&I,new,2025-02-09 11:49:00
5198,40,Web,Sales,new,2025-04-20 19:49:00
5199,48,Web,Sales,new,2025-03-04 10:16:00
5200,9,Call Center,F&I,working,2025-04-03 10:02:00
5201,44,Web,Sales,new,2025-01-27 17:58:00
5202,36,QR Code,Sales,working,2025-12-06 15:13:00
5203,24,QR Code,F&I,new,2025-07-02 14:14:00
5204,46,QR Code,Sales,closed,2025-12-19 18:05:00
5205,50,Call Center,Sales,new,2025-11-25 11:42:00
5206,48,Web,Sales,working,2025-12-02 11:12:00
5207,60,QR Code,F&I,new,2025-10-17 12:09:00
5208,49,Call Center,Sales,new,2025-08-24 11:08:00
5209,49,Web,Sales,closed,2025-03-29 11:53:00
5210,2,Call Center,F&I,new,2025-09-06 10:23:00
5211,54,Call Center,Sales,new,2025-12-04 12:18:00
5212,24,Call Center,Sales,closed,2025-04-01 17:40:00
5213,23,QR Code,Sales,new,2025-03-15 17:29:00
5214,4,QR Code,Sales,working,2025-02-24 12:18:00
5215,49,Web,Sales,new,2025-03-15 09:42:00
5216,15,Web,Sales,working,2025-02-19 13:05:00
5217,31,Call Center,Sales,working,2025-06-09 18:15:00
5218,18,QR Code,Sales,working,2025-07-07 11:55:00
5219,22,Call Center,Sales,closed,2025-02-27 16:59:00
5220,25,QR Code,Sales,closed,2025-08-21 10:43:00
5221,26,QR Code,Service,working,2025-06-22 14:14:00
5222,28,Call Center,Sales,working,2025-11-05 17:53:00
5223,19,Call Center,Sales,working,2025-03-23 14:27:00
5224,31,Call Center,Sales,closed,2025-07-19 15:37:00
5225,11,Web,Sales,working,2025-01-23 12:09:00
5226,42,Web,F&I,closed,2025-04-07 17:31:00
5227,15,Call Center,Sales,new,2025-02-05 13:24:00
5228,16,QR Code,Sales,new,2025-10-17 09:49:00
5229,47,Web,Sales,new,2025-12-16 12:00:00
5230,40,QR Code,Sales,closed,2025-02-01 08:33:00
5231,16,QR Code,Service,working,2025-06-23 13:32:00
5232,15,Web,Sales,closed,2025-08-07 16:28:00
5233,38,Call Center,Service,working,2025-11-28 11:24:00
5234,57,QR Code,Sales,closed,2025-12-11 15:33:00
5235,56,Web,F&I,working,2025-08-09 11:03:00
5236,7,QR Code,Sales,working,2025-06-20 15:33:00
5237,60,Web,Sales,new,2025-11-01 17:57:00
5238,37,QR Code,Sales,working,2025-11-12 10:13:00
5239,40,QR Code,Service,new,2025-07-08 13:04:00
5240,36,Web,Sales,working,2025-09-06 11:52:00
5241,2,Web,Sales,working,2025-02-03 12:50:00
5242,40,Call Center,Service,closed,2025-09-04 12:04:00
5243,14,Web,Sales,new,2025-08-07 14:36:00
5244,15,QR Code,Service,closed,2025-03-20 16:57:00
5245,3,Call Center,Sales,new,2025-02-06 08:48:00
5246,27,QR Code,Sales,working,2025-08-23 15:51:00
5247,31,QR Code,Sales,working,2025-04-21 17:50:00
5248,6,Call Center,F&I,closed,2025-01-23 17:58:00
5249,29,Web,Sales,closed,2025-08-29 19:29:00
5250,26,QR Code,F&I,closed,2025-07-15 08:24:00
5251,59,Call Center,Sales,new,2025-03-18 10:44:00
5252,8,QR Code,F&I,closed,2025-02-09 14:36:00
5253,58,Call Center,Sales,new,2025-09-02 12:39:00
5254,25,Call Center,F&I,closed,2025-05-12 13:32:00
5255,8,Web,Sales,new,2025-08-10 15:01:00
5256,10,Web,F&I,closed,2025-06-17 14:20:00
5257,6,QR Code,F&I,new,2025-09-23 13:53:00
5258,41,Call Center,Sales,working,2025-09-26 13:39:00
5259,22,Call Center,Sales,working,2025-01-02 18:49:00
5260,29,Call Center,Service,new,2025-09-12 10:00:00
5261,1,Call Center,Service,working,2025-05-01 15:27:00
5262,51,Web,Sales,new,2025-08-25 10:32:00
5263,36,Web,F&I,closed,2025-01-06 08:02:00
5264,58,QR Code,Sales,new,2025-06-03 19:37:00
5265,27,Web,Service,working,2025-07-20 10:36:00
5266,42,QR Code,Sales,closed,2025-06-09 08:16:00
5267,32,Web,Sales,closed,2025-03-04 13:55:00
5268,46,Call Center,Service,closed,2025-03-02 15:07:00
5269,60,Web,Service,working,2025-03-30 13:16:00
5270,35,Web,Sales,working,2025-11-20 17:49:00
5271,28,Web,Sales,working,2025-12-19 18:03:00
5272,21,Web,Sales,new,2025-10-16 16:35:00
5273,47,Call Center,Sales,working,2025-05-06 16:51:00
5274,24,QR Code,Sales,closed,2025-09-05 18:09:00
5275,51,QR Code,Service,new,2025-04-24 09:12:00
5276,58,QR Code,Sales,new,2025-07-07 09:58:00
5277,7,Web,Service,new,2025-11-22 09:22:00
5278,57,Web,Sales,new,2025-07-27 14:12:00
5279,29,Web,Sales,working,2025-11-23 19:38:00
5280,49,Call Center,F&I,working,2025-03-12 09:02:00
5281,39,Call Center,Sales,closed,2025-10-13 17:54:00
5282,37,Call Center,Sales,working,2025-05-29 18:12:00
5283,54,QR Code,Sales,new,2025-11-21 10:55:00
5284,4,Web,Sales,closed,2025-08-23 16:55:00
5285,56,Call Center,Sales,working,2025-09-01 10:27:00
5286,19,QR Code,Sales,working,2025-03-10 18:51:00
5287,54,QR Code,Sales,working,2025-09-17 12:45:00
5288,45,QR Code,Sales,working,2025-10-04 12:55:00
5289,38,Web,F&I,new,2025-05-30 16:37:00
5290,36,QR Code,Sales,working,2025-10-29 13:22:00
5291,2,Web,Sales,new,2025-11-30 08:07:00
5292,31,QR Code,Sales,working,2025-08-17 13:13:00
5293,54,Call Center,Service,working,2025-11-29 19:39:00
5294,52,QR Code,Service,new,2025-05-04 19:42:00
5295,9,Web,Service,new,2025-12-02 17:21:00
5296,12,Web,Sales,new,2025-11-24 15:53:00
5297,43,Call Center,Sales,working,2025-04-22 10:19:00
5298,48,Call Center,Sales,new,2025-03-01 15:15:00
5299,24,Call Center,Sales,working,2025-10-13 17:40:00
5300,5,Call Center,Sales,closed,2025-08-23 17:13:00
5301,59,Web,Sales,new,2025-06-29 13:27:00
5302,13,Web,Sales,new,2025-03-05 08:41:00
5303,10,Web,Service,closed,2025-10-09 19:45:00
5304,29,Call Center,Service,working,2025-03-12 19:22:00
5305,9,Web,F&I,closed,2025-10-07 14:33:00
5306,14,Call Center,Sales,working,2025-02-20 18:45:00
5307,45,Call Center,Service,working,2025-12-03 11:10:00
5308,23,Call Center,Sales,new,2025-07-24 15:47:00
5309,52,QR Code,F&I,new,2025-11-14 18:42:00
5310,13,Call Center,Sales,working,2025-01-16 13:52:00
5311,58,QR Code,Sales,working,2025-08-19 09:41:00
5312,58,QR Code,Service,working,2025-08-04 09:32:00
5313,22,QR Code,Sales,closed,2025-08-22 16:52:00
5314,22,Web,Service,working,2025-01-12 14:27:00
5315,24,Web,Sales,new,2025-03-17 14:32:00
5316,24,QR Code,Sales,working,2025-06-27 12:31:00
5317,1,Web,Sales,working,2025-12-12 16:18:00
5318,33,Call Center,Sales,new,2025-09-07 16:56:00
5319,38,QR Code,Service,closed,2025-04-21 18:09:00
5320,7,Web,Sales,closed,2025-07-31 09:29:00
5321,30,QR Code,Sales,closed,2025-08-04 08:33:00
5322,6,Call Center,Service,closed,2025-06-20 11:10:00
5323,32,Call Center,Sales,closed,2025-04-13 15:57:00
5324,48,QR Code,F&I,new,2025-09-08 13:21:00
5325,32,QR Code,Sales,new,2025-08-05 16:56:00
5326,31,Web,Sales,closed,2025-02-18 11:26:00
5327,19,Call Center,Service,working,2025-07-25 17:26:00
5328,33,Web,Sales,closed,2025-08-14 19:18:00
5329,43,Call Center,Service,working,2025-04-01 13:32:00
5330,4,Call Center,Sales,new,2025-04-22 12:48:00
5331,24,QR Code,Service,working,2025-01-28 13:44:00
5332,18,Web,F&I,new,2025-05-31 11:19:00
5333,58,Call Center,Sales,new,2025-11-24 08:27:00
5334,27,Web,Sales,new,2025-07-15 19:49:00
5335,14,Web,F&I,working,2025-07-12 15:16:00
5336,50,QR Code,Sales,closed,2025-02-27 08:57:00
5337,44,Web,Sales,closed,2025-02-28 10:52:00
5338,4,Call Center,Service,working,2025-04-19 14:25:00
5339,42,Web,Sales,closed,2025-11-15 12:22:00
5340,41,QR Code,Service,working,2025-09-09 15:44:00
5341,6,Web,F&I,new,2025-02-20 15:58:00
5342,54,Web,Sales,closed,2025-05-31 08:59:00
5343,23,Call Center,Sales,closed,2025-02-19 19:49:00
5344,14,Web,Service,working,2025-03-10 14:33:00
5345,35,QR Code,Sales,working,2025-12-05 10:01:00
5346,4,Call Center,Sales,new,2025-06-12 12:48:00
5347,54,Web,Service,working,2025-10-16 14:03:00
5348,35,QR Code,Service,new,2025-05-19 19:37:00
5349,5,QR Code,Service,working,2025-03-15 14:31:00
5350,47,Call Center,Sales,new,2025-04-27 18:58:00
5351,37,QR Code,F&I,new,2025-10-28 09:11:00
5352,59,Call Center,Sales,working,2025-01-26 17:59:00
5353,29,Call Center,Sales,working,2025-01-17 10:56:00
5354,19,Web,Sales,closed,2025-11-17 17:57:00
5355,39,QR Code,Service,working,2025-12-04 19:09:00
5356,42,Call Center,Sales,new,2025-11-09 15:08:00
5357,47,QR Code,Sales,new,2025-09-09 09:14:00
5358,27,QR Code,Sales,closed,2025-11-26 14:25:00
5359,11,Web,Sales,closed,2025-04-20 15:29:00
5360,13,QR Code,Service,working,2025-12-02 14:46:00
5361,1,Web,Service,new,2025-12-07 10:10:00
5362,37,Call Center,Service,working,2025-08-06 13:11:00
5363,32,QR Code,Service,working,2025-09-14 12:27:00
5364,22,Web,Service,new,2025-10-16 18:48:00
5365,27,QR Code,Service,working,2025-10-05 17:41:00
5366,36,QR Code,Sales,closed,2025-07-26 18:13:00
5367,19,Web,Service,working,2025-06-17 13:13:00
5368,10,Web,F&I,working,2025-03-30 08:16:00
5369,47,QR Code,Sales,working,2025-01-02 13:47:00
5370,29,Call Center,Sales,closed,2025-04-29 10:42:00
5371,28,Call Center,Service,working,2025-04-01 15:28:00
5372,17,QR Code,Service,closed,2025-06-11 16:43:00
5373,18,QR Code,Sales,closed,2025-02-27 11:38:00
5374,25,Web,Service,closed,2025-11-10 18:14:00
5375,40,Call Center,Sales,closed,2025-04-14 11:33:00
5376,34,QR Code,Sales,closed,2025-10-25 09:28:00
5377,23,QR Code,Sales,working,2025-04-03 08:31:00
5378,41,QR Code,Service,new,2025-11-05 15:34:00
5379,15,Web,Sales,closed,2025-11-20 17:33:00
5380,39,QR Code,Sales,closed,2025-11-12 14:29:00
5381,29,QR Code,F&I,closed,2025-08-22 14:28:00
5382,15,Web,Sales,new,2025-11-05 17:02:00
5383,37,Call Center,Sales,working,2025-10-19 11:44:00
5384,18,QR Code,Sales,new,2025-10-12 14:22:00
5385,27,Call Center,Sales,closed,2025-07-21 12:01:00
5386,39,Web,Sales,new,2025-10-09 14:42:00
5387,21,Call Center,Sales,closed,2025-01-18 18:45:00
5388,56,Call Center,Sales,closed,2025-01-05 16:27:00
5389,57,QR Code,Sales,working,2025-06-10 09:55:00
5390,15,Web,Sales,working,2025-05-27 12:39:00
5391,7,Web,Sales,closed,2025-02-01 17:40:00
5392,16,Call Center,Sales,working,2025-05-02 08:08:00
5393,56,Web,Service,closed,2025-11-10 14:44:00
5394,55,QR Code,Sales,working,2025-10-03 09:16:00
5395,57,Web,Sales,new,2025-01-20 08:01:00
5396,60,QR Code,Sales,closed,2025-06-27 18:10:00
5397,56,Web,Sales,working,2025-05-13 13:11:00
5398,50,QR Code,Sales,new,2025-10-20 15:25:00
5399,13,Call Center,Sales,new,2025-04-17 13:27:00
5400,38,Web,Sales,closed,2025-01-22 18:43:00
5401,39,QR Code,Sales,working,2025-07-09 11:26:00
5402,42,Call Center,Sales,working,2025-02-02 12:02:00
5403,33,Call Center,Sales,new,2025-11-28 08:43:00
5404,39,QR Code,Sales,closed,2025-10-25 17:15:00
5405,25,QR Code,F&I,closed,2025-01-27 09:36:00
5406,48,QR Code,Sales,working,2025-09-28 17:59:00
5407,36,Web,F&I,closed,2025-05-20 11:34:00
5408,54,Web,F&I,working,2025-08-08 09:39:00
5409,58,QR Code,Service,new,2025-09-13 18:23:00
5410,51,Web,Sales,new,2025-01-25 17:41:00
5411,18,Web,F&I,working,2025-11-17 08:54:00
5412,41,Web,Sales,new,2025-07-11 13:01:00
5413,40,QR Code,F&I,closed,2025-01-11 13:44:00
5414,31,QR Code,F&I,closed,2025-10-21 09:59:00
5415,32,Call Center,Sales,closed,2025-05-17 17:02:00
5416,21,Call Center,Service,closed,2025-03-20 19:59:00
5417,52,QR Code,Sales,new,2025-01-10 15:27:00
5418,18,Call Center,F&I,working,2025-09-12 10:16:00
5419,15,Call Center,Sales,closed,2025-03-28 17:03:00
5420,13,QR Code,Sales,new,2025-11-20 11:00:00
5421,35,Call Center,F&I,working,2025-05-05 10:15:00
5422,10,Web,Sales,closed,2025-07-06 14:26:00
5423,3,Web,F&I,new,2025-12-04 08:03:00
5424,59,QR Code,Service,closed,2025-10-12 11:34:00
5425,35,QR Code,Service,working,2025-12-19 15:34:00
5426,46,QR Code,F&I,new,2025-05-21 12:56:00
5427,19,Web,Sales,closed,2025-05-19 18:38:00
5428,59,Web,Service,working,2025-07-06 14:27:00
5429,60,Web,Sales,closed,2025-09-12 17:56:00
5430,54,Call Center,Sales,working,2025-08-08 12:32:00
5431,40,Call Center,Sales,working,2025-11-27 09:19:00
5432,35,QR Code,Sales,new,2025-01-31 11:05:00
5433,6,Call Center,Sales,new,2025-11-19 13:27:00
5434,31,Web,Sales,closed,2025-04-07 11:28:00
5435,25,QR Code,Service,working,2025-02-08 16:10:00
5436,23,QR Code,Sales,closed,2025-09-25 12:42:00
5437,32,Call Center,Sales,working,2025-06-05 15:17:00
5438,7,Web,Sales,working,2025-09-07 15:37:00
5439,55,Web,Sales,new,2025-01-29 19:18:00
5440,58,Call Center,Sales,working,2025-12-06 10:32:00
5441,16,QR Code,Sales,new,2025-06-09 14:54:00
5442,43,Call Center,F&I,closed,2025-08-20 18:24:00
5443,23,Call Center,Sales,working,2025-04-02 14:39:00
5444,23,Call Center,Sales,working,2025-08-31 16:17:00
5445,5,QR Code,Sales,new,2025-01-08 17:23:00
5446,55,QR Code,Sales,closed,2025-12-20 11:34:00
5447,28,QR Code,Sales,working,2025-02-09 11:57:00
5448,57,QR Code,Service,working,2025-01-12 08:50:00
5449,17,QR Code,Service,closed,2025-07-03 17:39:00
5450,9,Call Center,Sales,working,2025-08-22 11:53:00
5451,25,Web,Sales,working,2025-01-23 15:14:00
5452,53,Call Center,F&I,closed,2025-06-26 15:56:00
5453,27,QR Code,Sales,new,2025-01-31 19:01:00
5454,40,Call Center,Sales,new,2025-08-23 19:20:00
5455,28,Web,Sales,new,2025-07-07 18:48:00
5456,42,QR Code,Sales,new,2025-10-22 16:16:00
5457,21,Web,Sales,closed,2025-10-21 17:10:00
5458,26,Web,Sales,closed,2025-07-07 16:43:00
5459,43,Web,Sales,new,2025-06-20 14:31:00
5460,16,QR Code,Service,closed,2025-04-25 16:31:00
5461,44,Web,Sales,closed,2025-06-19 16:45:00
5462,40,QR Code,F&I,closed,2025-08-06 19:08:00
5463,5,Call Center,Sales,closed,2025-06-30 12:50:00
5464,52,QR Code,Sales,new,2025-03-19 13:30:00
5465,27,Call Center,Sales,closed,2025-02-23 09:02:00
5466,53,Call Center,Sales,new,2025-01-11 19:08:00
5467,39,Call Center,Sales,new,2025-09-20 16:22:00
5468,7,Call Center,F&I,working,2025-05-15 11:40:00
5469,3,Web,Sales,closed,2025-05-17 14:31:00
5470,6,Call Center,Service,closed,2025-12-14 09:13:00
5471,13,Web,Service,working,2025-06-22 17:43:00
5472,6,Web,Sales,closed,2025-01-18 15:15:00
5473,50,QR Code,Sales,new,2025-03-24 11:21:00
5474,40,Web,Sales,new,2025-10-01 17:46:00
5475,37,QR Code,Sales,closed,2025-10-20 16:06:00
5476,42,QR Code,Sales,closed,2025-03-05 18:29:00
5477,43,Call Center,Sales,new,2025-01-05 13:21:00
5478,29,Web,Sales,new,2025-04-18 15:02:00
5479,57,Web,Service,closed,2025-09-30 12:13:00
5480,26,Call Center,Sales,closed,2025-07-01 12:53:00
5481,23,Web,Sales,new,2025-08-13 11:43:00
5482,40,QR Code,Sales,working,2025-08-20 16:19:00
5483,11,Call Center,Sales,closed,2025-02-21 14:02:00
5484,44,Call Center,Service,closed,2025-05-20 19:46:00
5485,38,Web,Sales,working,2025-03-01 19:06:00
5486,18,QR Code,Service,new,2025-03-24 14:16:00
5487,48,Web,Sales,closed,2025-04-02 19:25:00
5488,46,Web,Sales,closed,2025-11-19 11:59:00
5489,45,QR Code,Service,closed,2025-07-24 10:28:00
5490,28,Call Center,Sales,new,2025-09-15 16:41:00
5491,39,Call Center,Sales,closed,2025-09-07 15:37:00
5492,39,QR Code,Sales,new,2025-08-11 18:20:00
5493,5,Web,Service,new,2025-08-29 09:28:00
5494,1,Web,Sales,closed,2025-09-30 11:29:00
5495,59,QR Code,Sales,working,2025-06-26 11:29:00
5496,56,Web,F&I,closed,2025-04-06 14:17:00
5497,23,QR Code,Sales,new,2025-02-16 17:18:00
5498,49,Call Center,Sales,closed,2025-06-04 14:12:00
5499,42,Web,Service,new,2025-12-01 11:04:00
5500,6,Web,Sales,closed,2025-04-17 11:21:00
5501,14,Web,Service,working,2025-03-13 16:42:00
5502,30,QR Code,Sales,closed,2025-06-11 11:22:00
5503,13,Call Center,Sales,new,2025-11-25 10:19:00
5504,32,Call Center,F&I,closed,2025-11-21 12:36:00
5505,41,Call Center,Service,working,2025-07-23 12:10:00
5506,19,Web,Sales,closed,2025-04-14 18:49:00
5507,60,Web,Sales,working,2025-04-06 19:12:00
5508,50,QR Code,Service,closed,2025-10-15 16:08:00
5509,54,Call Center,Sales,working,2025-08-20 18:55:00
5510,40,QR Code,Sales,working,2025-02-18 19:29:00
5511,53,QR Code,F&I,new,2025-08-03 16:29:00
5512,46,Call Center,Sales,new,2025-07-26 08:36:00
5513,25,QR Code,F&I,closed,2025-02-05 10:39:00
5514,11,Web,Sales,new,2025-06-22 16:32:00
5515,57,Web,Service,working,2025-04-24 19:53:00
5516,49,Call Center,Sales,new,2025-02-06 15:13:00
5517,24,QR Code,Service,closed,2025-11-23 09:44:00
5518,38,Call Center,F&I,new,2025-11-17 15:09:00
5519,45,Call Center,Service,closed,2025-03-03 17:31:00
5520,31,QR Code,Service,working,2025-05-05 17:10:00
5521,46,Call Center,Sales,working,2025-05-31 14:21:00
5522,26,Call Center,Sales,new,2025-03-21 12:43:00
5523,55,QR Code,Sales,closed,2025-10-13 17:40:00
5524,33,Call Center,Sales,new,2025-02-10 16:17:00
5525,41,QR Code,Sales,new,2025-08-13 08:40:00
5526,4,Web,Sales,new,2025-05-25 15:06:00
5527,38,QR Code,Sales,closed,2025-03-27 08:09:00
5528,18,Web,Service,new,2025-11-29 14:05:00
5529,38,QR Code,F&I,new,2025-04-20 12:53:00
5530,28,Call Center,Sales,new,2025-04-30 11:31:00
5531,11,Web,F&I,working,2025-03-31 17:17:00
5532,6,Call Center,Sales,closed,2025-08-09 09:51:00
5533,52,Call Center,Service,new,2025-09-03 18:58:00
5534,51,Call Center,F&I,closed,2025-02-21 18:06:00
5535,34,Web,Service,new,2025-12-12 16:23:00
5536,51,Web,Sales,closed,2025-10-31 17:00:00
5537,32,Web,Sales,working,2025-07-15 09:25:00
5538,12,QR Code,F&I,closed,2025-08-26 16:17:00
5539,33,Web,F&I,closed,2025-12-18 09:54:00
5540,55,Call Center,Sales,closed,2025-09-30 15:47:00
5541,2,QR Code,Sales,new,2025-04-05 11:07:00
5542,45,QR Code,Sales,closed,2025-06-02 09:53:00
5543,48,Call Center,Sales,working,2025-04-30 12:24:00
5544,35,QR Code,Sales,working,2025-11-17 17:26:00
5545,34,Call Center,Sales,working,2025-11-08 08:03:00
5546,14,Web,Service,working,2025-01-14 09:30:00
5547,18,Web,Service,closed,2025-07-31 18:58:00
5548,35,QR Code,Sales,new,2025-07-19 11:49:00
5549,20,Web,Sales,new,2025-09-13 17:26:00
5550,42,Call Center,Sales,closed,2025-07-26 09:26:00
5551,45,Call Center,Sales,closed,2025-03-22 08:04:00
5552,35,QR Code,Sales,working,2025-07-05 16:16:00
5553,60,Call Center,Service,working,2025-12-02 15:02:00
5554,60,QR Code,Sales,new,2025-07-07 14:20:00
5555,27,Call Center,Sales,new,2025-08-23 09:52:00
5556,45,QR Code,Sales,closed,2025-06-22 11:48:00
5557,27,Web,Service,working,2025-04-04 10:22:00
5558,57,Call Center,Sales,closed,2025-05-02 18:32:00
5559,35,QR Code,Sales,closed,2025-01-25 14:43:00
5560,45,QR Code,Service,new,2025-11-22 08:52:00
5561,32,Web,Sales,new,2025-10-04 19:44:00
5562,14,QR Code,Sales,new,2025-01-05 08:15:00
5563,37,Call Center,Sales,working,2025-12-05 08:56:00
5564,3,QR Code,Service,closed,2025-12-11 08:39:00
5565,1,Web,Sales,closed,2025-05-19 09:49:00
5566,37,QR Code,Service,closed,2025-02-27 14:56:00
5567,27,Web,Service,working,2025-02-10 15:42:00
5568,57,Web,F&I,working,2025-02-04 13:11:00
5569,46,QR Code,Service,closed,2025-12-15 10:44:00
5570,30,QR Code,Service,closed,2025-10-04 18:16:00
5571,53,Call Center,Sales,closed,2025-08-30 15:21:00
5572,3,Web,Sales,working,2025-06-14 16:05:00
5573,25,QR Code,F&I,closed,2025-08-15 13:55:00
5574,4,Web,Service,new,2025-08-13 12:56:00
5575,35,Call Center,Sales,closed,2025-06-08 10:34:00
5576,60,Web,Sales,working,2025-02-08 10:19:00
5577,49,Call Center,Sales,new,2025-04-05 15:58:00
5578,33,Call Center,F&I,new,2025-05-26 09:47:00
5579,3,Web,Sales,closed,2025-11-01 14:35:00
5580,5,QR Code,Service,closed,2025-10-20 18:50:00
5581,33,Web,Sales,new,2025-05-23 15:01:00
5582,24,Call Center,Service,new,2025-03-02 19:53:00
5583,2,Web,Service,closed,2025-06-27 19:21:00
5584,3,QR Code,Sales,new,2025-07-11 15:23:00
5585,12,Call Center,Sales,new,2025-10-15 13:12:00
5586,43,Call Center,F&I,working,2025-04-21 16:38:00
5587,18,Web,F&I,working,2025-07-12 11:53:00
5588,36,QR Code,F&I,closed,2025-11-06 08:56:00
5589,34,QR Code,Service,closed,2025-06-23 13:25:00
5590,24,QR Code,Sales,working,2025-02-14 10:28:00
5591,17,QR Code,Service,closed,2025-07-17 17:42:00
5592,24,Web,Sales,new,2025-02-16 18:33:00
5593,26,Web,F&I,new,2025-05-04 12:18:00
5594,31,Web,Sales,working,2025-12-07 14:49:00
5595,32,Web,F&I,working,2025-10-19 18:34:00
5596,47,Call Center,Sales,closed,2025-03-31 08:42:00
5597,21,QR Code,F&I,working,2025-08-29 10:09:00
5598,26,Web,Service,working,2025-04-18 09:34:00
5599,55,Call Center,Sales,new,2025-06-12 10:04:00
5600,35,QR Code,Sales,working,2025-08-09 09:58:00
5601,28,Call Center,Service,new,2025-07-29 15:00:00
5602,48,QR Code,Sales,working,2025-06-29 15:02:00
5603,58,Web,Sales,closed,2025-07-11 19:38:00
5604,53,Call Center,Service,working,2025-04-03 19:07:00
5605,49,Web,Sales,closed,2025-10-01 13:52:00
5606,24,QR Code,Sales,working,2025-08-17 18:41:00
5607,53,Call Center,Sales,closed,2025-11-21 19:16:00
5608,16,QR Code,Sales,new,2025-07-03 16:17:00
5609,21,Web,Service,working,2025-09-19 10:30:00
5610,18,QR Code,Sales,closed,2025-06-28 19:01:00
5611,25,Call Center,Sales,working,2025-07-24 16:12:00
5612,53,Call Center,F&I,working,2025-08-02 12:25:00
5613,22,QR Code,F&I,closed,2025-09-15 16:31:00
5614,16,Call Center,Service,closed,2025-02-12 12:50:00
5615,44,Call Center,Sales,new,2025-10-18 18:05:00
5616,9,QR Code,Sales,new,2025-11-27 11:24:00
5617,1,QR Code,F&I,working,2025-01-01 15:30:00
5618,19,QR Code,Service,new,2025-08-26 10:27:00
5619,15,QR Code,Service,working,2025-10-06 11:28:00
5620,57,Call Center,Sales,working,2025-09-04 16:21:00
5621,39,Web,Sales,new,2025-11-10 12:13:00
5622,11,Call Center,Sales,closed,2025-12-19 09:17:00
5623,30,QR Code,Service,closed,2025-09-13 19:41:00
5624,12,Web,F&I,working,2025-06-03 12:47:00
5625,31,QR Code,Service,working,2025-06-16 09:06:00
5626,54,Call Center,Sales,new,2025-09-07 10:19:00
5627,24,Call Center,Service,new,2025-09-20 17:00:00
5628,25,QR Code,Sales,working,2025-04-08 13:02:00
5629,32,Call Center,Service,working,2025-11-21 12:11:00
5630,28,QR Code,F&I,closed,2025-08-01 18:19:00
5631,32,Web,Service,working,2025-01-22 17:45:00
5632,47,QR Code,Sales,working,2025-12-16 18:40:00
5633,15,QR Code,Sales,working,2025-12-05 10:12:00
5634,51,Call Center,Sales,new,2025-01-14 09:56:00
5635,33,Call Center,Service,new,2025-08-30 08:34:00
5636,12,Call Center,Sales,new,2025-03-07 19:10:00
5637,4,QR Code,Sales,working,2025-09-28 14:24:00
5638,30,QR Code,Service,new,2025-06-30 09:57:00
5639,28,Call Center,Sales,new,2025-01-20 09:27:00
5640,1,Call Center,Sales,working,2025-07-21 08:59:00
5641,44,Call Center,Service,working,2025-06-28 09:42:00
5642,28,Web,Service,closed,2025-11-08 19:20:00
5643,55,Web,Sales,closed,2025-03-03 12:00:00
5644,7,Web,Sales,new,2025-01-09 11:11:00
5645,10,QR Code,Sales,working,2025-04-18 08:07:00
5646,27,Call Center,Sales,closed,2025-08-12 08:02:00
5647,11,QR Code,Sales,closed,2025-11-26 11:39:00
5648,44,Call Center,Sales,working,2025-07-19 19:22:00
5649,44,Call Center,Service,closed,2025-09-27 15:23:00
5650,4,QR Code,Sales,working,2025-12-07 12:24:00
5651,6,QR Code,Sales,closed,2025-05-06 12:54:00
5652,21,Call Center,Sales,working,2025-08-21 11:14:00
5653,32,Call Center,Sales,working,2025-12-05 13:12:00
5654,3,Call Center,F&I,new,2025-10-01 18:41:00
5655,40,Web,Service,working,2025-01-01 09:32:00
5656,54,Call Center,Service,closed,2025-02-21 10:35:00
5657,56,QR Code,Sales,working,2025-02-14 13:32:00
5658,21,Call Center,Service,new,2025-04-25 09:16:00
5659,9,QR Code,Sales,closed,2025-09-14 09:33:00
5660,8,Web,Sales,working,2025-12-04 16:27:00
5661,43,Call Center,Sales,working,2025-12-17 17:57:00
5662,43,Web,Service,closed,2025-03-20 11:03:00
5663,30,Web,Service,new,2025-07-08 12:47:00
5664,54,Web,F&I,closed,2025-04-30 11:58:00
5665,52,QR Code,Service,working,2025-08-15 08:31:00
5666,44,Call Center,Sales,closed,2025-11-17 09:35:00
5667,8,Call Center,Sales,new,2025-01-04 08:58:00
5668,17,Web,Service,new,2025-02-24 16:17:00
5669,1,Call Center,Sales,new,2025-01-10 09:14:00
5670,38,Web,F&I,new,2025-01-10 09:46:00
5671,16,QR Code,Sales,working,2025-11-25 18:40:00
5672,47,QR Code,Sales,working,2025-02-09 10:17:00
5673,37,Web,F&I,closed,2025-02-20 16:47:00
5674,14,Web,Service,working,2025-07-23 12:31:00
5675,60,QR Code,Sales,closed,2025-11-19 15:47:00
5676,8,Call Center,Service,closed,2025-11-05 08:55:00
5677,23,Call Center,Sales,closed,2025-08-05 18:51:00
5678,25,Call Center,Sales,working,2025-10-06 14:43:00
5679,8,QR Code,Service,closed,2025-07-17 10:46:00
5680,30,QR Code,Sales,closed,2025-08-20 18:27:00
5681,25,Web,F&I,working,2025-07-01 16:46:00
5682,30,Web,Sales,closed,2025-09-09 18:50:00
5683,33,Call Center,F&I,working,2025-01-09 08:46:00
5684,34,Call Center,Service,new,2025-03-10 15:15:00
5685,15,Call Center,Sales,working,2025-10-17 19:05:00
5686,47,Web,Sales,closed,2025-03-31 14:52:00
5687,17,Call Center,Service,working,2025-07-26 10:05:00
5688,57,Call Center,Sales,new,2025-04-18 08:40:00
5689,34,Call Center,F&I,closed,2025-01-08 10:37:00
5690,23,Web,Sales,new,2025-06-20 08:32:00
5691,38,QR Code,Service,closed,2025-02-05 08:26:00
5692,37,Web,F&I,working,2025-09-09 08:40:00
5693,34,Web,Service,working,2025-11-20 11:16:00
5694,18,QR Code,Service,new,2025-01-06 16:42:00
5695,26,Web,Sales,closed,2025-08-06 17:04:00
5696,3,Call Center,F&I,closed,2025-09-01 16:59:00
5697,2,Call Center,Sales,new,2025-03-18 16:37:00
5698,3,Call Center,Sales,working,2025-06-10 14:06:00
5699,41,Web,Sales,new,2025-02-16 15:57:00
5700,59,Web,Sales,working,2025-02-15 13:19:00
5701,27,QR Code,Service,working,2025-06-04 18:26:00
5702,46,QR Code,Sales,new,2025-06-07 08:28:00
5703,17,Web,Sales,working,2025-04-17 18:00:00
5704,40,QR Code,Service,working,2025-08-07 15:32:00
5705,53,Web,Sales,working,2025-04-17 10:17:00
5706,18,Web,Sales,closed,2025-10-08 09:43:00
5707,14,Call Center,Sales,closed,2025-06-27 12:12:00
5708,48,QR Code,Sales,working,2025-02-08 11:38:00
5709,4,Web,Service,closed,2025-01-18 09:55:00
5710,2,QR Code,Sales,new,2025-11-09 18:01:00
5711,48,QR Code,Sales,working,2025-03-19 10:20:00
5712,15,QR Code,Sales,working,2025-03-10 19:50:00
5713,9,QR Code,F&I,new,2025-09-19 08:56:00
5714,8,Web,Sales,working,2025-08-01 15:25:00
5715,7,Call Center,Service,new,2025-08-30 11:14:00
5716,46,QR Code,Sales,closed,2025-06-17 11:23:00
5717,55,QR Code,Sales,working,2025-08-24 13:44:00
5718,2,QR Code,F&I,closed,2025-05-20 08:36:00
5719,36,QR Code,Service,closed,2025-03-26 10:04:00
5720,7,Call Center,Sales,closed,2025-07-24 15:00:00
5721,42,Call Center,Sales,closed,2025-08-13 10:13:00
5722,9,Call Center,F&I,new,2025-05-10 15:55:00
5723,14,QR Code,Service,new,2025-07-21 13:16:00
5724,31,QR Code,Sales,working,2025-06-27 15:18:00
5725,29,Web,Sales,working,2025-08-06 09:00:00
5726,12,Call Center,Sales,new,2025-06-29 18:08:00
5727,8,QR Code,Sales,new,2025-10-23 16:41:00
5728,29,Web,F&I,working,2025-09-05 15:08:00
5729,51,QR Code,Sales,working,2025-03-03 08:58:00
5730,12,Call Center,Sales,closed,2025-04-06 15:28:00
5731,17,Web,Sales,working,2025-11-10 10:18:00
5732,56,QR Code,Sales,working,2025-12-17 14:35:00
5733,33,Call Center,F&I,closed,2025-04-04 10:22:00
5734,13,Web,Service,working,2025-11-22 17:05:00
5735,38,Call Center,Sales,new,2025-01-06 08:50:00
5736,11,Web,Sales,new,2025-03-28 13:53:00
5737,45,Web,F&I,new,2025-12-08 14:50:00
5738,30,QR Code,Sales,new,2025-08-31 15:49:00
5739,1,QR Code,F&I,closed,2025-09-17 17:23:00
5740,11,Call Center,Sales,new,2025-12-12 13:05:00
5741,9,QR Code,Sales,working,2025-11-27 08:01:00
5742,38,QR Code,Sales,closed,2025-11-16 12:36:00
5743,58,Call Center,Sales,closed,2025-02-01 19:31:00
5744,2,Call Center,Sales,closed,2025-02-24 14:32:00
5745,43,QR Code,Sales,working,2025-08-07 12:42:00
5746,52,QR Code,Service,working,2025-10-18 18:39:00
5747,39,Web,Sales,closed,2025-06-15 12:28:00
5748,42,Call Center,Sales,new,2025-09-12 17:51:00
5749,23,Call Center,Sales,working,2025-11-16 10:12:00
5750,60,QR Code,F&I,working,2025-10-06 11:52:00
5751,43,Web,Service,closed,2025-11-29 15:03:00
5752,45,QR Code,Service,working,2025-09-25 17:16:00
5753,58,QR Code,Sales,closed,2025-02-28 14:20:00
5754,22,Web,Sales,working,2025-03-02 18:24:00
5755,58,Call Center,F&I,closed,2025-05-16 08:44:00
5756,16,Call Center,Sales,working,2025-10-12 11:10:00
5757,39,QR Code,Sales,closed,2025-11-17 17:31:00
5758,23,Call Center,Sales,closed,2025-05-26 08:57:00
5759,14,Web,Service,working,2025-05-19 16:38:00
5760,5,Call Center,Sales,working,2025-01-18 14:39:00
5761,58,Call Center,Sales,closed,2025-04-08 10:24:00
5762,19,QR Code,Sales,new,2025-01-09 15:22:00
5763,29,Call Center,Sales,working,2025-02-26 17:24:00
5764,18,QR Code,Sales,closed,2025-07-01 11:38:00
5765,17,QR Code,Sales,new,2025-08-25 14:33:00
5766,48,Web,F&I,closed,2025-10-13 18:42:00
5767,2,QR Code,Service,new,2025-09-09 15:47:00
5768,8,QR Code,Service,closed,2025-02-13 18:07:00
5769,18,Call Center,Sales,working,2025-06-09 14:50:00
5770,2,Web,F&I,new,2025-02-01 13:38:00
5771,43,Call Center,Sales,new,2025-06-30 12:36:00
5772,40,Call Center,F&I,closed,2025-01-10 19:16:00
5773,48,Call Center,Service,working,2025-07-11 13:15:00
5774,53,Web,Service,closed,2025-11-11 11:50:00
5775,57,Call Center,Sales,working,2025-12-11 14:47:00
5776,50,Web,Sales,working,2025-06-14 08:25:00
5777,23,Call Center,Sales,new,2025-10-13 12:23:00
5778,51,Web,Sales,working,2025-08-31 11:20:00
5779,49,Web,Sales,closed,2025-08-03 18:14:00
5780,5,Call Center,Service,working,2025-04-15 09:12:00
5781,54,Call Center,Sales,closed,2025-10-10 10:41:00
5782,4,Call Center,Sales,closed,2025-01-27 11:02:00
5783,7,QR Code,Service,new,2025-10-06 11:07:00
5784,22,Web,Service,new,2025-07-26 13:54:00
5785,50,Web,Sales,new,2025-09-18 11:24:00
5786,27,Web,F&I,working,2025-05-10 09:24:00
5787,11,Web,Service,closed,2025-02-19 19:50:00
5788,54,Web,Sales,closed,2025-06-21 09:57:00
5789,42,Web,Sales,new,2025-02-09 17:57:00
5790,28,QR Code,Service,working,2025-07-18 10:22:00
5791,31,Call Center,Service,working,2025-05-18 13:24:00
5792,9,Web,Sales,working,2025-04-29 12:14:00
5793,43,QR Code,Service,closed,2025-04-09 13:58:00
5794,9,Call Center,Sales,new,2025-11-11 17:59:00
5795,14,Web,Service,working,2025-01-29 18:16:00
5796,32,Call Center,Sales,new,2025-05-06 17:55:00
5797,22,Web,Sales,working,2025-07-18 19:22:00
5798,41,Call Center,Sales,closed,2025-04-03 16:14:00
5799,58,QR Code,Service,new,2025-04-04 13:50:00
5800,32,QR Code,Service,closed,2025-07-29 14:22:00
5801,11,QR Code,Sales,working,2025-10-11 11:48:00
5802,38,Call Center,F&I,working,2025-12-15 08:46:00
5803,18,Web,Service,working,2025-12-14 12:29:00
5804,43,QR Code,Sales,working,2025-06-04 18:25:00
5805,51,Web,F&I,new,2025-06-08 19:16:00
5806,17,Web,Service,working,2025-03-09 09:14:00
5807,51,QR Code,Sales,new,2025-05-25 11:46:00
5808,21,Web,Service,closed,2025-05-16 10:57:00
5809,1,Web,Sales,closed,2025-07-31 11:03:00
5810,44,QR Code,Sales,closed,2025-08-24 17:46:00
5811,14,Call Center,Service,new,2025-10-16 18:50:00
5812,13,Call Center,Sales,closed,2025-10-09 17:52:00
5813,21,Call Center,Sales,working,2025-06-23 16:07:00
5814,22,QR Code,Sales,new,2025-07-22 15:59:00
5815,49,Call Center,Service,closed,2025-07-21 10:19:00
5816,27,Call Center,Service,working,2025-06-29 17:38:00
5817,21,Web,Sales,new,2025-06-16 09:08:00
5818,9,QR Code,F&I,closed,2025-02-07 18:32:00
5819,16,QR Code,Sales,closed,2025-01-29 19:14:00
5820,11,Call Center,Service,working,2025-06-08 14:58:00
5821,29,QR Code,Sales,closed,2025-01-24 11:44:00
5822,39,Web,Sales,working,2025-12-06 19:54:00
5823,38,QR Code,Sales,new,2025-01-10 11:23:00
5824,25,QR Code,Sales,new,2025-08-08 14:30:00
5825,59,Web,Sales,new,2025-08-11 18:05:00
5826,57,Web,Sales,new,2025-06-27 10:06:00
5827,25,Web,Service,new,2025-11-02 13:33:00
5828,47,Call Center,Sales,new,2025-07-20 16:32:00
5829,53,QR Code,F&I,closed,2025-09-30 19:45:00
5830,34,Web,F&I,closed,2025-06-26 11:02:00
5831,56,Web,Service,new,2025-02-18 18:28:00
5832,53,Web,Sales,closed,2025-11-23 17:18:00
5833,1,QR Code,Service,new,2025-08-15 17:58:00
5834,33,QR Code,Sales,working,2025-07-09 17:01:00
5835,56,Call Center,F&I,working,2025-05-16 16:48:00
5836,33,Web,Sales,closed,2025-09-23 13:54:00
5837,21,QR Code,Sales,new,2025-07-25 10:37:00
5838,26,QR Code,Sales,new,2025-10-11 12:44:00
5839,60,Web,Sales,closed,2025-10-25 17:06:00
5840,57,Web,Sales,working,2025-09-14 15:52:00
5841,18,Web,Sales,working,2025-02-22 12:58:00
5842,7,Web,Sales,new,2025-07-13 18:45:00
5843,34,Web,Sales,new,2025-09-10 13:26:00
5844,18,Call Center,Sales,new,2025-04-15 09:54:00
5845,50,Web,Sales,new,2025-02-04 09:47:00
5846,31,Web,Sales,closed,2025-10-19 12:56:00
5847,50,QR Code,Sales,new,2025-09-02 19:31:00
5848,11,Web,Sales,working,2025-06-18 18:29:00
5849,28,QR Code,Sales,new,2025-11-07 15:49:00
5850,37,Call Center,Sales,new,2025-08-24 19:07:00
5851,34,Web,F&I,closed,2025-11-28 14:44:00
5852,24,QR Code,Sales,closed,2025-01-24 08:44:00
5853,33,Call Center,Sales,working,2025-01-24 08:59:00
5854,29,Call Center,Sales,new,2025-09-22 18:24:00
5855,59,QR Code,F&I,new,2025-05-22 18:56:00
5856,19,QR Code,Sales,working,2025-08-23 15:20:00
5857,2,Call Center,F&I,new,2025-08-09 11:43:00
5858,31,Call Center,Service,working,2025-10-10 13:40:00
5859,2,Web,Service,new,2025-04-15 10:45:00
5860,15,Web,Sales,working,2025-03-27 12:08:00
5861,43,Web,Service,closed,2025-02-11 18:38:00
5862,13,Call Center,Sales,closed,2025-03-06 12:27:00
5863,26,QR Code,Sales,working,2025-03-03 09:02:00
5864,8,QR Code,Sales,closed,2025-05-03 13:45:00
5865,55,Call Center,Service,working,2025-04-02 18:22:00
5866,17,Call Center,Sales,new,2025-08-17 19:03:00
5867,34,QR Code,Service,working,2025-11-09 12:49:00
5868,3,Web,Sales,working,2025-04-22 18:03:00
5869,54,QR Code,Sales,closed,2025-11-28 15:31:00
5870,29,Call Center,Service,closed,2025-09-07 13:29:00
5871,15,Web,F&I,closed,2025-04-30 11:31:00
5872,38,Call Center,Sales,closed,2025-01-20 19:37:00
5873,19,Call Center,Sales,closed,2025-12-12 19:18:00
5874,30,Call Center,F&I,new,2025-07-14 15:47:00
5875,8,QR Code,Service,new,2025-03-20 15:38:00
5876,10,QR Code,Sales,closed,2025-05-24 17:22:00
5877,56,QR Code,Sales,working,2025-08-19 10:03:00
5878,26,Web,F&I,working,2025-08-21 11:23:00
5879,51,QR Code,Sales,new,2025-11-07 19:31:00
5880,45,Web,Service,closed,2025-07-24 19:45:00
5881,9,QR Code,Service,new,2025-04-23 08:35:00
5882,50,QR Code,Sales,closed,2025-06-13 08:51:00
5883,60,Call Center,Service,working,2025-01-06 11:06:00
5884,16,QR Code,Sales,new,2025-08-14 19:36:00
5885,41,Call Center,Service,closed,2025-10-07 15:44:00
5886,9,QR Code,Sales,closed,2025-09-04 10:58:00
5887,27,Call Center,Sales,working,2025-04-02 15:35:00
5888,38,QR Code,Service,closed,2025-02-04 14:30:00
5889,56,Web,Service,closed,2025-05-12 09:07:00
5890,30,Call Center,Service,closed,2025-04-28 19:02:00
5891,31,Web,Service,working,2025-04-03 10:07:00
5892,54,Web,Service,closed,2025-03-28 18:09:00
5893,25,QR Code,Sales,working,2025-04-30 15:48:00
5894,23,QR Code,F&I,working,2025-04-07 19:21:00
5895,29,Call Center,Service,closed,2025-05-27 11:16:00
5896,35,QR Code,Sales,working,2025-08-12 09:27:00
5897,49,Call Center,Service,closed,2025-07-25 09:48:00
5898,39,QR Code,F&I,new,2025-01-02 08:01:00
5899,11,Call Center,Sales,working,2025-07-29 09:37:00
5900,15,QR Code,Sales,working,2025-11-16 12:41:00
5901,50,Web,F&I,working,2025-05-25 16:58:00
5902,44,Call Center,Sales,new,2025-08-24 14:59:00
5903,31,QR Code,F&I,new,2025-08-08 11:28:00
5904,54,Call Center,Sales,closed,2025-04-15 15:36:00
5905,11,Call Center,Sales,closed,2025-07-27 16:07:00
5906,13,Web,Sales,closed,2025-06-12 12:18:00
5907,17,QR Code,F&I,new,2025-01-15 13:56:00
5908,4,Web,Sales,new,2025-01-23 17:04:00
5909,26,Web,Sales,closed,2025-12-04 15:32:00
5910,6,Web,Sales,closed,2025-04-20 16:51:00
5911,25,QR Code,Service,new,2025-09-11 16:18:00
5912,5,Call Center,Sales,closed,2025-11-16 12:39:00
5913,23,QR Code,Sales,closed,2025-05-08 12:02:00
5914,59,Call Center,Service,new,2025-10-25 09:03:00
5915,24,QR Code,Sales,closed,2025-03-31 17:30:00
5916,16,QR Code,Sales,new,2025-03-02 15:10:00
5917,29,Web,Sales,working,2025-10-23 12:50:00
5918,34,QR Code,Sales,working,2025-04-08 13:57:00
5919,31,Web,Sales,closed,2025-11-15 17:53:00
5920,3,Call Center,Sales,new,2025-08-24 10:39:00
5921,8,Web,Sales,new,2025-09-13 11:25:00
5922,25,Call Center,Service,working,2025-06-20 19:33:00
5923,26,QR Code,Sales,closed,2025-01-18 11:22:00
5924,6,Web,Service,closed,2025-12-06 18:25:00
5925,1,Web,Sales,closed,2025-12-05 19:06:00
5926,5,QR Code,Service,working,2025-01-18 13:25:00
5927,26,Call Center,Sales,new,2025-02-23 16:34:00
5928,39,Web,F&I,closed,2025-09-07 13:12:00
5929,38,QR Code,Sales,closed,2025-11-04 16:53:00
5930,5,QR Code,Sales,closed,2025-02-23 16:28:00
5931,29,Web,Sales,working,2025-09-18 12:57:00
5932,51,QR Code,Sales,closed,2025-06-25 16:42:00
5933,15,Web,Service,working,2025-03-27 09:04:00
5934,21,Web,Sales,working,2025-08-07 08:58:00
5935,53,Call Center,Sales,closed,2025-07-08 10:01:00
5936,50,QR Code,F&I,new,2025-05-23 14:43:00
5937,22,Call Center,Sales,new,2025-10-03 19:51:00
5938,11,QR Code,Sales,new,2025-09-14 14:27:00
5939,6,QR Code,Sales,new,2025-01-18 16:59:00
5940,27,Web,Sales,closed,2025-02-16 19:32:00
5941,51,Web,Service,closed,2025-05-12 17:57:00
5942,4,Call Center,Sales,closed,2025-02-13 09:23:00
5943,24,Web,Sales,closed,2025-04-14 10:30:00
5944,25,Web,Sales,new,2025-03-27 11:33:00
5945,8,Web,Service,working,2025-08-13 12:25:00
5946,32,Call Center,Sales,new,2025-06-15 09:59:00
5947,18,Web,Sales,new,2025-11-03 15:18:00
5948,48,QR Code,Sales,closed,2025-07-29 17:35:00
5949,42,Web,Sales,new,2025-03-08 10:51:00
5950,24,QR Code,Service,new,2025-07-02 09:09:00
5951,38,Web,Sales,new,2025-10-29 13:36:00
5952,40,Web,Sales,closed,2025-05-29 17:36:00
5953,43,Call Center,Service,new,2025-09-01 11:53:00
5954,28,Web,F&I,new,2025-01-12 10:58:00
5955,23,Call Center,Sales,new,2025-03-15 16:18:00
5956,21,Call Center,Sales,working,2025-06-03 19:27:00
5957,34,Call Center,Sales,closed,2025-07-16 08:47:00
5958,52,Web,Service,working,2025-05-17 09:01:00
5959,45,Web,Service,new,2025-11-27 15:00:00
5960,17,QR Code,Service,new,2025-12-14 19:15:00
5961,43,Web,Sales,working,2025-12-04 18:08:00
5962,30,Call Center,Sales,new,2025-05-08 16:10:00
5963,26,Call Center,Sales,working,2025-03-24 11:19:00
5964,58,Web,Sales,working,2025-07-30 08:15:00
5965,32,Call Center,Service,new,2025-02-23 19:59:00
5966,58,Web,Sales,closed,2025-05-04 14:44:00
5967,34,Web,Sales,working,2025-12-10 10:54:00
5968,54,Web,F&I,closed,2025-05-31 10:31:00
5969,18,Call Center,Service,new,2025-03-12 09:27:00
5970,19,QR Code,Sales,closed,2025-04-03 11:42:00
5971,46,Web,Sales,new,2025-04-20 09:58:00
5972,28,Call Center,F&I,closed,2025-04-22 14:20:00
5973,23,Call Center,Sales,working,2025-09-18 13:19:00
5974,41,QR Code,Sales,new,2025-07-18 13:43:00
5975,36,Web,Sales,new,2025-10-19 18:15:00
5976,49,Web,F&I,new,2025-09-19 12:42:00
5977,45,Web,Service,new,2025-11-25 17:33:00
5978,13,QR Code,Sales,new,2025-07-29 17:01:00
5979,50,Web,Service,new,2025-06-30 15:59:00
5980,49,Web,F&I,new,2025-11-07 13:35:00
5981,9,Web,F&I,new,2025-10-31 19:11:00
5982,33,QR Code,Sales,working,2025-04-20 10:41:00
5983,12,Web,Sales,closed,2025-01-31 09:49:00
5984,36,QR Code,F&I,new,2025-03-06 17:52:00
5985,46,Call Center,Sales,new,2025-08-18 19:08:00
5986,12,QR Code,Sales,closed,2025-09-12 15:50:00
5987,16,Call Center,F&I,closed,2025-01-19 17:36:00
5988,41,Web,Sales,working,2025-02-01 11:56:00
5989,5,QR Code,Sales,closed,2025-09-26 15:55:00
5990,19,QR Code,Sales,closed,2025-07-05 09:14:00
5991,10,Web,F&I,new,2025-07-03 17:37:00
5992,60,Web,Service,working,2025-06-25 14:16:00
5993,31,QR Code,Sales,closed,2025-02-26 14:44:00
5994,60,QR Code,Sales,closed,2025-04-30 08:49:00
5995,17,QR Code,F&I,working,2025-06-27 13:34:00
5996,44,Call Center,Sales,new,2025-01-03 14:48:00
5997,57,QR Code,Service,new,2025-03-04 14:28:00
5998,36,Call Center,Sales,closed,2025-04-09 12:18:00
5999,11,Web,F&I,working,2025-06-19 12:11:00
6000,30,Web,Sales,working,2025-05-03 17:54:00
